# Blender 5.0.1
# www.blender.org
mtllib pumpkinteatable.mtl
o Cube
v 4.116452 2.307173 0.378096
v 3.946677 1.279987 0.165205
v 4.776147 2.307173 1.037791
v 4.627256 1.279987 0.845784
v 3.456756 2.307173 1.037791
v 3.243865 1.279987 0.868017
v 4.116452 2.307173 1.697487
v 3.924444 1.279987 1.548596
v 3.473667 1.246634 1.332133
v 3.478114 1.246634 0.399453
v 4.089167 1.848415 0.221396
v 4.089167 1.848415 1.799617
v 4.878277 1.848415 1.010506
v 3.300056 1.848415 1.010506
v 4.511007 2.398683 1.432347
v 4.511007 2.398683 0.643236
v 4.388561 1.246634 1.309901
v 3.721897 2.398683 1.432347
v 3.721897 2.398683 0.643236
v 4.410794 1.246634 0.395007
v 4.116452 2.607351 1.037791
v 4.631273 1.848415 1.552613
v 3.547060 1.848415 1.552613
v 3.634161 0.195325 1.013993
v 4.631273 1.848415 0.468400
v 3.547060 1.848415 0.468400
v 3.223838 0.656553 0.779592
v 3.437381 0.618883 1.194602
v 3.777887 0.772128 1.384225
v 3.858253 0.656553 0.145177
v 3.435360 0.618882 0.356700
v 4.183676 0.865214 1.105016
v 4.462885 0.772128 0.699227
v 4.273263 0.618882 0.358721
v 4.231576 1.403268 1.869184
v 4.005415 0.177699 1.491916
v 4.100305 0.424777 1.654296
v 4.092653 0.195325 0.555501
v 3.853269 0.113227 0.774608
v 4.705836 1.769132 2.273066
v 4.732957 0.424777 1.021644
v 4.570576 0.177699 0.926755
v 4.342592 0.055960 1.263931
v 4.558033 1.448786 1.479372
v 4.947845 1.403268 1.152915
v 5.208790 0.939312 1.455361
v 4.534022 0.939311 2.130130
v 4.537523 0.713013 2.045083
v 5.077184 0.690227 2.718019
v 5.123743 0.713013 1.458862
v 4.799854 0.596523 1.721194
v 5.070664 1.812328 1.992004
v 5.351727 1.769132 1.627176
v 5.687666 1.305154 2.015291
v 5.093952 1.305154 2.609006
v 4.798920 0.988445 2.366957
v 5.523211 1.335407 2.444550
v 5.445618 0.988445 1.720260
v 4.998990 0.872581 1.920330
v 5.400203 0.767279 2.859058
v 5.743798 0.742793 2.665138
v 5.937718 0.767279 2.321542
v 5.796679 0.690227 1.998523
v 5.266933 0.571481 1.623261
v 4.931383 0.487758 1.852722
v 5.520981 0.253386 1.833336
v 4.701921 0.571481 2.188272
v 4.911997 0.253386 2.442320
v 5.282414 0.325794 2.695417
v 5.557568 0.248862 2.478907
v 5.774077 0.325794 2.203753
v 5.152349 0.060250 2.073688
v 3.310234 1.263311 1.114299
v 3.686500 1.263311 1.490564
v 3.699839 1.263311 0.232129
v 3.310790 1.263311 0.621179
v 4.113041 2.121441 0.285527
v 4.030427 1.568454 0.195019
v 4.027648 1.568454 1.705737
v 4.113041 2.121441 1.783235
v 4.861895 2.121441 1.034381
v 4.784397 1.568454 0.948988
v 3.364187 2.121441 1.034381
v 3.273679 1.568454 0.951767
v 4.688712 2.370217 1.214385
v 4.293046 2.370217 1.610052
v 4.293046 2.370217 0.465531
v 4.688712 2.370217 0.861198
v 4.167392 1.263311 1.477781
v 4.556441 1.263311 1.088731
v 3.939858 2.370217 1.610052
v 3.544191 2.370217 1.214385
v 3.544191 2.370217 0.861198
v 3.939858 2.370217 0.465531
v 4.569225 1.263311 0.607839
v 4.192959 1.263311 0.231574
v 3.900614 2.555266 0.821954
v 3.900614 2.555266 1.253629
v 4.332290 2.555266 1.253629
v 4.332290 2.555266 0.821954
v 4.810281 1.848415 1.299945
v 4.618318 2.146903 1.539658
v 4.378605 1.848415 1.731621
v 4.541620 1.549276 1.462960
v 3.799727 1.848415 1.731621
v 3.607764 2.146903 1.539658
v 3.368052 1.848415 1.299945
v 3.515344 1.549276 1.465739
v 3.192449 0.970351 0.786477
v 3.420668 0.931455 0.342008
v 4.234060 0.962247 1.155399
v 3.800020 0.984424 1.400118
v 4.378605 1.848415 0.289392
v 4.618318 2.146903 0.529104
v 4.810281 1.848415 0.721067
v 4.544399 1.549276 0.436684
v 3.368052 1.848415 0.721067
v 3.607764 2.146903 0.529104
v 3.799727 1.848415 0.289392
v 3.515900 1.549276 0.437239
v 3.293553 0.637718 1.005613
v 3.594343 0.649974 1.314417
v 3.634960 0.637718 0.203498
v 3.282159 0.637718 0.556300
v 3.971160 0.872150 1.279726
v 4.358387 0.872150 0.892500
v 4.393077 0.649974 0.515683
v 4.084273 0.637718 0.214892
v 4.378953 0.340600 0.575058
v 4.604676 0.538757 0.843684
v 3.922344 0.538757 1.526016
v 3.653718 0.340600 1.300293
v 4.298060 0.931455 0.331700
v 3.865137 0.970351 0.113789
v 3.410361 0.931455 1.219400
v 4.478778 0.984424 0.721360
v 3.774842 0.143997 1.208242
v 4.061644 0.293239 1.607687
v 3.995794 0.137799 0.646280
v 3.724940 0.137799 0.917134
v 4.315987 1.085452 1.237327
v 4.323152 0.403427 1.798548
v 4.686347 0.293239 0.982984
v 4.286902 0.143997 0.696181
v 4.100909 0.002307 1.022249
v 4.488585 0.089484 1.109021
v 3.997598 1.034933 1.595196
v 4.187681 0.089484 1.409925
v 4.294149 0.614162 1.853755
v 3.971525 0.372708 0.341358
v 3.602705 0.333469 0.524044
v 3.420018 0.372708 0.892865
v 4.331165 1.461009 1.688827
v 4.767488 1.461009 1.252505
v 5.108327 1.187436 1.284547
v 4.363208 1.187436 2.029666
v 4.554042 0.794389 2.131092
v 4.816807 1.731067 1.738147
v 4.481663 1.681243 2.123358
v 5.209753 0.794390 1.475381
v 4.977159 0.635414 1.551584
v 5.463607 1.205892 1.701998
v 4.630245 0.635414 1.898498
v 5.202019 1.681243 1.403002
v 4.932416 0.614162 1.215489
v 4.877208 0.403427 1.244492
v 4.673856 1.034933 0.918938
v 4.586161 0.295640 1.507500
v 4.845178 1.819571 2.182435
v 5.261095 1.819571 1.766517
v 5.512706 1.615832 1.792284
v 4.870944 1.615832 2.434046
v 4.955157 1.118007 2.548978
v 5.336380 1.346456 2.584002
v 5.662662 1.346456 2.257719
v 5.627638 1.118008 1.876496
v 5.193130 0.911967 1.751397
v 5.684692 0.850188 1.885819
v 4.830058 0.911967 2.114470
v 5.312648 1.641061 2.233987
v 5.304721 0.941362 1.618770
v 4.780659 1.205892 2.384946
v 4.945515 0.814250 1.866854
v 4.697431 0.941362 2.226060
v 5.230449 0.733871 2.823095
v 5.576523 0.757823 2.796778
v 5.875439 0.757823 2.497862
v 5.901755 0.733871 2.151788
v 5.885752 0.504917 2.277351
v 5.697647 0.477911 2.618986
v 5.346714 0.770932 1.648923
v 5.702512 0.485004 1.910228
v 5.677722 1.028376 2.599061
v 5.864023 1.041922 2.242230
v 4.964480 0.850188 2.606031
v 5.320890 1.041922 2.785363
v 5.116722 0.523186 1.685219
v 5.366629 0.407011 1.673282
v 4.763880 0.523186 2.038061
v 5.114452 0.249658 2.599619
v 5.395473 0.273942 2.618795
v 5.697456 0.273942 2.316812
v 5.678280 0.249658 2.035791
v 5.334039 0.107318 1.905212
v 5.357563 0.085448 2.278903
v 4.983873 0.107318 2.255378
v 4.997507 0.222813 1.918846
v 4.751943 0.407011 2.287968
v 4.988889 0.485004 2.623851
v 5.356012 0.504917 2.807091
v 4.962707 0.739002 1.884046
v 4.727584 0.770932 2.268053
v 4.116452 2.509792 0.622222
v 3.700883 2.509792 1.037791
v 4.116452 2.509792 1.453361
v 4.532021 2.509792 1.037791
v 4.716316 1.558865 1.221965
v 4.793947 2.135514 1.299718
v 4.378378 2.135514 1.715287
v 4.300626 1.558865 1.637656
v 3.755296 1.558865 1.639254
v 3.847704 2.135514 1.715287
v 3.432135 2.135514 1.299718
v 3.341204 1.558865 1.225161
v 3.594950 0.953128 1.356878
v 4.097402 0.950903 0.179475
v 3.258031 0.950903 0.553232
v 4.022221 0.978930 1.321891
v 4.303822 1.558865 0.262543
v 4.378378 2.135514 0.353475
v 4.793947 2.135514 0.769044
v 4.717914 1.558865 0.676636
v 3.341273 1.558865 0.678304
v 3.432135 2.135514 0.769044
v 3.847704 2.135514 0.353475
v 3.756964 1.558865 0.262613
v 3.776667 0.351668 0.388996
v 4.944659 0.480845 1.245913
v 4.490565 0.386553 0.703418
v 3.782078 0.386553 1.411904
v 4.400551 0.978930 0.943561
v 3.631893 0.950903 0.179370
v 4.435538 0.953128 0.516290
v 3.258135 0.950903 1.018742
v 3.958861 0.034718 1.155990
v 4.234651 0.034718 0.880201
v 4.100947 1.095549 1.431807
v 4.324574 0.480845 1.865998
v 3.505681 0.352660 1.109563
v 4.188224 0.352660 0.427021
v 4.124665 0.830871 1.747672
v 3.467656 0.351668 0.698007
v 4.615241 1.468929 2.286626
v 5.431449 1.039984 1.679426
v 4.584866 1.742290 1.949335
v 5.365287 1.468929 1.536581
v 4.826332 0.830872 1.046004
v 4.424918 0.331561 1.671162
v 4.510468 1.095550 1.022286
v 4.749823 0.331561 1.346257
v 5.100730 1.651888 2.396188
v 5.809525 1.042258 2.428351
v 4.792723 0.769581 2.073647
v 5.474849 1.651888 2.022069
v 5.027996 1.742290 1.506205
v 4.773820 0.855157 2.053023
v 5.131684 0.855157 1.695159
v 4.758087 1.039984 2.352788
v 5.175629 0.470159 2.755884
v 5.829385 0.494159 2.452276
v 5.140883 0.978520 2.734380
v 5.813040 0.978520 2.062223
v 5.507012 1.042258 2.730864
v 5.536444 0.631239 1.739610
v 5.184269 0.269753 1.748015
v 5.521293 0.124150 2.115444
v 5.194105 0.124150 2.442632
v 4.826676 0.269753 2.105608
v 5.834545 0.470160 2.096968
v 5.152308 0.769581 1.714062
v 5.530937 0.494159 2.750725
v 4.818271 0.631239 2.457783
vn 0.0018 0.5847 -0.8113
vn -0.0027 0.1254 -0.9921
vn 0.8204 0.5718 0.0019
vn 0.8794 -0.4757 0.0187
vn -0.8113 0.5847 0.0018
vn -0.9921 0.1254 -0.0027
vn 0.0019 0.5718 0.8204
vn 0.0187 -0.4757 0.8794
vn -0.6959 -0.1582 0.7005
vn -0.6894 0.2221 -0.6894
vn 0.0102 0.1555 -0.9878
vn 0.0070 -0.1258 0.9920
vn 0.9920 -0.1258 0.0070
vn -0.9878 0.1555 0.0102
vn 0.5031 0.7027 0.5031
vn 0.5001 0.7077 -0.4990
vn 0.5693 -0.5931 0.5693
vn -0.4990 0.7077 0.5001
vn -0.4960 0.7127 -0.4960
vn 0.7005 -0.1582 -0.6959
vn -0.0000 1.0000 -0.0000
vn 0.6969 -0.1689 0.6969
vn -0.7008 0.0171 0.7131
vn -0.6071 -0.7873 0.1075
vn 0.7131 0.0171 -0.7008
vn -0.6909 0.2129 -0.6909
vn -0.9468 -0.3218 0.0060
vn -0.7115 -0.2162 0.6686
vn -0.4652 0.0593 0.8832
vn 0.0060 -0.3218 -0.9468
vn -0.6557 -0.3744 -0.6557
vn 0.3959 0.8286 0.3959
vn 0.8832 0.0593 -0.4652
vn 0.6686 -0.2162 -0.7115
vn -0.8618 0.4284 0.2715
vn -0.3688 -0.6853 0.6280
vn -0.6442 -0.0945 0.7590
vn 0.1075 -0.7873 -0.6071
vn -0.2945 -0.9092 -0.2945
vn -0.3998 0.7188 0.5687
vn 0.7590 -0.0945 -0.6442
vn 0.6280 -0.6853 -0.3688
vn 0.2581 -0.9310 0.2581
vn -0.4745 0.7415 -0.4745
vn 0.2715 0.4284 -0.8618
vn 0.7358 -0.1072 -0.6687
vn -0.6687 -0.1072 0.7358
vn 0.2956 -0.7113 0.6378
vn -0.6227 -0.0152 0.7823
vn 0.6378 -0.7113 0.2956
vn 0.5040 -0.7014 0.5040
vn 0.0995 0.9900 0.0995
vn 0.5687 0.7188 -0.3998
vn 0.8937 0.3577 -0.2709
vn -0.2709 0.3577 0.8937
vn -0.7816 -0.1635 0.6019
vn 0.5443 0.6384 0.5443
vn 0.6019 -0.1635 -0.7816
vn -0.4465 -0.7754 -0.4465
vn 0.0647 0.0462 0.9968
vn 0.7069 0.0265 0.7069
vn 0.9968 0.0462 0.0647
vn 0.7823 -0.0152 -0.6227
vn -0.0451 -0.0359 -0.9983
vn -0.7032 -0.1043 -0.7033
vn 0.4969 -0.5613 -0.6618
vn -0.9983 -0.0359 -0.0451
vn -0.6618 -0.5613 0.4969
vn -0.0026 -0.6293 0.7771
vn 0.4496 -0.7719 0.4496
vn 0.7771 -0.6293 -0.0026
vn -0.1932 -0.9620 -0.1932
vn -0.9014 -0.0219 0.4325
vn -0.3800 -0.3167 0.8691
vn -0.4389 0.2093 -0.8738
vn -0.8738 0.2093 -0.4389
vn 0.0063 0.3463 -0.9381
vn 0.0062 0.0858 -0.9963
vn 0.0031 -0.3965 0.9181
vn 0.0065 0.2524 0.9676
vn 0.9676 0.2524 0.0065
vn 0.9181 -0.3965 0.0031
vn -0.9381 0.3463 0.0063
vn -0.9963 0.0858 0.0062
vn 0.6916 0.6702 0.2693
vn 0.2693 0.6702 0.6916
vn 0.2659 0.6778 -0.6855
vn 0.6896 0.6734 -0.2665
vn 0.3432 -0.5659 0.7496
vn 0.7496 -0.5659 0.3432
vn -0.2665 0.6734 0.6896
vn -0.6855 0.6778 0.2659
vn -0.6836 0.6809 -0.2630
vn -0.2630 0.6809 -0.6836
vn 0.8691 -0.3167 -0.3800
vn 0.4325 -0.0219 -0.9014
vn -0.2455 0.9378 -0.2455
vn -0.2455 0.9378 0.2455
vn 0.2455 0.9378 0.2455
vn 0.2455 0.9378 -0.2455
vn 0.8963 -0.1627 0.4126
vn 0.6767 0.2899 0.6767
vn 0.4126 -0.1627 0.8963
vn 0.6179 -0.4862 0.6179
vn -0.4069 -0.0542 0.9119
vn -0.6589 0.3491 0.6663
vn -0.9019 0.0837 0.4239
vn -0.6926 -0.1706 0.7009
vn -0.9990 0.0409 -0.0173
vn -0.7045 0.0866 -0.7045
vn 0.5754 -0.5813 0.5754
vn 0.0580 -0.3391 0.9390
vn 0.4239 0.0837 -0.9019
vn 0.6663 0.3491 -0.6589
vn 0.9119 -0.0542 -0.4069
vn 0.7009 -0.1706 -0.6926
vn -0.8918 0.2021 -0.4048
vn -0.6460 0.4067 -0.6460
vn -0.4048 0.2021 -0.8918
vn -0.6968 0.1699 -0.6968
vn -0.8672 -0.2906 0.4043
vn -0.5307 -0.0855 0.8433
vn -0.3946 -0.3536 -0.8481
vn -0.8481 -0.3536 -0.3946
vn -0.2247 0.6211 0.7508
vn 0.7508 0.6211 -0.2247
vn 0.8433 -0.0855 -0.5307
vn 0.4043 -0.2906 -0.8672
vn 0.6482 -0.4112 -0.6409
vn 0.7809 -0.0337 -0.6238
vn -0.6238 -0.0337 0.7809
vn -0.6409 -0.4112 0.6482
vn 0.6943 -0.1069 -0.7117
vn -0.0173 0.0409 -0.9990
vn -0.7117 -0.1069 0.6943
vn 0.9390 -0.3391 0.0580
vn -0.5269 -0.7790 0.3400
vn -0.4857 -0.3796 0.7874
vn -0.0914 -0.8802 -0.4656
vn -0.4656 -0.8802 -0.0914
vn -0.5232 0.6727 -0.5232
vn 0.0152 -0.7138 0.7002
vn 0.7874 -0.3796 -0.4857
vn 0.3400 -0.7790 -0.5269
vn -0.0491 -0.9976 -0.0491
vn 0.4571 -0.8893 0.0170
vn -0.8785 0.4077 0.2491
vn 0.0170 -0.8893 0.4571
vn -0.6690 -0.1130 0.7346
vn 0.0662 -0.6493 -0.7577
vn -0.4669 -0.7510 -0.4669
vn -0.7577 -0.6493 0.0662
vn -0.5851 0.7285 -0.3562
vn -0.3562 0.7285 -0.5851
vn 0.7067 -0.0515 -0.7056
vn -0.7056 -0.0515 0.7067
vn -0.1898 -0.5494 0.8137
vn -0.2984 0.9066 -0.2984
vn -0.7133 0.5857 0.3850
vn 0.8137 -0.5494 -0.1898
vn 0.5889 -0.7033 0.3981
vn 0.7794 0.0007 -0.6265
vn 0.3981 -0.7033 0.5889
vn 0.3850 0.5857 -0.7133
vn 0.7346 -0.1130 -0.6690
vn 0.7002 -0.7138 0.0152
vn 0.2491 0.4077 -0.8785
vn 0.4477 -0.7740 0.4477
vn -0.0325 0.9724 0.2310
vn 0.2310 0.9724 -0.0325
vn 0.8490 0.4472 -0.2814
vn -0.2814 0.4472 0.8490
vn -0.6477 0.1276 0.7511
vn 0.2928 0.6128 0.7340
vn 0.7340 0.6128 0.2928
vn 0.7511 0.1276 -0.6477
vn 0.0365 -0.6954 -0.7177
vn 0.6890 0.0762 -0.7207
vn -0.7177 -0.6954 0.0365
vn 0.4261 0.7980 0.4261
vn 0.4961 -0.8200 0.2855
vn -0.6265 0.0007 0.7794
vn 0.4689 -0.7485 0.4689
vn 0.2855 -0.8200 0.4961
vn -0.3878 -0.0000 0.9217
vn 0.4797 0.0424 0.8764
vn 0.8764 0.0424 0.4797
vn 0.9217 -0.0000 -0.3878
vn 0.9276 -0.3708 0.0443
vn 0.6278 -0.4602 0.6278
vn 0.0975 0.1893 -0.9771
vn 0.7224 -0.2036 -0.6608
vn 0.6331 0.4454 0.6331
vn 0.9277 0.3673 -0.0671
vn -0.7207 0.0762 0.6890
vn -0.0671 0.3673 0.9277
vn -0.4902 -0.0864 -0.8673
vn 0.2382 -0.3337 -0.9121
vn -0.8673 -0.0864 -0.4902
vn -0.3149 -0.6503 0.6913
vn 0.2431 -0.7414 0.6254
vn 0.6254 -0.7414 0.2431
vn 0.6913 -0.6503 -0.3149
vn 0.1131 -0.8722 -0.4758
vn 0.2046 -0.9572 0.2046
vn -0.4758 -0.8722 0.1131
vn -0.5590 -0.6124 -0.5590
vn -0.9121 -0.3337 0.2382
vn -0.6608 -0.2036 0.7224
vn 0.0443 -0.3708 0.9276
vn -0.6823 0.2625 -0.6823
vn -0.9771 0.1893 0.0975
vn -0.0000 0.8892 -0.4576
vn -0.4576 0.8892 -0.0000
vn -0.0000 0.8892 0.4576
vn 0.4576 0.8892 -0.0000
vn 0.8078 -0.4651 0.3621
vn 0.8715 0.2667 0.4115
vn 0.4115 0.2667 0.8715
vn 0.3621 -0.4651 0.8078
vn -0.3888 -0.2873 0.8754
vn -0.3978 0.3033 0.8659
vn -0.8477 0.3472 0.4011
vn -0.9040 -0.0464 0.4250
vn -0.4275 -0.1762 0.8867
vn 0.4247 -0.0439 -0.9043
vn -0.8884 0.0826 -0.4515
vn 0.4097 -0.5066 0.7586
vn 0.4250 -0.0464 -0.9040
vn 0.4011 0.3472 -0.8477
vn 0.8659 0.3033 -0.3978
vn 0.8754 -0.2873 -0.3888
vn -0.8932 0.1596 -0.4204
vn -0.8392 0.3827 -0.3863
vn -0.3863 0.3827 -0.8392
vn -0.4204 0.1596 -0.8932
vn -0.2447 -0.7225 -0.6466
vn 0.8267 -0.4646 -0.3173
vn 0.7911 -0.1742 -0.5863
vn -0.5863 -0.1742 0.7911
vn 0.7586 -0.5066 0.4097
vn -0.4515 0.0826 -0.8884
vn 0.8867 -0.1762 -0.4275
vn -0.9043 -0.0439 0.4247
vn -0.2674 -0.9472 0.1767
vn 0.1767 -0.9472 -0.2674
vn -0.5987 0.6801 -0.4231
vn -0.3173 -0.4646 0.8267
vn -0.7345 -0.5499 0.3977
vn 0.3977 -0.5499 -0.7345
vn -0.6999 -0.0664 0.7112
vn -0.6466 -0.7225 -0.2447
vn -0.6355 0.0495 0.7705
vn 0.7381 -0.1787 -0.6506
vn -0.4099 0.8905 -0.1974
vn 0.7705 0.0495 -0.6355
vn 0.7112 -0.0664 -0.6999
vn 0.2585 -0.7674 0.5868
vn -0.4231 0.6801 -0.5987
vn 0.5868 -0.7674 0.2585
vn 0.2163 0.7490 0.6263
vn 0.7970 0.4483 0.4047
vn -0.8145 0.2858 -0.5048
vn 0.6263 0.7490 0.2163
vn -0.1974 0.8905 -0.4099
vn 0.3566 -0.7735 0.5240
vn 0.5240 -0.7735 0.3566
vn -0.6506 -0.1787 0.7381
vn -0.3847 -0.3142 0.8679
vn 0.8039 -0.4305 0.4104
vn -0.5173 0.1803 0.8366
vn 0.8366 0.1803 -0.5173
vn 0.4047 0.4483 0.7970
vn 0.5720 -0.0437 -0.8191
vn -0.2501 -0.5636 -0.7873
vn 0.4324 -0.8997 -0.0601
vn -0.0601 -0.8997 0.4324
vn -0.7873 -0.5636 -0.2501
vn 0.8679 -0.3142 -0.3847
vn -0.5048 0.2858 -0.8145
vn 0.4104 -0.4305 0.8039
vn -0.8191 -0.0437 0.5720
vt 0.917100 0.345206
vt 0.914698 0.337177
vt 0.926013 0.336581
vt 0.925646 0.347151
vt 0.912925 0.325330
vt 0.925095 0.324021
vt 0.938061 0.323116
vt 0.938476 0.336211
vt 0.937387 0.347613
vt 0.912729 0.313642
vt 0.923946 0.311862
vt 0.913818 0.305967
vt 0.921921 0.302607
vt 0.933461 0.300675
vt 0.936329 0.310534
vt 0.947643 0.310612
vt 0.949710 0.322724
vt 0.944483 0.301418
vt 0.960516 0.477475
vt 0.954830 0.487469
vt 0.949455 0.483878
vt 0.951258 0.475700
vt 0.962677 0.465046
vt 0.952448 0.463778
vt 0.949710 0.335331
vt 0.948209 0.345961
vt 0.961649 0.452732
vt 0.952336 0.452142
vt 0.956871 0.442881
vt 0.951253 0.444599
vt 0.897368 0.620751
vt 0.896041 0.607072
vt 0.906005 0.602479
vt 0.906537 0.617117
vt 0.895458 0.596097
vt 0.905913 0.590862
vt 0.918752 0.589121
vt 0.918355 0.601162
vt 0.918089 0.616292
vt 0.932622 0.440485
vt 0.943163 0.441654
vt 0.940993 0.450875
vt 0.929593 0.450339
vt 0.940135 0.463018
vt 0.928159 0.462929
vt 0.939861 0.475618
vt 0.928416 0.476042
vt 0.941122 0.486242
vt 0.930471 0.487469
vt 0.930888 0.602479
vt 0.929825 0.617117
vt 0.931753 0.590862
vt 0.942693 0.596097
vt 0.941339 0.607072
vt 0.939437 0.620751
vt 0.493845 0.190957
vt 0.480012 0.195479
vt 0.482773 0.185855
vt 0.496598 0.182638
vt 0.467331 0.197034
vt 0.469826 0.186776
vt 0.472999 0.174287
vt 0.486209 0.173991
vt 0.500018 0.172069
vt 0.456104 0.194332
vt 0.457860 0.184613
vt 0.449171 0.189925
vt 0.448488 0.181639
vt 0.450251 0.169875
vt 0.460452 0.172465
vt 0.464085 0.160492
vt 0.476293 0.161720
vt 0.454416 0.158673
vt 0.459054 0.151633
vt 0.467322 0.150865
vt 0.479153 0.151230
vt 0.488977 0.161819
vt 0.502234 0.160798
vt 0.491307 0.151715
vt 0.504040 0.151453
vt 0.511049 0.179372
vt 0.508039 0.186162
vt 0.514312 0.170279
vt 0.527166 0.173635
vt 0.523848 0.181318
vt 0.517031 0.187315
vt 0.376468 0.008772
vt 0.378519 0.017367
vt 0.364527 0.016469
vt 0.362728 0.008225
vt 0.380827 0.028369
vt 0.366495 0.026699
vt 0.353610 0.030160
vt 0.351776 0.020505
vt 0.349990 0.012297
vt 0.262493 0.739595
vt 0.271149 0.739648
vt 0.270437 0.752042
vt 0.262188 0.751823
vt 0.282485 0.740452
vt 0.281335 0.752977
vt 0.280697 0.766167
vt 0.270416 0.765267
vt 0.262668 0.765076
vt 0.929269 0.631651
vt 0.917863 0.631015
vt 0.938429 0.634911
vt 0.938236 0.641348
vt 0.929426 0.636640
vt 0.917781 0.635927
vt 0.389244 0.008897
vt 0.391853 0.018148
vt 0.401412 0.008361
vt 0.404571 0.017937
vt 0.407981 0.030158
vt 0.394728 0.030002
vt 0.413168 0.008225
vt 0.416670 0.017040
vt 0.421308 0.009385
vt 0.426067 0.016060
vt 0.430301 0.027060
vt 0.420405 0.028709
vt 0.422941 0.041048
vt 0.411085 0.042876
vt 0.432038 0.038918
vt 0.431264 0.047496
vt 0.424469 0.051487
vt 0.413322 0.053949
vt 0.398102 0.042071
vt 0.384197 0.039105
vt 0.400623 0.052455
vt 0.386739 0.048090
vt 0.261971 0.728121
vt 0.271365 0.727768
vt 0.261971 0.716871
vt 0.271820 0.716052
vt 0.284395 0.716102
vt 0.283467 0.728239
vt 0.264124 0.706001
vt 0.273372 0.704699
vt 0.908513 0.304374
vt 0.903892 0.314514
vt 0.903236 0.326914
vt 0.285528 0.704307
vt 0.298081 0.705554
vt 0.297486 0.716940
vt 0.905960 0.339233
vt 0.298762 0.696843
vt 0.306775 0.700221
vt 0.308649 0.707542
vt 0.308890 0.718495
vt 0.296081 0.728623
vt 0.294281 0.740449
vt 0.306965 0.729678
vt 0.304280 0.741040
vt 0.291393 0.765993
vt 0.290562 0.779628
vt 0.281196 0.779860
vt 0.300389 0.766382
vt 0.298338 0.779789
vt 0.296329 0.788885
vt 0.290593 0.791058
vt 0.282433 0.791728
vt 0.341519 0.060618
vt 0.347670 0.064195
vt 0.359272 0.077333
vt 0.355446 0.076365
vt 0.353714 0.065275
vt 0.364445 0.074665
vt 0.381725 0.086102
vt 0.375912 0.088267
vt 0.795913 0.629107
vt 0.794015 0.625459
vt 0.793029 0.605591
vt 0.795060 0.610137
vt 0.356894 0.037960
vt 0.348076 0.049219
vt 0.344420 0.042704
vt 0.363569 0.044404
vt 0.356171 0.055086
vt 0.532597 0.192345
vt 0.524466 0.198098
vt 0.536266 0.185877
vt 0.539014 0.203291
vt 0.532935 0.207087
vt 0.526891 0.208170
vt 0.906623 0.631651
vt 0.897800 0.634911
vt 0.906247 0.636640
vt 0.897234 0.641348
vt 0.292666 0.752811
vt 0.302184 0.753206
vt 0.369714 0.035938
vt 0.372532 0.043335
vt 0.516197 0.159806
vt 0.517768 0.150865
vt 0.530495 0.154887
vt 0.528924 0.163752
vt 0.827419 0.669365
vt 0.821695 0.671010
vt 0.821120 0.662523
vt 0.828553 0.662787
vt 0.813556 0.671986
vt 0.812793 0.663173
vt 0.812370 0.650348
vt 0.821452 0.649684
vt 0.829646 0.649753
vt 0.805482 0.671010
vt 0.804612 0.662523
vt 0.799974 0.669365
vt 0.797902 0.662788
vt 0.795816 0.649753
vt 0.803440 0.649684
vt 0.583314 0.860924
vt 0.571674 0.861585
vt 0.570703 0.850605
vt 0.582990 0.850496
vt 0.562990 0.865176
vt 0.563058 0.849464
vt 0.561433 0.830126
vt 0.569448 0.831906
vt 0.582536 0.831937
vt 0.521335 0.220221
vt 0.516168 0.217577
vt 0.831469 0.642674
vt 0.829078 0.629107
vt 0.831132 0.625459
vt 0.830150 0.610137
vt 0.832279 0.605591
vt 0.504733 0.231265
vt 0.498927 0.229128
vt 0.538344 0.175895
vt 0.539894 0.166838
vt 0.544739 0.178403
vt 0.544293 0.188696
vt 0.342268 0.032939
vt 0.340534 0.024441
vt 0.336148 0.046291
vt 0.335610 0.036268
vt 0.509286 0.207312
vt 0.503027 0.197020
vt 0.490718 0.218657
vt 0.484072 0.207873
vt 0.272189 0.778992
vt 0.265547 0.778654
vt 0.274489 0.790501
vt 0.269068 0.787942
vt 0.475349 0.230444
vt 0.468884 0.219560
vt 0.484224 0.240856
vt 0.476199 0.255351
vt 0.466390 0.240528
vt 0.462538 0.229439
vt 0.792522 0.589121
vt 0.794509 0.596123
vt 0.396437 0.097812
vt 0.389213 0.097973
vt 0.404369 0.112612
vt 0.395372 0.108532
vt 0.383625 0.093800
vt 0.387463 0.100183
vt 0.569128 0.813559
vt 0.582422 0.813487
vt 0.561190 0.812107
vt 0.563733 0.800362
vt 0.570500 0.798506
vt 0.582992 0.797951
vt 0.389980 0.075471
vt 0.405352 0.087256
vt 0.396549 0.064906
vt 0.411741 0.076593
vt 0.418004 0.086739
vt 0.414182 0.097752
vt 0.371367 0.064257
vt 0.377557 0.054165
vt 0.822105 0.631587
vt 0.812312 0.632581
vt 0.812441 0.614631
vt 0.822893 0.613434
vt 0.603861 0.866327
vt 0.594778 0.862236
vt 0.595137 0.851293
vt 0.603407 0.850601
vt 0.595481 0.832640
vt 0.604170 0.831330
vt 0.802657 0.631587
vt 0.802127 0.613434
vt 0.873856 0.831995
vt 0.886281 0.830558
vt 0.884641 0.842688
vt 0.873441 0.844363
vt 0.893444 0.831535
vt 0.893198 0.841351
vt 0.892130 0.858215
vt 0.883499 0.859648
vt 0.873728 0.861219
vt 0.856806 0.860334
vt 0.864086 0.860813
vt 0.865314 0.876348
vt 0.858463 0.875239
vt 0.874281 0.876807
vt 0.875155 0.889475
vt 0.866284 0.889004
vt 0.859411 0.887717
vt 0.448488 0.947421
vt 0.456041 0.949439
vt 0.455737 0.954975
vt 0.448496 0.955611
vt 0.466715 0.950928
vt 0.466335 0.956126
vt 0.465893 0.966288
vt 0.455493 0.964925
vt 0.449549 0.963384
vt 0.855015 0.833841
vt 0.861535 0.832043
vt 0.862382 0.844024
vt 0.855015 0.843642
vt 0.595568 0.814304
vt 0.604170 0.813318
vt 0.595316 0.799205
vt 0.602271 0.801448
vt 0.823330 0.600656
vt 0.830860 0.596123
vt 0.812554 0.602065
vt 0.812553 0.598016
vt 0.823470 0.596393
vt 0.831868 0.589166
vt 0.801909 0.600656
vt 0.793158 0.589166
vt 0.801737 0.596393
vt 0.491451 0.241023
vt 0.832828 0.589121
vt 0.496956 0.236597
vt 0.493176 0.243153
vt 0.485304 0.251608
vt 0.494153 0.277176
vt 0.496954 0.271630
vt 0.508701 0.270881
vt 0.505647 0.277166
vt 0.500641 0.264621
vt 0.510435 0.261501
vt 0.521962 0.256405
vt 0.519458 0.266862
vt 0.514417 0.273671
vt 0.145786 0.930663
vt 0.153005 0.928976
vt 0.151633 0.937924
vt 0.144631 0.939708
vt 0.876465 0.898692
vt 0.867601 0.898180
vt 0.160487 0.938470
vt 0.158994 0.950979
vt 0.150096 0.949893
vt 0.144646 0.948813
vt 0.488249 0.263860
vt 0.484023 0.269823
vt 0.495759 0.256402
vt 0.392463 0.120691
vt 0.385011 0.113048
vt 0.396532 0.127146
vt 0.386434 0.134415
vt 0.383793 0.128365
vt 0.380157 0.121190
vt 0.883313 0.875268
vt 0.890778 0.873300
vt 0.891392 0.885798
vt 0.884068 0.887936
vt 0.373823 0.106806
vt 0.377218 0.097601
vt 0.370369 0.118054
vt 0.358720 0.113330
vt 0.362648 0.102646
vt 0.368146 0.096794
vt 0.476484 0.964879
vt 0.476897 0.976141
vt 0.466161 0.978041
vt 0.483163 0.963310
vt 0.485058 0.970957
vt 0.355682 0.101821
vt 0.351335 0.112387
vt 0.477677 0.984528
vt 0.467173 0.986447
vt 0.156933 0.974972
vt 0.146756 0.972330
vt 0.148091 0.962582
vt 0.157642 0.964630
vt 0.361189 0.123913
vt 0.354975 0.123773
vt 0.141757 0.956771
vt 0.176159 0.968921
vt 0.167597 0.974569
vt 0.167563 0.964674
vt 0.175314 0.960376
vt 0.168068 0.951824
vt 0.173907 0.951957
vt 0.455623 0.976188
vt 0.448488 0.971036
vt 0.456845 0.984574
vt 0.518008 0.245652
vt 0.524659 0.243851
vt 0.529032 0.254480
vt 0.372052 0.127600
vt 0.374954 0.134368
vt 0.366145 0.130991
vt 0.477641 0.949392
vt 0.477129 0.954928
vt 0.486962 0.947337
vt 0.485330 0.955531
vt 0.885358 0.897115
vt 0.892469 0.894886
vt 0.169395 0.939832
vt 0.176159 0.943095
vt 0.506951 0.250179
vt 0.503401 0.240506
vt 0.512420 0.239535
s 1
usemtl Material
f 1/1/1 94/2/94 213/3/213 87/4/87
f 94/2/94 19/5/19 97/6/97 213/3/213
f 213/3/213 97/6/97 21/7/21 100/8/100
f 87/4/87 213/3/213 100/8/100 16/9/16
f 19/5/19 93/10/93 214/11/214 97/6/97
f 93/10/93 5/12/5 92/13/92 214/11/214
f 214/11/214 92/13/92 18/14/18 98/15/98
f 97/6/97 214/11/214 98/15/98 21/7/21
f 21/7/21 98/15/98 215/16/215 99/17/99
f 98/15/98 18/14/18 91/18/91 215/16/215
f 215/19/215 91/20/91 7/21/7 86/22/86
f 99/23/99 215/19/215 86/22/86 15/24/15
f 16/9/16 100/8/100 216/25/216 88/26/88
f 100/8/100 21/7/21 99/17/99 216/25/216
f 216/27/216 99/23/99 15/24/15 85/28/85
f 88/29/88 216/27/216 85/28/85 3/30/3
f 4/31/4 82/32/82 217/33/217 90/34/90
f 82/32/82 13/35/13 101/36/101 217/33/217
f 217/33/217 101/36/101 22/37/22 104/38/104
f 90/34/90 217/33/217 104/38/104 17/39/17
f 13/40/13 81/41/81 218/42/218 101/43/101
f 81/41/81 3/30/3 85/28/85 218/42/218
f 218/42/218 85/28/85 15/24/15 102/44/102
f 101/43/101 218/42/218 102/44/102 22/45/22
f 22/45/22 102/44/102 219/46/219 103/47/103
f 102/44/102 15/24/15 86/22/86 219/46/219
f 219/46/219 86/22/86 7/21/7 80/48/80
f 103/47/103 219/46/219 80/48/80 12/49/12
f 17/39/17 104/38/104 220/50/220 89/51/89
f 104/38/104 22/37/22 103/52/103 220/50/220
f 220/50/220 103/52/103 12/53/12 79/54/79
f 89/51/89 220/50/220 79/54/79 8/55/8
f 8/56/8 79/57/79 221/58/221 74/59/74
f 79/57/79 12/60/12 105/61/105 221/58/221
f 221/58/221 105/61/105 23/62/23 108/63/108
f 74/59/74 221/58/221 108/63/108 9/64/9
f 12/60/12 80/65/80 222/66/222 105/61/105
f 80/65/80 7/67/7 91/68/91 222/66/222
f 222/66/222 91/68/91 18/69/18 106/70/106
f 105/61/105 222/66/222 106/70/106 23/62/23
f 23/62/23 106/70/106 223/71/223 107/72/107
f 106/70/106 18/69/18 92/73/92 223/71/223
f 223/71/223 92/73/92 5/74/5 83/75/83
f 107/72/107 223/71/223 83/75/83 14/76/14
f 9/64/9 108/63/108 224/77/224 73/78/73
f 108/63/108 23/62/23 107/72/107 224/77/224
f 224/77/224 107/72/107 14/76/14 84/79/84
f 73/78/73 224/77/224 84/79/84 6/80/6
f 8/56/8 74/59/74 225/81/225 112/82/112
f 74/59/74 9/64/9 135/83/135 225/81/225
f 225/81/225 135/83/135 28/84/28 122/85/122
f 112/82/112 225/81/225 122/85/122 29/86/29
f 2/87/2 96/88/96 226/89/226 134/90/134
f 96/88/96 20/91/20 133/92/133 226/89/226
f 226/89/226 133/92/133 34/93/34 128/94/128
f 134/90/134 226/89/226 128/94/128 30/95/30
f 6/96/6 76/97/76 227/98/227 109/99/109
f 76/97/76 10/100/10 110/101/110 227/98/227
f 227/98/227 110/101/110 31/102/31 124/103/124
f 109/99/109 227/98/227 124/103/124 27/104/27
f 17/39/17 89/51/89 228/105/228 111/106/111
f 89/51/89 8/55/8 112/107/112 228/105/228
f 228/105/228 112/107/112 29/108/29 125/109/125
f 111/106/111 228/105/228 125/109/125 32/110/32
f 2/87/2 78/111/78 229/112/229 96/88/96
f 78/111/78 11/113/11 113/114/113 229/112/229
f 229/112/229 113/114/113 25/115/25 116/116/116
f 96/88/96 229/112/229 116/116/116 20/91/20
f 11/113/11 77/117/77 230/118/230 113/114/113
f 77/117/77 1/119/1 87/120/87 230/118/230
f 230/118/230 87/120/87 16/121/16 114/122/114
f 113/114/113 230/118/230 114/122/114 25/115/25
f 25/115/25 114/122/114 231/123/231 115/124/115
f 114/122/114 16/121/16 88/125/88 231/123/231
f 231/123/231 88/125/88 3/126/3 81/127/81
f 115/124/115 231/123/231 81/127/81 13/128/13
f 20/91/20 116/116/116 232/129/232 95/130/95
f 116/116/116 25/115/25 115/124/115 232/129/232
f 232/129/232 115/124/115 13/128/13 82/131/82
f 95/130/95 232/129/232 82/131/82 4/132/4
f 6/96/6 84/133/84 233/134/233 76/97/76
f 84/133/84 14/135/14 117/136/117 233/134/233
f 233/134/233 117/136/117 26/137/26 120/138/120
f 76/97/76 233/134/233 120/138/120 10/100/10
f 14/135/14 83/139/83 234/140/234 117/136/117
f 83/141/83 5/12/5 93/10/93 234/142/234
f 234/142/234 93/10/93 19/5/19 118/143/118
f 117/136/117 234/140/234 118/144/118 26/137/26
f 26/137/26 118/144/118 235/145/235 119/146/119
f 118/143/118 19/5/19 94/2/94 235/147/235
f 235/145/235 94/148/94 1/149/1 77/150/77
f 119/146/119 235/145/235 77/150/77 11/151/11
f 10/100/10 120/138/120 236/152/236 75/153/75
f 120/138/120 26/137/26 119/146/119 236/152/236
f 236/152/236 119/146/119 11/151/11 78/154/78
f 75/153/75 236/152/236 78/154/78 2/155/2
f 31/102/31 123/156/123 237/157/237 151/158/151
f 123/156/123 30/159/30 150/160/150 237/157/237
f 237/157/237 150/160/150 38/161/38 139/162/139
f 151/158/151 237/157/237 139/162/139 39/163/39
f 42/164/42 143/165/143 238/166/238 166/167/166
f 143/165/143 41/168/41 165/169/165 238/166/238
f 238/166/238 165/169/165 46/170/46 160/171/160
f 166/172/166 238/173/238 160/174/160 50/175/50
f 34/93/34 127/176/127 239/177/239 129/178/129
f 127/176/127 33/179/33 130/180/130 239/177/239
f 239/177/239 130/180/130 41/168/41 143/165/143
f 129/178/129 239/177/239 143/165/143 42/164/42
f 29/86/29 122/85/122 240/181/240 131/182/131
f 122/85/122 28/84/28 132/183/132 240/181/240
f 240/181/240 132/183/132 36/184/36 138/185/138
f 131/182/131 240/181/240 138/185/138 37/186/37
f 4/31/4 90/34/90 241/187/241 136/188/136
f 90/34/90 17/39/17 111/106/111 241/187/241
f 241/187/241 111/106/111 32/110/32 126/189/126
f 136/188/136 241/187/241 126/189/126 33/190/33
f 10/100/10 75/153/75 242/191/242 110/101/110
f 75/153/75 2/155/2 134/192/134 242/191/242
f 242/191/242 134/192/134 30/159/30 123/156/123
f 110/101/110 242/191/242 123/156/123 31/102/31
f 20/91/20 95/130/95 243/193/243 133/92/133
f 95/130/95 4/132/4 136/194/136 243/193/243
f 243/193/243 136/194/136 33/179/33 127/176/127
f 133/92/133 243/193/243 127/176/127 34/93/34
f 9/64/9 73/78/73 244/195/244 135/83/135
f 73/78/73 6/80/6 109/196/109 244/195/244
f 244/195/244 109/196/109 27/197/27 121/198/121
f 135/83/135 244/195/244 121/198/121 28/84/28
f 24/199/24 140/200/140 245/201/245 137/202/137
f 140/200/140 39/203/39 145/204/145 245/201/245
f 245/201/245 145/204/145 43/205/43 148/206/148
f 137/202/137 245/201/245 148/206/148 36/207/36
f 39/203/39 139/208/139 246/209/246 145/204/145
f 139/208/139 38/210/38 144/211/144 246/209/246
f 246/209/246 144/211/144 42/212/42 146/213/146
f 145/204/145 246/209/246 146/213/146 43/205/43
f 32/214/32 125/215/125 247/216/247 141/217/141
f 125/215/125 29/218/29 147/219/147 247/216/247
f 247/216/247 147/219/147 35/220/35 153/221/153
f 141/217/141 247/216/247 153/221/153 44/222/44
f 37/186/37 138/185/138 248/223/248 149/224/149
f 138/225/138 36/207/36 142/226/142 248/227/248
f 248/227/248 142/226/142 48/228/48 157/229/157
f 149/224/149 248/223/248 157/230/157 47/231/47
f 28/84/28 121/198/121 249/232/249 132/183/132
f 121/198/121 27/197/27 152/233/152 249/232/249
f 249/232/249 152/233/152 24/234/24 137/235/137
f 132/183/132 249/232/249 137/235/137 36/184/36
f 30/95/30 128/94/128 250/236/250 150/237/150
f 128/94/128 34/93/34 129/178/129 250/236/250
f 250/236/250 129/178/129 42/164/42 144/238/144
f 150/237/150 250/236/250 144/238/144 38/239/38
f 29/86/29 131/182/131 251/240/251 147/241/147
f 131/182/131 37/186/37 149/224/149 251/240/251
f 251/240/251 149/224/149 47/231/47 156/242/156
f 147/241/147 251/240/251 156/242/156 35/243/35
f 27/104/27 124/103/124 252/244/252 152/245/152
f 124/103/124 31/102/31 151/158/151 252/244/252
f 252/244/252 151/158/151 39/163/39 140/246/140
f 152/245/152 252/244/252 140/246/140 24/247/24
f 35/243/35 156/242/156 253/248/253 159/249/159
f 156/242/156 47/231/47 182/250/182 253/248/253
f 253/248/253 182/250/182 55/251/55 172/252/172
f 159/249/159 253/248/253 172/252/172 40/253/40
f 50/175/50 160/174/160 254/254/254 181/255/181
f 160/171/160 46/170/46 162/256/162 254/257/254
f 254/257/254 162/256/162 54/258/54 176/259/176
f 181/260/181 254/257/254 176/259/176 58/261/58
f 44/222/44 153/221/153 255/262/255 158/263/158
f 153/221/153 35/220/35 159/264/159 255/262/255
f 255/262/255 159/264/159 40/265/40 169/266/169
f 158/263/158 255/262/255 169/266/169 52/267/52
f 46/170/46 155/268/155 256/269/256 162/256/162
f 155/268/155 45/270/45 164/271/164 256/269/256
f 256/269/256 164/271/164 53/272/53 171/273/171
f 162/256/162 256/269/256 171/273/171 54/258/54
f 41/168/41 130/180/130 257/274/257 165/169/165
f 130/180/130 33/179/33 167/275/167 257/274/257
f 257/274/257 167/275/167 45/270/45 155/268/155
f 165/169/165 257/274/257 155/268/155 46/170/46
f 36/207/36 148/206/148 258/276/258 142/226/142
f 148/206/148 43/205/43 168/277/168 258/276/258
f 258/276/258 168/277/168 51/278/51 163/279/163
f 142/226/142 258/276/258 163/279/163 48/228/48
f 33/280/33 126/281/126 259/282/259 167/283/167
f 126/281/126 32/214/32 141/217/141 259/282/259
f 259/282/259 141/217/141 44/222/44 154/284/154
f 167/283/167 259/282/259 154/284/154 45/285/45
f 43/205/43 146/213/146 260/286/260 168/277/168
f 146/213/146 42/212/42 166/172/166 260/286/260
f 260/286/260 166/172/166 50/175/50 161/287/161
f 168/277/168 260/286/260 161/287/161 51/278/51
f 52/288/52 169/289/169 261/290/261 180/291/180
f 169/289/169 40/292/40 172/293/172 261/290/261
f 261/290/261 172/293/172 55/294/55 174/295/174
f 180/291/180 261/290/261 174/295/174 57/296/57
f 54/297/54 175/298/175 262/299/262 194/300/194
f 175/298/175 57/296/57 193/301/193 262/299/262
f 262/299/262 193/301/193 61/302/61 187/303/187
f 194/300/194 262/299/262 187/303/187 62/304/62
f 56/305/56 179/306/179 263/307/263 212/308/212
f 179/306/179 59/309/59 211/310/211 263/307/263
f 263/307/263 211/310/211 65/311/65 199/312/199
f 212/308/212 263/307/263 199/312/199 67/313/67
f 53/314/53 170/315/170 264/316/264 171/317/171
f 170/315/170 52/288/52 180/291/180 264/316/264
f 264/316/264 180/291/180 57/296/57 175/298/175
f 171/317/171 264/316/264 175/298/175 54/297/54
f 45/285/45 154/284/154 265/318/265 164/319/164
f 154/284/154 44/222/44 158/263/158 265/318/265
f 265/318/265 158/263/158 52/267/52 170/320/170
f 164/319/164 265/318/265 170/320/170 53/321/53
f 48/228/48 163/279/163 266/322/266 184/323/184
f 163/279/163 51/278/51 183/324/183 266/322/266
f 266/322/266 183/324/183 59/325/59 179/326/179
f 184/323/184 266/322/266 179/326/179 56/327/56
f 51/278/51 161/287/161 267/328/267 183/324/183
f 161/287/161 50/175/50 181/255/181 267/328/267
f 267/328/267 181/255/181 58/329/58 177/330/177
f 183/324/183 267/328/267 177/330/177 59/325/59
f 47/231/47 157/230/157 268/331/268 182/250/182
f 157/229/157 48/228/48 184/323/184 268/332/268
f 268/331/268 184/333/184 56/334/56 173/335/173
f 182/250/182 268/331/268 173/335/173 55/251/55
f 60/336/60 185/337/185 269/338/269 210/339/210
f 185/337/185 49/340/49 209/341/209 269/338/269
f 269/338/269 209/341/209 68/342/68 200/343/200
f 210/339/210 269/338/269 200/343/200 69/344/69
f 62/345/62 187/346/187 270/347/270 189/348/189
f 187/303/187 61/302/61 190/349/190 270/350/270
f 270/347/270 190/351/190 70/352/70 202/353/202
f 189/348/189 270/347/270 202/353/202 71/354/71
f 55/251/55 173/335/173 271/355/271 196/356/196
f 173/335/173 56/334/56 195/357/195 271/355/271
f 271/355/271 195/357/195 49/340/49 185/337/185
f 196/356/196 271/355/271 185/337/185 60/336/60
f 58/261/58 176/259/176 272/358/272 178/359/178
f 176/259/176 54/258/54 194/360/194 272/358/272
f 272/358/272 194/360/194 62/361/62 188/362/188
f 178/359/178 272/358/272 188/362/188 63/363/63
f 57/296/57 174/295/174 273/364/273 193/301/193
f 174/295/174 55/294/55 196/365/196 273/364/273
f 273/364/273 196/365/196 60/366/60 186/367/186
f 193/301/193 273/364/273 186/367/186 61/302/61
f 58/261/58 178/359/178 274/368/274 191/369/191
f 178/359/178 63/363/63 192/370/192 274/368/274
f 274/368/274 192/370/192 66/371/66 198/372/198
f 191/369/191 274/368/274 198/372/198 64/373/64
f 65/311/65 197/374/197 275/375/275 207/376/207
f 197/374/197 64/377/64 198/378/198 275/375/275
f 275/379/275 198/372/198 66/371/66 204/380/204
f 207/376/207 275/375/275 204/381/204 72/382/72
f 72/383/72 204/384/204 276/385/276 205/386/205
f 204/380/204 66/371/66 203/387/203 276/388/276
f 276/385/276 203/389/203 71/354/71 202/353/202
f 205/386/205 276/385/276 202/353/202 70/352/70
f 68/390/68 206/391/206 277/392/277 200/393/200
f 206/391/206 72/383/72 205/386/205 277/392/277
f 277/392/277 205/386/205 70/352/70 201/394/201
f 200/393/200 277/392/277 201/394/201 69/395/69
f 67/313/67 199/312/199 278/396/278 208/397/208
f 199/312/199 65/311/65 207/376/207 278/396/278
f 278/396/278 207/376/207 72/382/72 206/398/206
f 208/399/208 278/400/278 206/401/206 68/342/68
f 63/363/63 188/362/188 279/402/279 192/370/192
f 188/362/188 62/361/62 189/403/189 279/402/279
f 279/402/279 189/403/189 71/404/71 203/387/203
f 192/370/192 279/402/279 203/387/203 66/371/66
f 59/309/59 177/405/177 280/406/280 211/310/211
f 177/405/177 58/407/58 191/408/191 280/406/280
f 280/406/280 191/408/191 64/377/64 197/374/197
f 211/310/211 280/406/280 197/374/197 65/311/65
f 61/302/61 186/367/186 281/409/281 190/349/190
f 186/367/186 60/366/60 210/410/210 281/409/281
f 281/411/281 210/412/210 69/395/69 201/394/201
f 190/351/190 281/411/281 201/394/201 70/352/70
f 49/340/49 195/357/195 282/413/282 209/341/209
f 195/357/195 56/334/56 212/414/212 282/413/282
f 282/413/282 212/414/212 67/415/67 208/399/208
f 209/341/209 282/413/282 208/399/208 68/342/68
o Cube.001
v 4.451512 2.256099 0.264320
v 4.451512 2.797077 0.264320
v 3.276851 2.256099 1.438980
v 3.276851 2.797077 1.438980
v 5.433384 2.275728 1.314997
v 5.430170 2.968141 1.279459
v 4.325316 2.275728 2.423065
v 4.289778 2.968141 2.419851
v 3.769608 2.181682 0.773670
v 4.469563 2.587061 0.073714
v 3.769608 2.847304 0.773670
v 3.089564 2.587061 1.453713
v 3.615643 2.181682 1.979791
v 3.615643 2.875191 1.979791
v 4.179842 2.637514 2.614741
v 4.898207 2.152516 1.904481
v 4.877435 3.083003 1.883710
v 5.630591 2.637514 1.163993
v 4.995641 2.181682 0.599792
v 4.995641 2.875191 0.599792
v 3.572871 2.587061 0.576933
v 3.389440 2.592638 2.205993
v 5.711762 2.256302 2.903985
v 5.228481 2.592638 0.366952
v 4.295686 2.011991 1.299748
v 4.295686 3.002081 1.299748
v 4.994121 3.049194 2.608594
v 5.259758 2.663268 2.755191
v 5.265941 2.393649 2.694407
v 5.682601 2.393649 2.277747
v 5.487812 2.333021 2.502936
v 5.360696 3.125713 2.375820
v 5.599555 3.049194 2.003161
v 5.742633 2.663268 2.272316
v 5.622481 2.706851 2.639818
v 5.704263 2.179269 2.880579
v 5.863242 2.179269 2.721600
v 5.819371 2.122425 2.836708
v 5.886648 2.256302 2.729099
v 5.844135 2.222353 2.861472
v 3.444054 2.204831 1.152899
v 4.155874 2.204831 0.441079
v 4.466471 2.401874 0.130482
v 4.466471 2.720958 0.130482
v 4.155874 2.828299 0.441079
v 3.444054 2.828299 1.152899
v 3.145763 2.720958 1.451189
v 3.145763 2.401874 1.451189
v 3.926610 2.205844 2.228693
v 3.381223 2.204831 1.686649
v 3.381223 2.831785 1.686649
v 3.922168 2.916235 2.228291
v 4.186395 2.822642 2.565048
v 4.209046 2.440511 2.565476
v 5.197231 2.180969 1.578303
v 4.578251 2.180969 2.197283
v 4.545878 3.055021 2.187134
v 5.187082 3.055021 1.545930
v 5.580206 2.822642 1.171236
v 5.580634 2.440511 1.193887
v 4.701931 2.204831 0.365942
v 5.243852 2.205844 0.911452
v 5.243450 2.916235 0.907009
v 4.701931 2.831785 0.365942
v 4.007752 2.587061 0.240265
v 3.621978 2.738528 0.626040
v 3.243670 2.587061 1.004347
v 3.621978 2.381169 0.626040
v 3.154444 2.587758 1.865417
v 3.442230 2.755260 2.153203
v 3.734781 2.606614 2.454598
v 3.442230 2.381866 2.153203
v 5.569439 2.369507 1.812605
v 5.209611 2.280143 2.220310
v 4.695504 3.031399 2.551329
v 5.144388 3.139757 2.155088
v 5.476256 2.606614 0.713123
v 5.174861 2.755260 0.420572
v 4.887075 2.587758 0.132786
v 5.174861 2.381866 0.420572
v 3.917378 2.054347 1.678055
v 4.593027 2.050701 1.597366
v 4.681460 2.054347 0.913973
v 4.007900 2.054347 1.011962
v 3.917378 2.965075 1.678055
v 4.007900 2.936491 1.011962
v 4.681460 2.965075 0.913973
v 4.590431 3.041249 1.594769
v 5.088637 2.920548 2.683174
v 5.229045 2.491515 2.749504
v 5.597204 2.345516 2.378345
v 5.364465 2.345516 2.611084
v 5.168331 3.106712 2.529149
v 5.515784 3.106712 2.181696
v 5.672583 2.920548 2.099229
v 5.738467 2.491515 2.240082
v 5.497306 2.701251 2.721366
v 5.506413 2.963400 2.523474
v 5.704522 2.701251 2.514151
v 5.577287 2.414408 2.848024
v 4.708993 2.680351 2.701310
v 5.703686 2.680351 1.706617
v 5.550962 3.031399 1.695871
v 4.811862 2.369508 2.570182
v 5.721771 2.190915 2.910115
v 5.856183 2.133642 2.782819
v 5.765482 2.133641 2.873520
v 5.892778 2.190915 2.739108
v 5.780789 2.228498 2.901301
v 5.883965 2.228498 2.798126
v 5.870465 2.110334 2.887802
v 5.565993 2.286207 2.810672
v 5.831179 2.414408 2.594132
v 5.746788 2.438437 2.764125
v 5.692717 2.241447 2.709777
v 5.794027 2.286207 2.582638
v 4.039304 2.390430 0.294462
v 4.039304 2.730050 0.294462
v 3.297760 2.730050 1.036006
v 3.297760 2.390430 1.036006
v 3.211603 2.390517 1.829734
v 3.211603 2.732141 1.829734
v 3.771507 2.782654 2.398330
v 3.774338 2.396370 2.398383
v 5.670529 2.501031 1.734036
v 4.664555 2.877334 2.659564
v 5.411554 2.299590 1.994428
v 4.885782 3.116097 2.383637
v 5.419229 2.396370 0.753492
v 5.419175 2.782654 0.750661
v 4.850593 2.732141 0.190744
v 4.850593 2.390517 0.190744
v 3.651545 2.091327 1.389791
v 4.222043 2.088551 1.950805
v 4.953778 2.088551 1.219070
v 4.393089 2.091327 0.648248
v 4.217996 3.007094 1.949536
v 3.651545 2.905246 1.389791
v 4.393089 2.905246 0.648248
v 4.952509 3.007094 1.215023
v 5.805701 2.436388 2.678861
v 5.348725 2.953401 2.632277
v 5.616107 2.953401 2.364894
v 5.550005 2.345843 2.842873
v 5.376765 3.116097 1.892653
v 4.987462 2.299590 2.418520
v 4.736146 2.501031 2.668419
v 5.661769 2.877334 1.662350
v 5.815591 2.121382 2.920159
v 5.902822 2.121382 2.832928
v 5.661613 2.436388 2.822950
v 5.750890 2.250615 2.640435
v 5.826299 2.345843 2.566580
v 5.623531 2.250615 2.767795
vn -0.0801 -0.7885 -0.6097
vn -0.0602 0.9112 -0.4076
vn -0.6165 -0.7843 -0.0686
vn -0.4134 0.9090 -0.0523
vn 0.5654 -0.8229 -0.0555
vn 0.3820 0.8903 -0.2479
vn -0.0693 -0.8188 0.5699
vn -0.2623 0.8848 0.3851
vn -0.3809 -0.8430 -0.3798
vn -0.0963 0.0492 -0.9941
vn -0.2560 0.9324 -0.2551
vn -0.9954 0.0490 -0.0818
vn -0.3370 -0.8797 0.3355
vn -0.3041 0.9373 0.1700
vn -0.2653 -0.0025 0.9642
vn 0.1784 -0.9675 0.1793
vn -0.0896 0.9920 -0.0889
vn 0.9697 -0.0003 -0.2444
vn 0.3272 -0.8860 -0.3286
vn 0.1627 0.9408 -0.2972
vn -0.7070 0.0508 -0.7054
vn -0.7169 0.0377 0.6961
vn -0.0580 0.2428 0.9683
vn 0.6961 0.0381 -0.7170
vn -0.0043 -1.0000 -0.0032
vn -0.0898 0.9920 -0.0890
vn -0.0800 0.7452 0.6620
vn -0.0449 0.1872 0.9813
vn -0.2721 -0.7822 0.5605
vn 0.5620 -0.7863 -0.2567
vn -0.0657 -0.9957 -0.0651
vn 0.2599 0.9298 0.2606
vn 0.6583 0.7502 -0.0613
vn 0.9812 0.1916 -0.0241
vn 0.5926 0.5449 0.5932
vn -0.6380 -0.7173 0.2801
vn 0.2805 -0.7186 -0.6364
vn -0.2404 -0.9405 -0.2403
vn 0.9684 0.2436 -0.0543
vn 0.6420 0.4192 0.6420
vn -0.5036 -0.8279 -0.2470
vn -0.2516 -0.8289 -0.4996
vn -0.0882 -0.4964 -0.8636
vn -0.0819 0.6467 -0.7584
vn -0.1651 0.9256 -0.3407
vn -0.3438 0.9250 -0.1619
vn -0.7623 0.6435 -0.0699
vn -0.8672 -0.4924 -0.0750
vn -0.1868 -0.8610 0.4731
vn -0.4957 -0.8542 0.1568
vn -0.3579 0.9310 0.0721
vn -0.2771 0.9230 0.2670
vn -0.3011 0.5337 0.7902
vn -0.1961 -0.4914 0.8486
vn 0.3193 -0.9450 0.0709
vn 0.0655 -0.9444 0.3222
vn -0.1769 0.9830 0.0500
vn 0.0481 0.9839 -0.1720
vn 0.7914 0.5428 -0.2813
vn 0.8499 -0.4963 -0.1773
vn 0.1473 -0.8599 -0.4888
vn 0.4663 -0.8667 -0.1768
vn 0.2604 0.9274 -0.2685
vn 0.0650 0.9339 -0.3516
vn -0.4851 0.0498 -0.8730
vn -0.5216 0.6763 -0.5202
vn -0.8772 0.0498 -0.4775
vn -0.6027 -0.5247 -0.6012
vn -0.9241 0.0468 0.3792
vn -0.5576 0.6721 0.4873
vn -0.4783 0.0180 0.8780
vn -0.5863 -0.5624 0.5831
vn 0.6124 -0.7890 -0.0495
vn 0.1447 -0.9787 0.1455
vn -0.2118 0.8236 0.5261
vn -0.0311 0.9990 -0.0306
vn 0.8821 0.0187 -0.4706
vn 0.4828 0.6786 -0.5535
vn 0.3713 0.0472 -0.9273
vn 0.5791 -0.5707 -0.5822
vn -0.1316 -0.9832 0.1267
vn 0.1122 -0.9872 0.1132
vn 0.1224 -0.9843 -0.1273
vn -0.1613 -0.9738 -0.1603
vn -0.1820 0.9832 0.0111
vn -0.1443 0.9791 -0.1434
vn 0.0078 0.9839 -0.1788
vn -0.0720 0.9949 -0.0712
vn 0.0035 0.4211 0.9070
vn -0.2444 -0.2991 0.9224
vn 0.1278 -0.9770 -0.1709
vn -0.1759 -0.9760 0.1284
vn 0.0856 0.8792 0.4687
vn 0.4668 0.8795 0.0927
vn 0.9040 0.4268 0.0253
vn 0.9280 -0.3004 -0.2203
vn 0.2801 0.4770 0.8331
vn 0.5297 0.6616 0.5307
vn 0.8304 0.4778 0.2866
vn -0.0767 0.2541 0.9641
vn -0.1381 0.0239 0.9901
vn 0.9936 0.0287 -0.1095
vn 0.5242 0.8296 -0.1922
vn -0.0665 -0.7862 0.6144
vn -0.3680 -0.2873 0.8844
vn 0.0457 -0.8823 -0.4685
vn -0.4687 -0.8822 0.0457
vn 0.8849 -0.2876 -0.3665
vn 0.3099 0.3532 0.8827
vn 0.8826 0.3532 0.3101
vn 0.5428 -0.6409 0.5428
vn -0.5586 -0.7401 0.3745
vn 0.9643 0.2566 -0.0651
vn 0.5922 0.5461 0.5925
vn -0.3104 -0.8986 -0.3101
vn 0.3759 -0.7442 -0.5522
vn -0.4236 -0.5042 -0.7525
vn -0.3646 0.6591 -0.6578
vn -0.6618 0.6582 -0.3590
vn -0.7566 -0.5035 -0.4171
vn -0.7818 -0.5347 0.3208
vn -0.6979 0.6667 0.2616
vn -0.4248 0.6249 0.6550
vn -0.3764 -0.5428 0.7508
vn 0.9064 -0.4089 -0.1063
vn -0.1810 0.4210 0.8888
vn 0.3098 -0.9498 0.0433
vn -0.1346 0.9816 0.1352
vn 0.7500 -0.5502 -0.3671
vn 0.6539 0.6322 -0.4156
vn 0.2527 0.6718 -0.6963
vn 0.3114 -0.5420 -0.7806
vn -0.2759 -0.9607 -0.0323
vn -0.0114 -0.9692 0.2461
vn 0.2421 -0.9702 -0.0068
vn -0.0364 -0.9617 -0.2718
vn -0.1646 0.9856 0.0399
vn -0.2251 0.9730 -0.0502
vn -0.0531 0.9736 -0.2221
vn 0.0367 0.9863 -0.1610
vn 0.8101 0.4975 0.3103
vn 0.2653 0.5857 0.7659
vn 0.7626 0.5865 0.2730
vn -0.4306 -0.2373 0.8708
vn 0.1346 0.9826 -0.1283
vn 0.0372 -0.9495 0.3115
vn -0.1323 -0.4068 0.9039
vn 0.8891 0.4312 -0.1537
vn 0.0824 -0.5646 0.8212
vn 0.8212 -0.5646 0.0824
vn 0.3073 0.4974 0.8113
vn -0.1358 -0.8947 -0.4254
vn 0.8765 -0.2381 -0.4184
vn -0.4273 -0.8939 -0.1357
vt 0.302961 0.517191
vt 0.308625 0.514606
vt 0.309597 0.529056
vt 0.301620 0.528183
vt 0.314527 0.513452
vt 0.316060 0.528899
vt 0.315251 0.546116
vt 0.308453 0.545716
vt 0.299829 0.544002
vt 0.317610 0.514219
vt 0.319160 0.528644
vt 0.483434 0.659580
vt 0.483869 0.655080
vt 0.493340 0.649574
vt 0.497111 0.654645
vt 0.505851 0.639252
vt 0.510628 0.644414
vt 0.318516 0.545282
vt 0.315682 0.560490
vt 0.312476 0.561712
vt 0.516557 0.627560
vt 0.521298 0.631711
vt 0.522183 0.618751
vt 0.526511 0.618734
vt 0.978755 0.300675
vt 0.982275 0.301846
vt 0.986478 0.313070
vt 0.983445 0.312899
vt 0.306119 0.560901
vt 0.298282 0.558752
vt 0.972660 0.302534
vt 0.977444 0.313716
vt 0.966161 0.307808
vt 0.971512 0.314849
vt 0.978487 0.325841
vt 0.970142 0.323437
vt 0.985038 0.325998
vt 0.984080 0.338498
vt 0.977103 0.337808
vt 0.968118 0.334547
vt 0.988159 0.325149
vt 0.519022 0.610734
vt 0.524739 0.606697
vt 0.511759 0.601165
vt 0.517666 0.596248
vt 0.096144 0.819841
vt 0.101034 0.820812
vt 0.101770 0.830180
vt 0.096274 0.829535
vt 0.103325 0.841993
vt 0.097469 0.841915
vt 0.502173 0.592967
vt 0.507384 0.588193
vt 0.490576 0.586487
vt 0.494290 0.582511
vt 0.105902 0.855817
vt 0.099917 0.856652
vt 0.974570 0.348287
vt 0.966161 0.344925
vt 0.090071 0.831538
vt 0.091235 0.843485
vt 0.094029 0.857906
vt 0.634973 0.481908
vt 0.628124 0.479475
vt 0.637656 0.468129
vt 0.643083 0.470350
vt 0.874557 0.757387
vt 0.880430 0.758680
vt 0.876464 0.775740
vt 0.871079 0.774473
vt 0.696923 0.485224
vt 0.690964 0.484160
vt 0.687100 0.468192
vt 0.691121 0.468790
vt 0.879902 0.777953
vt 0.877482 0.792987
vt 0.874769 0.791852
vt 0.869262 0.792256
vt 0.109448 0.871005
vt 0.103343 0.873392
vt 0.111376 0.857404
vt 0.114752 0.870605
vt 0.116460 0.880137
vt 0.112616 0.884055
vt 0.105091 0.890776
vt 0.680343 0.480486
vt 0.679911 0.465576
vt 0.667004 0.476011
vt 0.670817 0.462398
vt 0.674216 0.450240
vt 0.679176 0.452023
vt 0.683100 0.453498
vt 0.482063 0.593346
vt 0.471330 0.586694
vt 0.477693 0.581837
vt 0.471215 0.602607
vt 0.462873 0.593654
vt 0.456239 0.586597
vt 0.462518 0.581951
vt 0.468235 0.579769
vt 0.699201 0.499976
vt 0.691892 0.498326
vt 0.876989 0.742538
vt 0.883207 0.744154
vt 0.878120 0.730225
vt 0.884308 0.732275
vt 0.697516 0.513004
vt 0.689774 0.510823
vt 0.868559 0.756602
vt 0.871121 0.742675
vt 0.448829 0.625618
vt 0.453381 0.621756
vt 0.459078 0.633830
vt 0.453643 0.639151
vt 0.466748 0.643844
vt 0.461153 0.649833
vt 0.872613 0.730930
vt 0.873265 0.721722
vt 0.878163 0.720701
vt 0.475945 0.651580
vt 0.471281 0.657386
vt 0.310534 0.502599
vt 0.314160 0.504310
vt 0.692023 0.524384
vt 0.685193 0.521842
vt 0.883965 0.722952
vt 0.304540 0.504724
vt 0.298282 0.511727
vt 0.629025 0.513866
vt 0.628124 0.505381
vt 0.640213 0.509519
vt 0.638078 0.519273
vt 0.630143 0.493624
vt 0.643182 0.497418
vt 0.659530 0.502145
vt 0.655942 0.514569
vt 0.652971 0.524831
vt 0.647470 0.485133
vt 0.653596 0.472772
vt 0.663231 0.489279
vt 0.679089 0.494253
vt 0.676199 0.506942
vt 0.672256 0.518762
vt 0.668837 0.528145
vt 0.679783 0.528507
vt 0.492350 0.601239
vt 0.501729 0.610162
vt 0.489313 0.621724
vt 0.480147 0.612072
vt 0.510027 0.619659
vt 0.498320 0.631242
vt 0.485841 0.642593
vt 0.476808 0.633793
vt 0.468392 0.623955
vt 0.461149 0.613176
vt 0.865884 0.802625
vt 0.866884 0.799323
vt 0.874794 0.806046
vt 0.874160 0.808271
vt 0.875939 0.803684
vt 0.880484 0.808794
vt 0.881043 0.811006
vt 0.880825 0.812713
vt 0.114963 0.891557
vt 0.107445 0.897692
vt 0.119287 0.884701
vt 0.457209 0.579148
vt 0.452089 0.582444
vt 0.116320 0.895572
vt 0.108434 0.900922
vt 0.857973 0.797323
vt 0.859347 0.793210
vt 0.451185 0.592697
vt 0.448488 0.587418
vt 0.855015 0.786324
vt 0.857879 0.781590
vt 0.861730 0.785513
vt 0.848456 0.263722
vt 0.851437 0.261430
vt 0.851963 0.271325
vt 0.850186 0.272634
vt 0.099591 0.890415
vt 0.098417 0.902119
vt 0.096164 0.901492
vt 0.093887 0.907235
vt 0.091864 0.907826
vt 0.851615 0.278714
vt 0.850611 0.278346
vt 0.455316 0.601878
vt 0.449791 0.608294
vt 0.448488 0.598494
vt 0.661585 0.460291
vt 0.654365 0.458750
vt 0.665095 0.448305
vt 0.669119 0.449123
vt 0.650746 0.457144
vt 0.097949 0.874639
vt 0.094474 0.876726
vt 0.096863 0.891502
vt 0.863028 0.758400
vt 0.864964 0.772114
vt 0.859622 0.771842
vt 0.850890 0.282048
vt 0.849748 0.280357
vt 0.093332 0.909438
vt 0.090071 0.911035
vt 0.093546 0.911117
vt 0.090071 0.912526
vt 0.979128 0.463445
vt 0.981268 0.463066
vt 0.982173 0.464879
vt 0.979929 0.465360
vt 0.982092 0.466901
vt 0.979985 0.467433
vt 0.884305 0.814108
vt 0.884308 0.812594
vt 0.882508 0.809380
vt 0.980221 0.469224
vt 0.979128 0.469184
vt 0.099560 0.904447
vt 0.100188 0.906627
vt 0.679426 0.442390
vt 0.681515 0.443327
vt 0.676741 0.441357
vt 0.948297 0.795674
vt 0.948326 0.798432
vt 0.942198 0.798456
vt 0.942409 0.796491
vt 0.949105 0.793278
vt 0.944046 0.794860
vt 0.878191 0.803047
vt 0.879881 0.803539
vt 0.882851 0.808681
vt 0.673923 0.440803
vt 0.671662 0.440485
vt 0.848456 0.273893
vt 0.949105 0.801117
vt 0.942984 0.800367
s 1
usemtl Material.015
f 283/416/283 324/419/324 399/418/399 325/417/325
f 325/417/325 399/418/399 347/421/347 292/420/292
f 399/418/399 350/423/350 303/422/303 347/421/347
f 324/419/324 291/424/291 350/423/350 399/418/399
f 292/420/292 347/421/347 400/426/400 326/425/326
f 326/427/326 400/430/400 327/429/327 284/428/284
f 400/430/400 348/432/348 293/431/293 327/429/327
f 347/421/347 303/422/303 348/433/348 400/426/400
f 303/422/303 349/435/349 401/434/401 348/433/348
f 348/432/348 401/437/401 328/436/328 293/431/293
f 401/437/401 329/439/329 286/438/286 328/436/328
f 349/440/349 294/443/294 329/442/329 401/441/401
f 291/424/291 323/445/323 402/444/402 350/423/350
f 350/423/350 402/444/402 349/435/349 303/422/303
f 402/446/402 330/447/330 294/443/294 349/440/349
f 323/448/323 285/449/285 330/447/330 402/446/402
f 285/449/285 332/451/332 403/450/403 330/447/330
f 330/447/330 403/450/403 351/452/351 294/443/294
f 403/450/403 354/454/354 304/453/304 351/452/351
f 332/451/332 295/455/295 354/454/354 403/450/403
f 294/443/294 351/452/351 404/456/404 329/442/329
f 329/439/329 404/458/404 333/457/333 286/438/286
f 404/458/404 352/460/352 296/459/296 333/457/333
f 351/461/351 304/464/304 352/463/352 404/462/404
f 304/464/304 353/466/353 405/465/405 352/463/352
f 352/460/352 405/468/405 334/467/334 296/459/296
f 405/468/405 335/470/335 290/469/290 334/467/334
f 353/466/353 297/472/297 335/471/335 405/465/405
f 295/455/295 331/474/331 406/473/406 354/454/354
f 354/475/354 406/476/406 353/466/353 304/464/304
f 406/476/406 336/477/336 297/472/297 353/466/353
f 331/478/331 289/481/289 336/480/336 406/479/406
f 300/482/300 384/485/384 407/484/407 342/483/342
f 342/486/342 407/489/407 355/488/355 287/487/287
f 407/484/407 378/492/378 312/491/312 355/490/355
f 384/485/384 316/493/316 378/492/378 407/484/407
f 297/472/297 383/495/383 408/494/408 335/471/335
f 335/471/335 408/494/408 357/497/357 290/496/290
f 408/494/408 371/499/371 309/498/309 357/497/357
f 383/495/383 310/500/310 371/499/371 408/494/408
f 287/487/287 355/488/355 409/502/409 337/501/337
f 337/501/337 409/502/409 356/504/356 298/503/298
f 409/502/409 373/506/373 313/505/313 356/504/356
f 355/488/355 312/507/312 373/506/373 409/502/409
f 290/469/290 357/510/357 410/509/410 339/508/339
f 339/508/339 410/509/410 358/512/358 299/511/299
f 410/509/410 375/514/375 314/513/314 358/512/358
f 357/510/357 309/515/309 375/514/375 410/509/410
f 287/487/287 344/517/344 411/516/411 342/486/342
f 342/483/342 411/519/411 359/518/359 300/482/300
f 411/519/411 362/521/362 306/520/306 359/518/359
f 344/517/344 301/523/301 362/522/362 411/516/411
f 300/482/300 359/518/359 412/525/412 341/524/341
f 341/526/341 412/529/412 345/528/345 288/527/288
f 412/529/412 360/531/360 302/530/302 345/528/345
f 359/518/359 306/520/306 360/532/360 412/525/412
f 306/520/306 361/534/361 413/533/413 360/532/360
f 360/531/360 413/536/413 346/535/346 302/530/302
f 413/536/413 326/427/326 284/428/284 346/535/346
f 361/537/361 292/420/292 326/425/326 413/538/413
f 301/523/301 343/540/343 414/539/414 362/522/362
f 362/521/362 414/541/414 361/534/361 306/520/306
f 414/542/414 325/417/325 292/420/292 361/537/361
f 343/543/343 283/416/283 325/417/325 414/542/414
f 285/544/285 323/547/323 415/546/415 332/545/332
f 332/545/332 415/546/415 363/549/363 295/548/295
f 415/546/415 366/551/366 307/550/307 363/549/363
f 323/547/323 291/552/291 366/551/366 415/546/415
f 295/548/295 363/549/363 416/553/416 331/478/331
f 331/478/331 416/553/416 338/554/338 289/481/289
f 416/553/416 364/555/364 298/503/298 338/554/338
f 363/549/363 307/550/307 364/555/364 416/553/416
f 307/550/307 365/557/365 417/556/417 364/555/364
f 364/555/364 417/556/417 337/501/337 298/503/298
f 417/556/417 344/517/344 287/487/287 337/501/337
f 365/557/365 301/523/301 344/517/344 417/556/417
f 291/552/291 324/559/324 418/558/418 366/551/366
f 366/551/366 418/558/418 365/557/365 307/550/307
f 418/558/418 343/540/343 301/523/301 365/557/365
f 324/559/324 283/560/283 343/540/343 418/558/418
f 290/469/290 339/508/339 419/561/419 334/467/334
f 334/467/334 419/561/419 367/562/367 296/459/296
f 419/561/419 370/564/370 308/563/308 367/562/367
f 339/508/339 299/511/299 370/564/370 419/561/419
f 296/459/296 367/562/367 420/565/420 333/457/333
f 333/457/333 420/565/420 328/436/328 286/438/286
f 420/565/420 368/566/368 293/431/293 328/436/328
f 367/562/367 308/563/308 368/566/368 420/565/420
f 308/563/308 369/568/369 421/567/421 368/566/368
f 368/566/368 421/567/421 327/429/327 293/431/293
f 421/567/421 346/535/346 284/428/284 327/429/327
f 369/568/369 302/530/302 346/535/346 421/567/421
f 299/511/299 340/570/340 422/569/422 370/564/370
f 370/564/370 422/569/422 369/568/369 308/563/308
f 422/569/422 345/528/345 302/530/302 369/568/369
f 340/570/340 288/527/288 345/528/345 422/569/422
f 317/571/317 396/574/396 423/573/423 381/572/381
f 381/572/381 423/573/423 395/575/395 316/493/316
f 423/573/423 392/577/392 321/576/321 395/575/395
f 396/574/396 322/578/322 392/577/392 423/573/423
f 310/500/310 379/580/379 424/579/424 371/499/371
f 371/499/371 424/579/424 375/581/375 309/498/309
f 424/582/424 380/583/380 314/513/314 375/514/375
f 379/580/379 317/585/317 380/584/380 424/579/424
f 317/571/317 381/572/381 425/587/425 380/586/380
f 380/583/380 425/589/425 376/588/376 314/513/314
f 425/587/425 377/592/377 315/591/315 376/590/376
f 381/572/381 316/493/316 377/592/377 425/587/425
f 311/593/311 394/596/394 426/595/426 372/594/372
f 372/597/372 426/599/426 382/598/382 310/500/310
f 426/599/426 387/601/387 305/600/305 382/598/382
f 394/596/394 318/603/318 387/602/387 426/595/426
f 299/511/299 358/512/358 427/604/427 340/570/340
f 340/570/340 427/604/427 385/605/385 288/527/288
f 427/604/427 376/588/376 315/606/315 385/605/385
f 358/512/358 314/513/314 376/588/376 427/604/427
f 298/503/298 356/504/356 428/607/428 338/554/338
f 338/554/338 428/607/428 386/608/386 289/481/289
f 428/607/428 374/610/374 311/609/311 386/608/386
f 356/504/356 313/505/313 374/610/374 428/607/428
f 289/481/289 386/608/386 429/611/429 336/480/336
f 336/477/336 429/612/429 383/495/383 297/472/297
f 429/612/429 372/597/372 310/500/310 383/495/383
f 386/613/386 311/614/311 372/597/372 429/612/429
f 288/615/288 385/617/385 430/616/430 341/524/341
f 341/524/341 430/616/430 384/485/384 300/482/300
f 430/616/430 377/592/377 316/493/316 384/485/384
f 385/617/385 315/591/315 377/592/377 430/616/430
f 318/603/318 389/619/389 431/618/431 387/602/387
f 387/601/387 431/621/431 391/620/391 305/600/305
f 431/621/431 393/623/393 322/622/322 391/620/391
f 389/624/389 320/627/320 393/626/393 431/625/431
f 320/627/320 388/629/388 432/628/432 393/626/393
f 393/630/393 432/631/432 392/577/392 322/578/322
f 432/631/432 390/632/390 321/576/321 392/577/392
f 388/629/388 319/634/319 390/633/390 432/628/432
f 310/500/310 382/598/382 433/635/433 379/580/379
f 379/580/379 433/635/433 396/636/396 317/585/317
f 433/635/433 391/620/391 322/622/322 396/636/396
f 382/598/382 305/600/305 391/620/391 433/635/433
f 312/507/312 398/638/398 434/637/434 373/506/373
f 373/506/373 434/637/434 397/639/397 313/505/313
f 434/640/434 388/643/388 320/642/320 397/641/397
f 398/644/398 319/645/319 388/643/388 434/640/434
f 316/493/316 395/575/395 435/646/435 378/492/378
f 378/492/378 435/646/435 398/647/398 312/491/312
f 435/646/435 390/632/390 319/648/319 398/647/398
f 395/575/395 321/576/321 390/632/390 435/646/435
f 313/505/313 397/639/397 436/649/436 374/610/374
f 374/610/374 436/649/436 394/650/394 311/609/311
f 436/651/436 389/619/389 318/603/318 394/596/394
f 397/641/397 320/642/320 389/653/389 436/652/436
o Cube.002
v 1.584256 3.303632 1.738045
v 1.584257 4.851311 1.738045
v 1.584256 3.303632 -1.489080
v 1.584257 4.851311 -1.489080
v 4.768266 3.303632 1.738045
v 4.768265 4.851311 1.738045
v 4.768266 3.303632 -1.489080
v 4.768265 4.851311 -1.489080
v 1.271948 3.037031 0.124482
v 1.271948 4.419079 2.054583
v 1.271948 4.872274 0.124482
v 1.271948 4.419079 -1.805618
v 3.176261 3.037031 -1.805618
v 3.176261 4.872274 -1.805618
v 5.080574 4.419079 -1.805618
v 5.080574 3.037030 0.124482
v 5.080574 4.872274 0.124482
v 5.080574 4.419079 2.054583
v 3.176261 3.037031 2.054583
v 3.176261 4.872274 2.054583
v 0.559795 4.399645 0.124482
v 3.176261 4.399645 -2.527415
v 5.792727 4.399645 0.124482
v 3.176261 4.399645 2.776380
v 3.176261 2.429103 0.124482
v 3.176261 4.914201 0.124482
v 1.369096 3.119961 -0.843287
v 1.369096 3.119960 1.092252
v 1.369096 3.817100 1.956120
v 1.369096 4.750017 1.956120
v 1.369096 4.868683 1.092252
v 1.369096 4.868683 -0.843287
v 1.369096 4.750017 -1.707155
v 1.369095 3.817100 -1.707155
v 4.131101 3.119961 -1.707155
v 2.221421 3.119960 -1.707155
v 2.221421 4.868683 -1.707155
v 4.131101 4.868683 -1.707155
v 4.983426 4.750017 -1.707155
v 4.983426 3.817100 -1.707155
v 4.983426 3.119961 1.092252
v 4.983426 3.119960 -0.843287
v 4.983426 4.868683 -0.843287
v 4.983426 4.868683 1.092252
v 4.983426 4.750017 1.956120
v 4.983427 3.817100 1.956120
v 2.221421 3.119961 1.956120
v 4.131101 3.119960 1.956120
v 4.131101 4.868683 1.956120
v 2.221421 4.868683 1.956120
v 0.737552 4.409362 1.180326
v 0.737552 4.750305 0.124482
v 0.737552 4.409362 -0.931361
v 0.737552 3.740491 0.124482
v 2.134524 4.409362 -2.347250
v 3.176261 4.750305 -2.347250
v 4.217998 4.409362 -2.347250
v 3.176261 3.740491 -2.347250
v 5.614969 4.409362 -0.931361
v 5.614969 4.750305 0.124482
v 5.614969 4.409362 1.180326
v 5.614969 3.740491 0.124482
v 4.217998 4.409362 2.596215
v 3.176261 4.750305 2.596215
v 2.134524 4.409362 2.596215
v 3.176261 3.740491 2.596215
v 3.176261 2.580846 -0.931361
v 4.217998 2.580846 0.124482
v 3.176261 2.580846 1.180326
v 2.134524 2.580846 0.124482
v 3.176261 4.908960 -0.931361
v 2.134524 4.908960 0.124482
v 3.176261 4.908960 1.180326
v 4.217998 4.908960 0.124482
v 0.892750 3.774886 1.140931
v 0.892750 4.750841 1.140931
v 0.892750 4.750841 -0.891966
v 0.892750 3.774886 -0.891966
v 2.173393 3.774886 -2.189951
v 2.173393 4.750841 -2.189951
v 4.179129 4.750841 -2.189951
v 4.179129 3.774886 -2.189951
v 5.459772 3.774886 -0.891966
v 5.459771 4.750841 -0.891966
v 5.459772 4.750841 1.140931
v 5.459772 3.774886 1.140931
v 4.179129 3.774886 2.438915
v 4.179129 4.750841 2.438915
v 2.173393 4.750841 2.438916
v 2.173393 3.774886 2.438915
v 2.173393 2.713330 -0.891966
v 4.179129 2.713330 -0.891966
v 4.179129 2.713330 1.140931
v 2.173393 2.713330 1.140931
v 4.179129 4.903913 -0.891966
v 2.173393 4.903913 -0.891966
v 2.173393 4.903913 1.140931
v 4.179129 4.903913 1.140931
vn -0.5403 -0.6511 0.5331
vn -0.1409 0.9802 0.1390
vn -0.5403 -0.6511 -0.5331
vn -0.1409 0.9802 -0.1390
vn 0.5403 -0.6511 0.5331
vn 0.1409 0.9802 0.1390
vn 0.5403 -0.6511 -0.5331
vn 0.1409 0.9802 -0.1390
vn -0.6415 -0.7671 -0.0000
vn -0.7088 0.0917 0.6994
vn -0.1424 0.9898 -0.0000
vn -0.7088 0.0917 -0.6994
vn -0.0000 -0.7713 -0.6365
vn -0.0000 0.9901 -0.1406
vn 0.7088 0.0917 -0.6994
vn 0.6415 -0.7671 -0.0000
vn 0.1424 0.9898 -0.0000
vn 0.7088 0.0917 0.6994
vn -0.0000 -0.7713 0.6365
vn -0.0000 0.9901 0.1406
vn -0.9953 0.0971 -0.0000
vn -0.0000 0.0984 -0.9951
vn 0.9953 0.0971 -0.0000
vn -0.0000 0.0984 0.9951
vn -0.0000 -1.0000 -0.0000
vn -0.0000 1.0000 -0.0000
vn -0.6171 -0.7387 -0.2711
vn -0.6171 -0.7387 0.2711
vn -0.6573 -0.3838 0.6485
vn -0.4750 0.7447 0.4687
vn -0.1500 0.9871 0.0555
vn -0.1500 0.9871 -0.0555
vn -0.4750 0.7447 -0.4687
vn -0.6573 -0.3838 -0.6485
vn 0.2758 -0.7417 -0.6113
vn -0.2758 -0.7417 -0.6113
vn -0.0562 0.9874 -0.1480
vn 0.0562 0.9874 -0.1480
vn 0.4750 0.7447 -0.4687
vn 0.6573 -0.3838 -0.6485
vn 0.6171 -0.7387 0.2711
vn 0.6171 -0.7387 -0.2711
vn 0.1500 0.9871 -0.0555
vn 0.1500 0.9871 0.0555
vn 0.4750 0.7447 0.4687
vn 0.6573 -0.3838 0.6485
vn -0.2758 -0.7417 0.6113
vn 0.2758 -0.7417 0.6113
vn 0.0562 0.9874 0.1480
vn -0.0562 0.9874 0.1480
vn -0.9359 0.0945 0.3393
vn -0.6247 0.7809 -0.0000
vn -0.9359 0.0945 -0.3393
vn -0.8997 -0.4365 -0.0000
vn -0.3474 0.0954 -0.9329
vn -0.0000 0.7850 -0.6195
vn 0.3474 0.0954 -0.9329
vn -0.0000 -0.4413 -0.8974
vn 0.9359 0.0945 -0.3393
vn 0.6247 0.7809 -0.0000
vn 0.9359 0.0945 0.3393
vn 0.8997 -0.4365 -0.0000
vn 0.3474 0.0954 0.9329
vn -0.0000 0.7850 0.6195
vn -0.3474 0.0954 0.9329
vn -0.0000 -0.4413 0.8974
vn -0.0000 -0.9547 -0.2977
vn 0.3014 -0.9535 -0.0000
vn -0.0000 -0.9547 0.2977
vn -0.3014 -0.9535 -0.0000
vn -0.0000 0.9997 -0.0244
vn -0.0247 0.9997 -0.0000
vn -0.0000 0.9997 0.0244
vn 0.0247 0.9997 -0.0000
vn -0.8571 -0.4107 0.3109
vn -0.6084 0.7638 0.2154
vn -0.6084 0.7638 -0.2154
vn -0.8571 -0.4107 -0.3109
vn -0.3178 -0.4142 -0.8529
vn -0.2193 0.7671 -0.6029
vn 0.2193 0.7671 -0.6029
vn 0.3178 -0.4142 -0.8529
vn 0.8571 -0.4107 -0.3109
vn 0.6084 0.7638 -0.2154
vn 0.6084 0.7638 0.2154
vn 0.8571 -0.4107 0.3109
vn 0.3178 -0.4142 0.8529
vn 0.2193 0.7671 0.6029
vn -0.2193 0.7671 0.6029
vn -0.3178 -0.4142 0.8529
vn -0.2847 -0.9165 -0.2809
vn 0.2847 -0.9165 -0.2809
vn 0.2847 -0.9165 0.2809
vn -0.2847 -0.9165 0.2809
vn 0.0252 0.9994 -0.0249
vn -0.0252 0.9994 -0.0249
vn -0.0252 0.9994 0.0249
vn 0.0252 0.9994 0.0249
vt 0.103002 0.943315
vt 0.111041 0.941537
vt 0.111738 0.953142
vt 0.100876 0.951731
vt 0.119817 0.940102
vt 0.121145 0.952638
vt 0.121077 0.964793
vt 0.111267 0.964785
vt 0.099546 0.962579
vt 0.124011 0.939945
vt 0.125307 0.951477
vt 0.789829 0.199561
vt 0.792948 0.197323
vt 0.800366 0.201174
vt 0.798790 0.206938
vt 0.811894 0.204181
vt 0.810794 0.210749
vt 0.125307 0.963062
vt 0.124194 0.972667
vt 0.119989 0.974649
vt 0.823785 0.204803
vt 0.823387 0.210749
vt 0.831995 0.203373
vt 0.834153 0.206429
vt 0.962355 0.699907
vt 0.958208 0.697934
vt 0.958336 0.687436
vt 0.962424 0.688390
vt 0.110626 0.974332
vt 0.099817 0.971906
vt 0.971735 0.699907
vt 0.971267 0.689322
vt 0.982483 0.696787
vt 0.979491 0.689728
vt 0.973656 0.677944
vt 0.983761 0.682170
vt 0.964450 0.675949
vt 0.967721 0.664242
vt 0.977182 0.666838
vt 0.987906 0.672057
vt 0.960129 0.675971
vt 0.835853 0.195958
vt 0.841520 0.197459
vt 0.838857 0.184419
vt 0.845324 0.185441
vt 0.522864 0.842926
vt 0.517718 0.841460
vt 0.519717 0.832023
vt 0.525110 0.833235
vt 0.520947 0.820501
vt 0.526218 0.821154
vt 0.839474 0.172511
vt 0.845322 0.172833
vt 0.838030 0.164281
vt 0.841005 0.162053
vt 0.521096 0.808895
vt 0.526170 0.808549
vt 0.980319 0.657798
vt 0.990105 0.662989
vt 0.534004 0.832072
vt 0.534755 0.820548
vt 0.534295 0.808940
vt 0.542786 0.817880
vt 0.540690 0.809767
vt 0.790322 0.237718
vt 0.786677 0.233540
vt 0.797090 0.228362
vt 0.798767 0.236008
vt 0.525073 0.797169
vt 0.533705 0.798560
vt 0.522965 0.788312
vt 0.532005 0.790201
vt 0.809576 0.227199
vt 0.810724 0.235656
vt 0.519897 0.798513
vt 0.830637 0.160427
vt 0.832045 0.154676
vt 0.819114 0.157420
vt 0.820040 0.150865
vt 0.517718 0.790152
vt 0.913242 0.268434
vt 0.908942 0.265992
vt 0.907517 0.257323
vt 0.911687 0.259245
vt 0.807218 0.156799
vt 0.807448 0.150865
vt 0.798984 0.158231
vt 0.796681 0.155186
vt 0.907517 0.246824
vt 0.911616 0.247728
vt 0.934439 0.263776
vt 0.922963 0.267862
vt 0.921067 0.259130
vt 0.931776 0.255880
vt 0.920470 0.248552
vt 0.928698 0.248857
vt 0.922720 0.237146
vt 0.932876 0.241248
vt 0.913490 0.235263
vt 0.916618 0.223517
vt 0.926109 0.225997
vt 0.936896 0.231085
vt 0.909169 0.235338
vt 0.795150 0.165644
vt 0.789315 0.164155
vt 0.792151 0.177182
vt 0.785510 0.176173
vt 0.912088 0.224127
vt 0.915585 0.215112
vt 0.920155 0.214253
vt 0.791530 0.189090
vt 0.785513 0.188781
vt 0.116846 0.928976
vt 0.121366 0.929785
vt 0.929136 0.216919
vt 0.938985 0.221991
vt 0.107797 0.931450
vt 0.098253 0.937294
vt 0.990703 0.689190
vt 0.785510 0.269114
vt 0.785510 0.257651
vt 0.797143 0.259459
vt 0.796262 0.271332
vt 0.810227 0.260536
vt 0.808785 0.272805
vt 0.795036 0.280033
vt 0.806793 0.282048
vt 0.787482 0.245852
vt 0.798333 0.246901
vt 0.810936 0.247427
vt 0.822819 0.248165
vt 0.822578 0.260772
vt 0.822080 0.237212
vt 0.939903 0.248182
vt 0.831605 0.248131
vt 0.832006 0.260053
vt 0.090071 0.957860
vt 0.092328 0.946791
vt 0.820748 0.272597
vt 0.829634 0.271393
vt 0.829726 0.170392
vt 0.828306 0.182778
vt 0.815534 0.180799
vt 0.817505 0.168009
vt 0.825924 0.195017
vt 0.813556 0.193589
vt 0.801327 0.191206
vt 0.802755 0.178819
vt 0.805129 0.166581
s 1
usemtl Material.013
f 437/654/437 465/655/465 511/656/511 464/657/464
f 465/655/465 446/658/446 487/659/487 511/656/511
f 511/656/511 487/659/487 457/660/457 490/661/490
f 464/657/464 511/656/511 490/661/490 445/662/445
f 446/658/446 466/663/466 512/664/512 487/659/487
f 466/665/466 438/666/438 467/667/467 512/668/512
f 512/668/512 467/667/467 447/669/447 488/670/488
f 487/659/487 512/664/512 488/671/488 457/660/457
f 457/660/457 488/671/488 513/672/513 489/673/489
f 488/670/488 447/669/447 468/674/468 513/675/513
f 513/675/513 468/674/468 440/676/440 469/677/469
f 489/678/489 513/679/513 469/680/469 448/681/448
f 445/662/445 490/661/490 514/682/514 463/683/463
f 490/661/490 457/660/457 489/673/489 514/682/514
f 514/684/514 489/678/489 448/681/448 470/685/470
f 463/686/463 514/684/514 470/685/470 439/687/439
f 439/687/439 470/685/470 515/688/515 472/689/472
f 470/685/470 448/681/448 491/690/491 515/688/515
f 515/688/515 491/690/491 458/691/458 494/692/494
f 472/689/472 515/688/515 494/692/494 449/693/449
f 448/681/448 469/680/469 516/694/516 491/690/491
f 469/677/469 440/676/440 473/695/473 516/696/516
f 516/696/516 473/695/473 450/697/450 492/698/492
f 491/699/491 516/700/516 492/701/492 458/702/458
f 458/702/458 492/701/492 517/703/517 493/704/493
f 492/698/492 450/697/450 474/705/474 517/706/517
f 517/706/517 474/705/474 444/707/444 475/708/475
f 493/704/493 517/703/517 475/709/475 451/710/451
f 449/693/449 494/692/494 518/711/518 471/712/471
f 494/713/494 458/702/458 493/704/493 518/714/518
f 518/714/518 493/704/493 451/710/451 476/715/476
f 471/716/471 518/714/518 476/715/476 443/717/443
f 443/718/443 476/719/476 519/720/519 478/721/478
f 476/715/476 451/710/451 495/722/495 519/723/519
f 519/723/519 495/722/495 459/724/459 498/725/498
f 478/721/478 519/720/519 498/726/498 452/727/452
f 451/710/451 475/709/475 520/728/520 495/722/495
f 475/708/475 444/707/444 479/729/479 520/730/520
f 520/730/520 479/729/479 453/731/453 496/732/496
f 495/722/495 520/728/520 496/733/496 459/724/459
f 459/734/459 496/735/496 521/736/521 497/737/497
f 496/732/496 453/731/453 480/738/480 521/739/521
f 521/739/521 480/738/480 442/740/442 481/741/481
f 497/737/497 521/736/521 481/742/481 454/743/454
f 452/744/452 498/745/498 522/746/522 477/747/477
f 498/745/498 459/734/459 497/737/497 522/746/522
f 522/746/522 497/737/497 454/743/454 482/748/482
f 477/747/477 522/746/522 482/748/482 441/749/441
f 441/749/441 482/748/482 523/750/523 484/751/484
f 482/748/482 454/743/454 499/752/499 523/750/523
f 523/750/523 499/752/499 460/753/460 502/754/502
f 484/751/484 523/750/523 502/754/502 455/755/455
f 454/743/454 481/742/481 524/756/524 499/752/499
f 481/741/481 442/740/442 485/757/485 524/758/524
f 524/758/524 485/757/485 456/759/456 500/760/500
f 499/752/499 524/756/524 500/761/500 460/753/460
f 460/753/460 500/761/500 525/762/525 501/763/501
f 500/760/500 456/759/456 486/764/486 525/765/525
f 525/765/525 486/764/486 438/666/438 466/665/466
f 501/766/501 525/767/525 466/663/466 446/658/446
f 455/755/455 502/754/502 526/768/526 483/769/483
f 502/754/502 460/753/460 501/763/501 526/768/526
f 526/770/526 501/766/501 446/658/446 465/655/465
f 483/771/483 526/770/526 465/655/465 437/654/437
f 439/687/439 472/689/472 527/772/527 463/686/463
f 472/773/472 449/774/449 503/775/503 527/776/527
f 527/776/527 503/775/503 461/777/461 506/778/506
f 463/779/463 527/776/527 506/778/506 445/780/445
f 449/774/449 471/781/471 528/782/528 503/775/503
f 471/781/471 443/718/443 478/721/478 528/782/528
f 528/782/528 478/721/478 452/727/452 504/783/504
f 503/775/503 528/782/528 504/783/504 461/777/461
f 461/777/461 504/783/504 529/784/529 505/785/505
f 504/783/504 452/727/452 477/786/477 529/784/529
f 529/787/529 477/747/477 441/749/441 484/751/484
f 505/785/505 529/784/529 484/788/484 455/789/455
f 445/662/445 506/790/506 530/791/530 464/657/464
f 506/778/506 461/777/461 505/785/505 530/792/530
f 530/792/530 505/785/505 455/789/455 483/793/483
f 464/657/464 530/791/530 483/771/483 437/654/437
f 444/707/444 474/705/474 531/794/531 479/729/479
f 474/705/474 450/697/450 507/795/507 531/794/531
f 531/794/531 507/795/507 462/796/462 510/797/510
f 479/729/479 531/794/531 510/797/510 453/731/453
f 450/697/450 473/695/473 532/798/532 507/795/507
f 473/695/473 440/676/440 468/674/468 532/798/532
f 532/798/532 468/674/468 447/669/447 508/799/508
f 507/795/507 532/798/532 508/799/508 462/796/462
f 462/796/462 508/799/508 533/800/533 509/801/509
f 508/799/508 447/669/447 467/667/467 533/800/533
f 533/800/533 467/667/467 438/666/438 486/764/486
f 509/801/509 533/800/533 486/764/486 456/759/456
f 453/731/453 510/797/510 534/802/534 480/738/480
f 510/797/510 462/796/462 509/801/509 534/802/534
f 534/802/534 509/801/509 456/759/456 485/757/485
f 480/738/480 534/802/534 485/757/485 442/740/442
o Cylinder
v 3.170974 4.424671 -0.490736
v 3.170974 5.384481 -0.220110
v 3.268250 4.422071 -0.481515
v 3.268250 5.381881 -0.210888
v 3.361787 4.414371 -0.454205
v 3.361787 5.374181 -0.183579
v 3.447991 4.401866 -0.409857
v 3.447991 5.361677 -0.139231
v 3.523550 4.385038 -0.350175
v 3.523550 5.344849 -0.079549
v 3.585559 4.364534 -0.277452
v 3.585559 5.324344 -0.006825
v 3.631636 4.341140 -0.194483
v 3.631636 5.300950 0.076144
v 3.660010 4.315756 -0.104456
v 3.660010 5.275566 0.166171
v 3.669591 4.289358 -0.010831
v 3.669591 5.249168 0.259795
v 3.660010 4.262959 0.082794
v 3.660010 5.222770 0.353420
v 3.631636 4.237576 0.172821
v 3.631636 5.197386 0.443447
v 3.585559 4.214182 0.255790
v 3.585559 5.173992 0.526416
v 3.523550 4.193677 0.328513
v 3.523550 5.153487 0.599140
v 3.447991 4.176849 0.388196
v 3.447991 5.136659 0.658822
v 3.361787 4.164345 0.432544
v 3.361787 5.124155 0.703170
v 3.268250 4.156645 0.459853
v 3.268250 5.116455 0.730479
v 3.170974 4.154045 0.469074
v 3.170974 5.113855 0.739701
v 3.073699 4.156645 0.459853
v 3.073699 5.116455 0.730479
v 2.980162 4.164345 0.432544
v 2.980162 5.124155 0.703170
v 2.893958 4.176849 0.388196
v 2.893958 5.136659 0.658822
v 2.818399 4.193677 0.328513
v 2.818399 5.153487 0.599140
v 2.756390 4.214182 0.255790
v 2.756390 5.173992 0.526416
v 2.710313 4.237576 0.172821
v 2.710313 5.197386 0.443447
v 2.681939 4.262959 0.082794
v 2.681939 5.222770 0.353420
v 2.672358 4.289358 -0.010831
v 2.672358 5.249168 0.259795
v 2.681939 4.315756 -0.104456
v 2.681939 5.275566 0.166171
v 2.710313 4.341140 -0.194483
v 2.710313 5.300950 0.076144
v 2.756390 4.364534 -0.277452
v 2.756390 5.324344 -0.006825
v 2.818399 4.385038 -0.350175
v 2.818399 5.344849 -0.079549
v 2.893958 4.401866 -0.409857
v 2.893958 5.361677 -0.139231
v 2.980162 4.414371 -0.454205
v 2.980162 5.374181 -0.183579
v 3.073699 4.422071 -0.481515
v 3.073699 5.381881 -0.210888
v 3.244109 6.505626 0.237610
v 3.170974 6.507581 0.230677
v 3.314434 6.499837 0.258142
v 3.379245 6.490436 0.291485
v 3.436053 6.477784 0.336356
v 3.482674 6.462368 0.391032
v 3.517316 6.444779 0.453411
v 3.538649 6.425695 0.521096
v 3.545852 6.405848 0.591487
v 3.538649 6.386001 0.661877
v 3.517316 6.366916 0.729563
v 3.482674 6.349328 0.791942
v 3.436053 6.333912 0.846618
v 3.379245 6.321259 0.891489
v 3.314434 6.311859 0.924831
v 3.244109 6.306069 0.945364
v 3.170974 6.304114 0.952297
v 3.097839 6.306069 0.945364
v 3.027515 6.311859 0.924831
v 2.962704 6.321259 0.891489
v 2.905896 6.333912 0.846618
v 2.859275 6.349328 0.791942
v 2.824633 6.366916 0.729563
v 2.803300 6.386001 0.661877
v 2.796097 6.405848 0.591487
v 2.803300 6.425695 0.521096
v 2.824633 6.444779 0.453411
v 2.859275 6.462368 0.391032
v 2.905896 6.477784 0.336356
v 2.962704 6.490436 0.291485
v 3.027515 6.499837 0.258142
v 3.097839 6.505626 0.237610
v 3.220984 7.880306 0.776958
v 3.170975 7.881642 0.772217
v 3.269072 7.876348 0.790997
v 3.313390 7.869919 0.813797
v 3.352236 7.861268 0.844480
v 3.384115 7.850726 0.881867
v 3.407804 7.838699 0.924522
v 3.422391 7.825649 0.970806
v 3.427316 7.812078 1.018939
v 3.422391 7.798506 1.067072
v 3.407804 7.785456 1.113355
v 3.384115 7.773429 1.156010
v 3.352236 7.762887 1.193398
v 3.313390 7.754236 1.224081
v 3.269072 7.747808 1.246880
v 3.220984 7.743849 1.260920
v 3.170975 7.742512 1.265661
v 3.120965 7.743849 1.260920
v 3.072877 7.747808 1.246880
v 3.028559 7.754236 1.224081
v 2.989714 7.762887 1.193398
v 2.957834 7.773429 1.156010
v 2.934146 7.785456 1.113355
v 2.919559 7.798506 1.067072
v 2.914633 7.812078 1.018939
v 2.919559 7.825649 0.970806
v 2.934146 7.838699 0.924522
v 2.957834 7.850726 0.881867
v 2.989714 7.861268 0.844480
v 3.028559 7.869919 0.813797
v 3.072877 7.876348 0.790997
v 3.120965 7.880306 0.776958
v 3.207265 8.666151 1.070194
v 3.170974 8.667122 1.066753
v 3.242161 8.663279 1.080382
v 3.274321 8.658614 1.096927
v 3.302510 8.652336 1.119192
v 3.325644 8.644686 1.146323
v 3.342834 8.635959 1.177277
v 3.353420 8.626489 1.210863
v 3.356994 8.616640 1.245792
v 3.353420 8.606791 1.280721
v 3.342834 8.597322 1.314307
v 3.325644 8.588594 1.345261
v 3.302510 8.580944 1.372391
v 3.274321 8.574667 1.394657
v 3.242161 8.570002 1.411202
v 3.207265 8.567129 1.421391
v 3.170974 8.566158 1.424831
v 3.134684 8.567129 1.421391
v 3.099788 8.570002 1.411202
v 3.067627 8.574667 1.394657
v 3.039439 8.580944 1.372391
v 3.016305 8.588594 1.345261
v 2.999115 8.597322 1.314307
v 2.988529 8.606791 1.280721
v 2.984955 8.616640 1.245792
v 2.988529 8.626489 1.210863
v 2.999115 8.635959 1.177277
v 3.016305 8.644686 1.146323
v 3.039439 8.652336 1.119192
v 3.067627 8.658614 1.096927
v 3.099788 8.663279 1.080382
v 3.134684 8.666151 1.070194
v 3.215212 9.271183 1.184339
v 3.170974 9.272366 1.180146
v 3.257751 9.267681 1.196759
v 3.296954 9.261995 1.216927
v 3.331316 9.254342 1.244069
v 3.359516 9.245017 1.277141
v 3.380471 9.234378 1.314873
v 3.393374 9.222834 1.355815
v 3.397731 9.210829 1.398393
v 3.393374 9.198824 1.440971
v 3.380471 9.187280 1.481913
v 3.359516 9.176641 1.519645
v 3.331316 9.167316 1.552717
v 3.296954 9.159663 1.579859
v 3.257751 9.153976 1.600027
v 3.215212 9.150475 1.612447
v 3.170974 9.149292 1.616641
v 3.126736 9.150475 1.612447
v 3.084198 9.153976 1.600027
v 3.044995 9.159663 1.579859
v 3.010633 9.167316 1.552717
v 2.982433 9.176641 1.519645
v 2.961478 9.187280 1.481913
v 2.948574 9.198824 1.440971
v 2.944217 9.210829 1.398393
v 2.948574 9.222834 1.355815
v 2.961478 9.234378 1.314873
v 2.982433 9.245017 1.277141
v 3.010633 9.254342 1.244069
v 3.044995 9.261995 1.216927
v 3.084198 9.267681 1.196759
v 3.126736 9.271183 1.184339
vn -0.0000 -0.4624 -0.8867
vn -0.0000 0.3222 -0.9467
vn 0.1420 -0.4662 -0.8732
vn 0.1948 0.3170 -0.9282
vn 0.2785 -0.4775 -0.8333
vn 0.3821 0.3014 -0.8736
vn 0.4044 -0.4957 -0.7686
vn 0.5547 0.2762 -0.7848
vn 0.5147 -0.5203 -0.6815
vn 0.7061 0.2423 -0.6654
vn 0.6052 -0.5502 -0.5753
vn 0.8303 0.2009 -0.5199
vn 0.6725 -0.5844 -0.4542
vn 0.9226 0.1537 -0.3539
vn 0.7139 -0.6214 -0.3228
vn 0.9795 0.1025 -0.1737
vn 0.7279 -0.6600 -0.1861
vn 0.9987 0.0492 0.0137
vn 0.7139 -0.6985 -0.0494
vn 0.9796 -0.0041 0.2011
vn 0.6725 -0.7356 0.0820
vn 0.9228 -0.0554 0.3814
vn 0.6052 -0.7697 0.2031
vn 0.8305 -0.1026 0.5475
vn 0.5147 -0.7996 0.3093
vn 0.7063 -0.1440 0.6931
vn 0.4044 -0.8242 0.3964
vn 0.5550 -0.1780 0.8126
vn 0.2785 -0.8425 0.4612
vn 0.3823 -0.2032 0.9014
vn 0.1420 -0.8537 0.5010
vn 0.1949 -0.2188 0.9561
vn -0.0000 -0.8575 0.5145
vn -0.0000 -0.2240 0.9746
vn -0.1420 -0.8537 0.5010
vn -0.1949 -0.2188 0.9561
vn -0.2785 -0.8425 0.4612
vn -0.3823 -0.2032 0.9014
vn -0.4044 -0.8242 0.3964
vn -0.5550 -0.1780 0.8126
vn -0.5147 -0.7996 0.3093
vn -0.7063 -0.1440 0.6931
vn -0.6052 -0.7697 0.2031
vn -0.8305 -0.1026 0.5475
vn -0.6725 -0.7356 0.0820
vn -0.9228 -0.0554 0.3814
vn -0.7139 -0.6985 -0.0494
vn -0.9796 -0.0041 0.2011
vn -0.7279 -0.6600 -0.1861
vn -0.9987 0.0492 0.0137
vn -0.7139 -0.6214 -0.3228
vn -0.9795 0.1025 -0.1737
vn -0.6725 -0.5844 -0.4542
vn -0.9226 0.1537 -0.3539
vn -0.6052 -0.5502 -0.5753
vn -0.8303 0.2009 -0.5199
vn -0.5147 -0.5203 -0.6815
vn -0.7061 0.2423 -0.6654
vn -0.4044 -0.4957 -0.7686
vn -0.5547 0.2762 -0.7848
vn -0.2785 -0.4775 -0.8333
vn -0.3821 0.3014 -0.8736
vn -0.1420 -0.4662 -0.8732
vn -0.1948 0.3170 -0.9282
vn 0.1940 0.3642 -0.9109
vn -0.0000 0.3696 -0.9292
vn 0.3805 0.3482 -0.8567
vn 0.5525 0.3222 -0.7687
vn 0.7033 0.2873 -0.6502
vn 0.8272 0.2446 -0.5058
vn 0.9194 0.1960 -0.3409
vn 0.9764 0.1431 -0.1619
vn 0.9958 0.0881 0.0243
vn 0.9770 0.0331 0.2107
vn 0.9206 -0.0198 0.3901
vn 0.8287 -0.0687 0.5555
vn 0.7049 -0.1115 0.7005
vn 0.5540 -0.1466 0.8195
vn 0.3816 -0.1728 0.9080
vn 0.1946 -0.1889 0.9625
vn -0.0000 -0.1943 0.9809
vn -0.1946 -0.1889 0.9625
vn -0.3816 -0.1728 0.9080
vn -0.5540 -0.1466 0.8195
vn -0.7049 -0.1115 0.7005
vn -0.8287 -0.0687 0.5555
vn -0.9206 -0.0198 0.3901
vn -0.9770 0.0331 0.2107
vn -0.9958 0.0881 0.0243
vn -0.9764 0.1431 -0.1619
vn -0.9194 0.1960 -0.3409
vn -0.8272 0.2446 -0.5058
vn -0.7033 0.2873 -0.6502
vn -0.5525 0.3222 -0.7687
vn -0.3805 0.3482 -0.8567
vn -0.1940 0.3642 -0.9109
vn 0.1944 0.3536 -0.9150
vn -0.0000 0.3589 -0.9334
vn 0.3813 0.3376 -0.8606
vn 0.5536 0.3117 -0.7722
vn 0.7046 0.2769 -0.6533
vn 0.8286 0.2345 -0.5084
vn 0.9207 0.1860 -0.3431
vn 0.9774 0.1335 -0.1637
vn 0.9966 0.0788 0.0229
vn 0.9775 0.0242 0.2095
vn 0.9208 -0.0284 0.3889
vn 0.8287 -0.0768 0.5543
vn 0.7048 -0.1193 0.6993
vn 0.5538 -0.1541 0.8183
vn 0.3814 -0.1800 0.9067
vn 0.1945 -0.1960 0.9611
vn -0.0000 -0.2014 0.9795
vn -0.1945 -0.1960 0.9611
vn -0.3814 -0.1800 0.9067
vn -0.5538 -0.1541 0.8183
vn -0.7048 -0.1193 0.6993
vn -0.8287 -0.0768 0.5543
vn -0.9208 -0.0284 0.3889
vn -0.9775 0.0242 0.2095
vn -0.9966 0.0788 0.0229
vn -0.9774 0.1335 -0.1637
vn -0.9207 0.1860 -0.3431
vn -0.8286 0.2345 -0.5084
vn -0.7046 0.2769 -0.6533
vn -0.5536 0.3117 -0.7722
vn -0.3813 0.3376 -0.8606
vn -0.1944 0.3536 -0.9150
vn 0.1952 0.2636 -0.9447
vn -0.0000 0.2686 -0.9632
vn 0.3829 0.2488 -0.8896
vn 0.5559 0.2247 -0.8003
vn 0.7075 0.1923 -0.6801
vn 0.8318 0.1529 -0.5336
vn 0.9241 0.1079 -0.3665
vn 0.9809 0.0591 -0.1853
vn 1.0000 0.0083 0.0031
vn 0.9806 -0.0424 0.1915
vn 0.9235 -0.0912 0.3725
vn 0.8310 -0.1361 0.5393
vn 0.7066 -0.1755 0.6855
vn 0.5551 -0.2078 0.8054
vn 0.3824 -0.2318 0.8945
vn 0.1949 -0.2465 0.9493
vn -0.0000 -0.2515 0.9679
vn -0.1949 -0.2465 0.9493
vn -0.3824 -0.2318 0.8945
vn -0.5551 -0.2078 0.8054
vn -0.7066 -0.1755 0.6855
vn -0.8310 -0.1361 0.5393
vn -0.9235 -0.0912 0.3725
vn -0.9806 -0.0424 0.1915
vn -1.0000 0.0083 0.0031
vn -0.9809 0.0591 -0.1853
vn -0.9241 0.1079 -0.3665
vn -0.8318 0.1529 -0.5336
vn -0.7075 0.1923 -0.6801
vn -0.5559 0.2247 -0.8003
vn -0.3829 0.2488 -0.8896
vn -0.1952 0.2636 -0.9447
vn 0.1476 0.8299 -0.5380
vn -0.0000 0.8337 -0.5522
vn 0.2894 0.8186 -0.4961
vn 0.4198 0.8003 -0.4282
vn 0.5337 0.7757 -0.3369
vn 0.6267 0.7458 -0.2260
vn 0.6953 0.7117 -0.0997
vn 0.7370 0.6749 0.0369
vn 0.7501 0.6368 0.1784
vn 0.7345 0.5988 0.3195
vn 0.6907 0.5623 0.4547
vn 0.6206 0.5289 0.5789
vn 0.5271 0.4996 0.6874
vn 0.4137 0.4757 0.7763
vn 0.2847 0.4580 0.8421
vn 0.1451 0.4470 0.8827
vn -0.0000 0.4434 0.8963
vn -0.1451 0.4470 0.8827
vn -0.2847 0.4580 0.8421
vn -0.4137 0.4757 0.7763
vn -0.5271 0.4996 0.6874
vn -0.6206 0.5289 0.5789
vn -0.6907 0.5623 0.4547
vn -0.7345 0.5988 0.3195
vn -0.7501 0.6368 0.1784
vn -0.7370 0.6749 0.0369
vn -0.6953 0.7117 -0.0997
vn -0.6267 0.7458 -0.2260
vn -0.5337 0.7757 -0.3369
vn -0.4198 0.8003 -0.4282
vn -0.2894 0.8186 -0.4961
vn -0.1476 0.8299 -0.5380
vt 0.042257 0.486315
vt 0.042257 0.393465
vt 0.051191 0.393391
vt 0.051191 0.486241
vt 0.059606 0.393246
vt 0.059606 0.486096
vt 0.067180 0.393034
vt 0.067180 0.485884
vt 0.073621 0.392765
vt 0.073621 0.485615
vt 0.090071 0.485811
vt 0.090071 0.392960
vt 0.097645 0.393170
vt 0.097645 0.486021
vt 0.106060 0.393315
vt 0.106060 0.486166
vt 0.114994 0.393389
vt 0.114994 0.486240
vt 0.124102 0.393389
vt 0.124102 0.486240
vt 0.133036 0.393315
vt 0.133036 0.486166
vt 0.141452 0.393170
vt 0.141452 0.486021
vt 0.149026 0.392960
vt 0.149026 0.485811
vt 0.155467 0.392692
vt 0.155467 0.485543
vt 0.253764 0.485457
vt 0.253764 0.392605
vt 0.260205 0.392871
vt 0.260205 0.485723
vt 0.267779 0.393080
vt 0.267779 0.485932
vt 0.276194 0.393223
vt 0.276194 0.486075
vt 0.285128 0.393297
vt 0.285128 0.486149
vt 0.294237 0.393297
vt 0.294237 0.486149
vt 0.303171 0.393223
vt 0.303171 0.486075
vt 0.311586 0.393080
vt 0.311586 0.485932
vt 0.319160 0.392871
vt 0.319160 0.485723
vt 0.171918 0.485543
vt 0.171918 0.392692
vt 0.178359 0.392960
vt 0.178359 0.485811
vt 0.185933 0.393170
vt 0.185933 0.486021
vt 0.194349 0.393315
vt 0.194349 0.486166
vt 0.203283 0.393389
vt 0.203283 0.486240
vt 0.212391 0.393389
vt 0.212391 0.486240
vt 0.221325 0.393315
vt 0.221325 0.486166
vt 0.229740 0.393170
vt 0.229740 0.486021
vt 0.237314 0.392960
vt 0.237314 0.485811
vt 0.008225 0.485884
vt 0.008225 0.393034
vt 0.015799 0.393246
vt 0.015799 0.486096
vt 0.024214 0.393391
vt 0.024214 0.486241
vt 0.059816 0.280606
vt 0.064658 0.280403
vt 0.033148 0.393465
vt 0.033148 0.486315
vt 0.100395 0.578409
vt 0.095334 0.570835
vt 0.091848 0.562420
vt 0.090071 0.553486
vt 0.090071 0.544377
vt 0.091848 0.535444
vt 0.095334 0.527028
vt 0.100395 0.519454
vt 0.106836 0.513013
vt 0.114409 0.507953
vt 0.122825 0.504467
vt 0.131759 0.502690
vt 0.140867 0.502690
vt 0.149801 0.504467
vt 0.158217 0.507953
vt 0.165790 0.513013
vt 0.172231 0.519454
vt 0.177292 0.527028
vt 0.180778 0.535443
vt 0.182555 0.544377
vt 0.182555 0.553486
vt 0.180778 0.562420
vt 0.177292 0.570835
vt 0.172231 0.578409
vt 0.165790 0.584850
vt 0.158217 0.589911
vt 0.149801 0.593397
vt 0.140867 0.595174
vt 0.131759 0.595174
vt 0.122825 0.593397
vt 0.114409 0.589911
vt 0.106836 0.584850
vt 0.136513 0.280709
vt 0.130186 0.280818
vt 0.129743 0.143549
vt 0.134069 0.143474
vt 0.262629 0.280286
vt 0.267471 0.280486
vt 0.185178 0.280551
vt 0.190872 0.280709
vt 0.027513 0.280874
vt 0.034230 0.280930
vt 0.123469 0.280874
vt 0.293058 0.280806
vt 0.299775 0.280751
vt 0.217481 0.280818
vt 0.223808 0.280709
vt 0.097883 0.280551
vt 0.103577 0.280709
vt 0.273166 0.280643
vt 0.197199 0.280818
vt 0.041078 0.280930
vt 0.047795 0.280874
vt 0.306102 0.280643
vt 0.229502 0.280551
vt 0.109904 0.280818
vt 0.279493 0.280751
vt 0.203916 0.280874
vt 0.054122 0.280765
vt 0.142207 0.280551
vt 0.311796 0.280486
vt 0.015491 0.280606
vt 0.021186 0.280765
vt 0.116620 0.280874
vt 0.286209 0.280806
vt 0.210765 0.280874
vt 0.147050 0.280350
vt 0.180335 0.280350
vt 0.137963 0.143366
vt 0.130980 0.065402
vt 0.133806 0.065323
vt 0.197642 0.143549
vt 0.202235 0.143587
vt 0.206918 0.143587
vt 0.141275 0.143229
vt 0.211511 0.143549
vt 0.270896 0.143290
vt 0.274207 0.143427
vt 0.215837 0.143474
vt 0.278101 0.143534
vt 0.039723 0.143538
vt 0.044316 0.143499
vt 0.219731 0.143366
vt 0.282427 0.143608
vt 0.048642 0.143425
vt 0.022227 0.143316
vt 0.026121 0.143425
vt 0.287020 0.143646
vt 0.052536 0.143316
vt 0.030447 0.143499
vt 0.291703 0.143646
vt 0.055847 0.143177
vt 0.035040 0.143538
vt 0.296296 0.143608
vt 0.107654 0.143366
vt 0.111548 0.143474
vt 0.300622 0.143534
vt 0.115874 0.143549
vt 0.304516 0.143427
vt 0.120467 0.143587
vt 0.186110 0.143229
vt 0.189422 0.143366
vt 0.125150 0.143587
vt 0.193316 0.143474
vt 0.281190 0.065462
vt 0.278364 0.065384
vt 0.276087 0.008346
vt 0.279532 0.008441
vt 0.202877 0.065483
vt 0.206276 0.065483
vt 0.136209 0.065223
vt 0.209608 0.065456
vt 0.275961 0.065285
vt 0.212748 0.065402
vt 0.039081 0.065433
vt 0.042414 0.065406
vt 0.215573 0.065323
vt 0.284329 0.065516
vt 0.045553 0.065351
vt 0.026384 0.065272
vt 0.029210 0.065351
vt 0.287662 0.065543
vt 0.048379 0.065272
vt 0.032349 0.065406
vt 0.291061 0.065543
vt 0.050782 0.065172
vt 0.035682 0.065433
vt 0.294394 0.065516
vt 0.111812 0.065323
vt 0.114637 0.065402
vt 0.297533 0.065462
vt 0.117777 0.065456
vt 0.300359 0.065384
vt 0.121109 0.065483
vt 0.191176 0.065223
vt 0.193579 0.065323
vt 0.124508 0.065483
vt 0.196405 0.065402
vt 0.127841 0.065456
vt 0.199544 0.065456
vt 0.914589 0.864993
vt 0.912287 0.861549
vt 0.910702 0.857721
vt 0.909894 0.853659
vt 0.909894 0.849516
vt 0.910702 0.845453
vt 0.912287 0.841626
vt 0.914589 0.838182
vt 0.917518 0.835253
vt 0.920962 0.832951
vt 0.924789 0.831366
vt 0.928852 0.830558
vt 0.932995 0.830558
vt 0.937057 0.831366
vt 0.940885 0.832951
vt 0.944329 0.835253
vt 0.947258 0.838182
vt 0.949560 0.841626
vt 0.951145 0.845453
vt 0.951953 0.849516
vt 0.951953 0.853659
vt 0.951145 0.857721
vt 0.949560 0.861549
vt 0.947258 0.864993
vt 0.944329 0.867922
vt 0.940885 0.870223
vt 0.937057 0.871809
vt 0.932995 0.872617
vt 0.928852 0.872617
vt 0.924789 0.871809
vt 0.920962 0.870223
vt 0.917518 0.867922
vt 0.039584 0.008544
vt 0.043647 0.008510
vt 0.215871 0.008442
vt 0.219315 0.008347
vt 0.283359 0.008506
vt 0.047474 0.008444
vt 0.024107 0.008348
vt 0.027552 0.008444
vt 0.287422 0.008540
vt 0.050918 0.008348
vt 0.031379 0.008510
vt 0.291564 0.008540
vt 0.053847 0.008225
vt 0.035442 0.008544
vt 0.295627 0.008506
vt 0.108070 0.008347
vt 0.111514 0.008442
vt 0.299454 0.008441
vt 0.115341 0.008508
vt 0.302898 0.008346
vt 0.119404 0.008542
vt 0.189575 0.008225
vt 0.192504 0.008347
vt 0.123546 0.008542
vt 0.195948 0.008442
vt 0.127609 0.008508
vt 0.199776 0.008508
vt 0.131437 0.008442
vt 0.203839 0.008542
vt 0.134881 0.008347
vt 0.207981 0.008542
vt 0.137810 0.008225
vt 0.212044 0.008508
vt 0.273158 0.008225
s 1
usemtl Material.009
f 535/803/535 536/804/536 538/805/538 537/806/537
f 537/806/537 538/805/538 540/807/540 539/808/539
f 539/808/539 540/807/540 542/809/542 541/810/541
f 541/810/541 542/809/542 544/811/544 543/812/543
f 543/813/543 544/814/544 546/815/546 545/816/545
f 545/816/545 546/815/546 548/817/548 547/818/547
f 547/818/547 548/817/548 550/819/550 549/820/549
f 549/820/549 550/819/550 552/821/552 551/822/551
f 551/822/551 552/821/552 554/823/554 553/824/553
f 553/824/553 554/823/554 556/825/556 555/826/555
f 555/826/555 556/825/556 558/827/558 557/828/557
f 557/828/557 558/827/558 560/829/560 559/830/559
f 559/831/559 560/832/560 562/833/562 561/834/561
f 561/834/561 562/833/562 564/835/564 563/836/563
f 563/836/563 564/835/564 566/837/566 565/838/565
f 565/838/565 566/837/566 568/839/568 567/840/567
f 567/840/567 568/839/568 570/841/570 569/842/569
f 569/842/569 570/841/570 572/843/572 571/844/571
f 571/844/571 572/843/572 574/845/574 573/846/573
f 573/846/573 574/845/574 576/847/576 575/848/575
f 575/849/575 576/850/576 578/851/578 577/852/577
f 577/852/577 578/851/578 580/853/580 579/854/579
f 579/854/579 580/853/580 582/855/582 581/856/581
f 581/856/581 582/855/582 584/857/584 583/858/583
f 583/858/583 584/857/584 586/859/586 585/860/585
f 585/860/585 586/859/586 588/861/588 587/862/587
f 587/862/587 588/861/588 590/863/590 589/864/589
f 589/864/589 590/863/590 592/865/592 591/866/591
f 591/867/591 592/868/592 594/869/594 593/870/593
f 593/870/593 594/869/594 596/871/596 595/872/595
f 544/811/544 542/809/542 602/873/602 603/874/603
f 595/872/595 596/871/596 598/875/598 597/876/597
f 597/876/597 598/875/598 536/804/536 535/803/535
f 535/877/535 537/878/537 539/879/539 541/880/541 543/881/543 545/882/545 547/883/547 549/884/549 551/885/551 553/886/553 555/887/555 557/888/557 559/889/559 561/890/561 563/891/563 565/892/565 567/893/567 569/894/569 571/895/571 573/896/573 575/897/575 577/898/577 579/899/579 581/900/581 583/901/583 585/902/585 587/903/587 589/904/589 591/905/591 593/906/593 595/907/595 597/908/597
f 609/909/609 608/910/608 640/911/640 641/912/641
f 562/833/562 560/832/560 611/913/611 612/914/612
f 580/853/580 578/851/578 620/915/620 621/916/621
f 598/875/598 596/871/596 629/917/629 630/918/630
f 554/823/554 552/821/552 607/919/607 608/910/608
f 572/843/572 570/841/570 616/920/616 617/921/617
f 590/863/590 588/861/588 625/922/625 626/923/626
f 546/815/546 544/814/544 603/924/603 604/925/604
f 564/835/564 562/833/562 612/914/612 613/926/613
f 582/855/582 580/853/580 621/916/621 622/927/622
f 538/805/538 536/804/536 600/928/600 599/929/599
f 536/804/536 598/875/598 630/918/630 600/928/600
f 556/825/556 554/823/554 608/910/608 609/909/609
f 574/845/574 572/843/572 617/921/617 618/930/618
f 592/865/592 590/863/590 626/923/626 627/931/627
f 548/817/548 546/815/546 604/925/604 605/932/605
f 566/837/566 564/835/564 613/926/613 614/933/614
f 584/857/584 582/855/582 622/927/622 623/934/623
f 540/807/540 538/805/538 599/929/599 601/935/601
f 558/827/558 556/825/556 609/909/609 610/936/610
f 576/847/576 574/845/574 618/930/618 619/937/619
f 594/869/594 592/868/592 627/938/627 628/939/628
f 550/819/550 548/817/548 605/932/605 606/940/606
f 568/839/568 566/837/566 614/933/614 615/941/615
f 586/859/586 584/857/584 623/934/623 624/942/624
f 542/809/542 540/807/540 601/935/601 602/873/602
f 560/829/560 558/827/558 610/936/610 611/943/611
f 578/851/578 576/850/576 619/944/619 620/915/620
f 596/871/596 594/869/594 628/939/628 629/917/629
f 552/821/552 550/819/550 606/940/606 607/919/607
f 570/841/570 568/839/568 615/941/615 616/920/616
f 588/861/588 586/859/586 624/942/624 625/922/625
f 642/945/642 641/912/641 673/946/673 674/947/674
f 623/934/623 622/927/622 654/948/654 655/949/655
f 610/936/610 609/909/609 641/912/641 642/945/642
f 624/942/624 623/934/623 655/949/655 656/950/656
f 611/943/611 610/936/610 642/945/642 643/951/643
f 625/922/625 624/942/624 656/950/656 657/952/657
f 612/914/612 611/913/611 643/953/643 644/954/644
f 626/923/626 625/922/625 657/952/657 658/955/658
f 613/926/613 612/914/612 644/954/644 645/956/645
f 599/929/599 600/928/600 632/957/632 631/958/631
f 627/931/627 626/923/626 658/955/658 659/959/659
f 614/933/614 613/926/613 645/956/645 646/960/646
f 601/935/601 599/929/599 631/958/631 633/961/633
f 628/939/628 627/938/627 659/962/659 660/963/660
f 615/941/615 614/933/614 646/960/646 647/964/647
f 602/873/602 601/935/601 633/961/633 634/965/634
f 629/917/629 628/939/628 660/963/660 661/966/661
f 616/920/616 615/941/615 647/964/647 648/967/648
f 603/874/603 602/873/602 634/965/634 635/968/635
f 630/918/630 629/917/629 661/966/661 662/969/662
f 617/921/617 616/920/616 648/967/648 649/970/649
f 604/925/604 603/924/603 635/971/635 636/972/636
f 600/928/600 630/918/630 662/969/662 632/957/632
f 618/930/618 617/921/617 649/970/649 650/973/650
f 605/932/605 604/925/604 636/972/636 637/974/637
f 619/937/619 618/930/618 650/973/650 651/975/651
f 606/940/606 605/932/605 637/974/637 638/976/638
f 620/915/620 619/944/619 651/977/651 652/978/652
f 607/919/607 606/940/606 638/976/638 639/979/639
f 621/916/621 620/915/620 652/978/652 653/980/653
f 608/910/608 607/919/607 639/979/639 640/911/640
f 622/927/622 621/916/621 653/980/653 654/948/654
f 677/981/677 676/982/676 708/983/708 709/984/709
f 656/950/656 655/949/655 687/985/687 688/986/688
f 643/951/643 642/945/642 674/947/674 675/987/675
f 657/952/657 656/950/656 688/986/688 689/988/689
f 644/954/644 643/953/643 675/989/675 676/982/676
f 658/955/658 657/952/657 689/988/689 690/990/690
f 645/956/645 644/954/644 676/982/676 677/981/677
f 631/958/631 632/957/632 664/991/664 663/992/663
f 659/959/659 658/955/658 690/990/690 691/993/691
f 646/960/646 645/956/645 677/981/677 678/994/678
f 633/961/633 631/958/631 663/992/663 665/995/665
f 660/963/660 659/962/659 691/996/691 692/997/692
f 647/964/647 646/960/646 678/994/678 679/998/679
f 634/965/634 633/961/633 665/995/665 666/999/666
f 661/966/661 660/963/660 692/997/692 693/1000/693
f 648/967/648 647/964/647 679/998/679 680/1001/680
f 635/968/635 634/965/634 666/999/666 667/1002/667
f 662/969/662 661/966/661 693/1000/693 694/1003/694
f 649/970/649 648/967/648 680/1001/680 681/1004/681
f 636/972/636 635/971/635 667/1005/667 668/1006/668
f 632/957/632 662/969/662 694/1003/694 664/991/664
f 650/973/650 649/970/649 681/1004/681 682/1007/682
f 637/974/637 636/972/636 668/1006/668 669/1008/669
f 651/975/651 650/973/650 682/1007/682 683/1009/683
f 638/976/638 637/974/637 669/1008/669 670/1010/670
f 652/978/652 651/977/651 683/1011/683 684/1012/684
f 639/979/639 638/976/638 670/1010/670 671/1013/671
f 653/980/653 652/978/652 684/1012/684 685/1014/685
f 640/911/640 639/979/639 671/1013/671 672/1015/672
f 654/948/654 653/980/653 685/1014/685 686/1016/686
f 641/912/641 640/911/640 672/1015/672 673/946/673
f 655/949/655 654/948/654 686/1016/686 687/985/687
f 695/1017/695 696/1018/696 726/1019/726 725/1020/725 724/1021/724 723/1022/723 722/1023/722 721/1024/721 720/1025/720 719/1026/719 718/1027/718 717/1028/717 716/1029/716 715/1030/715 714/1031/714 713/1032/713 712/1033/712 711/1034/711 710/1035/710 709/1036/709 708/1037/708 707/1038/707 706/1039/706 705/1040/705 704/1041/704 703/1042/703 702/1043/702 701/1044/701 700/1045/700 699/1046/699 698/1047/698 697/1048/697
f 663/992/663 664/991/664 696/1049/696 695/1050/695
f 691/993/691 690/990/690 722/1051/722 723/1052/723
f 678/994/678 677/981/677 709/984/709 710/1053/710
f 665/995/665 663/992/663 695/1050/695 697/1054/697
f 692/997/692 691/996/691 723/1055/723 724/1056/724
f 679/998/679 678/994/678 710/1053/710 711/1057/711
f 666/999/666 665/995/665 697/1054/697 698/1058/698
f 693/1000/693 692/997/692 724/1056/724 725/1059/725
f 680/1001/680 679/998/679 711/1057/711 712/1060/712
f 667/1002/667 666/999/666 698/1058/698 699/1061/699
f 694/1003/694 693/1000/693 725/1059/725 726/1062/726
f 681/1004/681 680/1001/680 712/1060/712 713/1063/713
f 668/1006/668 667/1005/667 699/1064/699 700/1065/700
f 664/991/664 694/1003/694 726/1062/726 696/1049/696
f 682/1007/682 681/1004/681 713/1063/713 714/1066/714
f 669/1008/669 668/1006/668 700/1065/700 701/1067/701
f 683/1009/683 682/1007/682 714/1066/714 715/1068/715
f 670/1010/670 669/1008/669 701/1067/701 702/1069/702
f 684/1012/684 683/1011/683 715/1070/715 716/1071/716
f 671/1013/671 670/1010/670 702/1069/702 703/1072/703
f 685/1014/685 684/1012/684 716/1071/716 717/1073/717
f 672/1015/672 671/1013/671 703/1072/703 704/1074/704
f 686/1016/686 685/1014/685 717/1073/717 718/1075/718
f 673/946/673 672/1015/672 704/1074/704 705/1076/705
f 687/985/687 686/1016/686 718/1075/718 719/1077/719
f 674/947/674 673/946/673 705/1076/705 706/1078/706
f 688/986/688 687/985/687 719/1077/719 720/1079/720
f 675/987/675 674/947/674 706/1078/706 707/1080/707
f 689/988/689 688/986/688 720/1079/720 721/1081/721
f 676/982/676 675/989/675 707/1082/707 708/983/708
f 690/990/690 689/988/689 721/1081/721 722/1051/722
o Cube.003
v 1.050804 9.267550 3.281906
v 1.050804 7.439028 3.002583
v 1.050804 9.955890 -0.605690
v 1.050804 8.200109 -0.886945
v 5.315166 9.267550 3.281907
v 5.315166 7.439028 3.002583
v 5.315166 9.955890 -0.605690
v 5.315166 8.200109 -0.886945
v 0.662444 9.867312 1.383364
v 0.662444 8.055791 3.440728
v 0.662444 7.952373 1.049241
v 0.584804 8.897584 -1.167063
v 3.169874 10.920704 -0.673036
v 3.182985 8.237992 -1.245384
v 5.703526 8.885672 -1.155393
v 5.460180 10.627671 1.576399
v 5.703525 7.952373 1.049241
v 5.744232 8.040137 3.548059
v 3.121443 9.800138 3.912554
v 3.182985 7.327288 3.352883
v -0.415504 8.517503 1.145189
v 3.182985 9.057118 -2.016030
v 6.651161 8.517503 1.145189
v 3.182985 7.913227 4.308125
v 3.182985 11.290900 1.472590
v 3.182985 8.182765 1.150549
v 0.783152 9.993940 0.200111
v 0.783152 9.579965 2.538159
v 0.783152 8.717878 3.436235
v 0.618812 7.249432 3.383364
v 0.783152 7.726001 2.219770
v 0.783152 8.067234 -0.116346
v 0.565526 8.032839 -1.265036
v 0.705512 9.504538 -0.951039
v 4.465304 10.174326 -0.818667
v 1.887555 10.820860 -0.577221
v 1.900665 8.223372 -1.134480
v 4.465304 8.223372 -1.134480
v 5.731788 8.234526 -1.306402
v 5.582817 9.492626 -0.939369
v 5.549631 9.602538 2.418789
v 5.339472 10.754299 0.393146
v 5.582817 8.067234 -0.116346
v 5.582817 7.726001 2.219770
v 5.764309 7.276794 3.385215
v 5.623524 8.702225 3.543566
v 1.900665 9.399579 3.556938
v 4.465304 9.399579 3.556937
v 4.465304 7.351636 3.243701
v 1.900665 7.351636 3.243701
v -0.178381 8.281011 2.405431
v -0.432833 7.611595 0.961051
v -0.048069 8.715694 -0.117721
v -0.064974 9.407341 1.254883
v 1.798967 9.009795 -1.801459
v 3.165762 8.345867 -2.346139
v 4.567002 9.009795 -1.801459
v 3.182985 9.701233 -1.829252
v 6.414038 8.715694 -0.117721
v 6.661354 7.693357 0.680457
v 5.994630 8.313331 2.228981
v 6.356027 9.432694 1.254209
v 4.457089 7.975274 3.735029
v 3.255742 6.881470 4.266067
v 2.040831 7.867510 3.828797
v 3.182985 8.649785 4.422182
v 3.251639 11.126671 0.528882
v 4.323658 11.093987 1.658965
v 3.121443 11.049613 2.943083
v 2.094409 11.164935 1.326035
v 3.182985 8.318487 -0.106963
v 1.798967 8.192074 1.152198
v 3.182985 7.944423 2.414578
v 4.567002 8.192074 1.152198
v 0.140844 9.159603 2.470104
v -0.227015 7.374815 2.182327
v 0.157750 8.247205 -0.142007
v 0.157750 9.360909 0.034615
v 1.843857 9.636431 -1.647210
v 1.826635 8.312229 -2.158579
v 4.599634 8.224890 -1.963355
v 4.522112 9.633075 -1.502522
v 6.208220 9.360909 0.034614
v 6.490827 7.952048 -0.518668
v 6.136682 7.633978 2.358711
v 5.788812 8.960914 2.299789
v 4.412198 8.689245 3.658056
v 4.522112 7.401279 3.840512
v 1.843857 7.401279 3.840512
v 2.085722 8.581482 3.751822
v 1.912511 10.982652 0.545589
v 4.278767 11.173370 0.415648
v 4.522112 9.980698 2.662525
v 2.139300 10.812006 2.522630
v 4.522112 8.319700 -0.064541
v 1.843858 8.319700 -0.064541
v 1.843858 7.960128 2.375152
v 4.522112 7.960128 2.375152
v 0.915994 9.989561 -0.287177
v 0.694369 9.953436 0.773119
v 0.694369 9.738668 1.986079
v 0.915994 9.408538 2.994319
v 0.915994 9.038429 3.368090
v 0.694369 8.382138 3.461294
v 0.694369 7.760850 3.374946
v 0.954300 7.124046 3.113546
v 0.915994 7.556663 2.695409
v 0.694369 7.861176 1.655501
v 0.694369 8.012294 0.444232
v 0.915995 8.137574 -0.586084
v 0.795185 7.807892 -1.036940
v 0.694369 8.612754 -1.163824
v 0.616729 9.199480 -1.087912
v 0.915994 9.770290 -0.765303
v 4.982746 10.064980 -0.713126
v 3.916895 10.817395 -0.564453
v 2.504618 10.894291 -0.647696
v 1.383223 10.064980 -0.713126
v 1.383224 8.209962 -1.011952
v 2.517728 8.233871 -1.216097
v 3.848241 8.233871 -1.216097
v 4.982745 8.209962 -1.011952
v 5.470493 7.996331 -0.980811
v 5.671600 8.612754 -1.163824
v 5.671600 9.187568 -1.076242
v 5.449975 9.770290 -0.765303
v 5.449975 9.408538 2.994319
v 5.395070 10.521601 2.059744
v 5.428255 10.713795 0.966155
v 5.449975 9.989561 -0.287177
v 5.449975 8.137574 -0.586084
v 5.671600 8.012294 0.444232
v 5.671600 7.861176 1.655501
v 5.449975 7.556663 2.695409
v 5.368080 7.057141 2.994549
v 5.671600 7.760850 3.374946
v 5.712307 8.366484 3.568625
v 5.449975 9.038429 3.368090
v 1.383224 9.333118 3.420268
v 2.456186 9.784030 3.879685
v 3.786700 9.784030 3.879685
v 4.982746 9.333118 3.420268
v 4.982745 7.385265 3.123907
v 3.848241 7.333473 3.323961
v 2.517728 7.333473 3.323961
v 1.383224 7.385265 3.123907
v 0.729354 8.170395 2.864977
v -0.356348 8.402938 1.790166
v 0.157253 7.433200 1.004397
v -0.226036 8.279106 1.104624
v 0.171214 8.816536 -0.689094
v 0.086330 8.617506 0.646923
v 0.231948 9.767088 1.318580
v -0.356347 8.825510 1.199005
v 1.164980 8.930937 -1.162895
v 2.474884 9.044779 -1.962595
v 3.102622 8.038454 -2.043730
v 3.182985 8.768761 -2.001593
v 5.179799 8.955418 -1.531912
v 3.691751 8.953919 -1.659727
v 3.101220 10.089947 -1.578110
v 3.182985 9.376613 -2.053442
v 5.625307 8.798116 -0.701954
v 6.592005 8.620929 0.499371
v 6.169770 7.562582 0.721090
v 6.592005 8.279106 1.104624
v 6.157823 8.143826 3.070704
v 6.592005 8.402938 1.790166
v 6.059104 9.792442 1.317906
v 6.533994 9.081873 1.192195
v 5.220506 7.969289 3.925823
v 3.891086 7.919985 4.253702
v 3.308264 6.732304 3.779721
v 3.182985 7.595472 4.215992
v 1.186170 7.984944 3.818492
v 2.474884 7.919985 4.253702
v 3.182985 9.057461 4.215190
v 3.182985 8.264680 4.522559
v 3.251639 11.029002 -0.064579
v 3.182985 11.365889 0.820091
v 4.936454 10.897402 1.624158
v 3.891086 11.251589 1.465630
v 3.121443 10.154407 3.482858
v 3.182985 11.137291 2.111168
v 1.481613 10.968351 1.291228
v 2.770326 11.283201 1.346975
v 3.182985 8.154450 -0.968876
v 3.182985 8.250431 0.506628
v 0.981780 7.928083 1.043218
v 2.474884 8.184627 1.150879
v 3.182985 7.335181 3.050772
v 3.182985 8.085483 1.796015
v 5.384190 7.991792 1.041525
v 3.891086 8.184627 1.150879
v 0.895741 8.819668 2.900827
v -0.126771 8.586171 2.445884
v -0.013365 9.287125 1.880679
v 0.398336 9.504066 2.495424
v 0.415241 7.701654 2.827886
v 0.323641 7.201827 2.191679
v -0.381224 7.512896 1.588085
v 0.003541 8.041804 2.354229
v 0.003541 8.182727 0.450352
v 0.415241 8.127267 -0.123972
v 0.197616 7.957238 -0.825834
v 0.003541 8.448072 -0.144738
v 0.315907 9.274872 0.779543
v 0.003541 9.027295 -0.054009
v 0.337601 9.439837 -0.509393
v 0.415241 9.693124 0.129107
v 1.243869 9.540619 -0.903440
v 1.811878 9.322042 -1.847250
v 2.494767 9.683777 -1.783818
v 1.800031 10.010101 -1.435805
v 1.265059 8.457999 -1.443794
v 1.801433 8.013999 -1.891618
v 2.477544 8.337298 -2.299132
v 1.811878 8.727844 -1.792982
v 3.871202 8.524234 -1.819159
v 4.433243 7.960980 -1.525118
v 5.202724 8.137715 -1.687099
v 4.554091 8.727844 -1.792982
v 3.671868 9.589561 -1.336262
v 4.554091 9.318686 -1.702562
v 5.100911 9.565099 -1.272457
v 4.484174 9.929850 -1.207874
v 5.483334 9.390888 -0.351389
v 6.362429 9.027295 -0.054009
v 6.304418 9.534658 0.625181
v 5.950727 9.693124 0.129107
v 5.997885 8.479209 -0.623894
v 6.038674 7.803822 -0.442574
v 6.609745 7.763797 0.054076
v 6.362428 8.448072 -0.144738
v 6.362429 8.013588 1.703767
v 5.879190 7.536897 2.307291
v 6.132219 7.435068 2.943679
v 6.362429 8.041804 2.354229
v 6.362429 9.056115 1.886815
v 5.943021 8.618492 2.269433
v 5.991435 8.793098 3.106554
v 5.531320 9.305376 2.325109
v 5.141617 8.655923 3.881288
v 4.444178 8.322042 3.739264
v 3.871202 8.648990 4.373517
v 4.374260 9.069148 3.483220
v 5.282402 7.181707 3.721499
v 4.484174 7.310338 3.589714
v 3.871202 7.376565 3.981127
v 4.554091 7.628671 4.006016
v 2.567524 6.889562 4.218976
v 1.934317 7.248567 3.390612
v 1.100719 7.154346 3.719648
v 1.811878 7.628671 4.006016
v 2.494767 8.648990 4.373516
v 2.053742 8.214278 3.833031
v 1.265059 8.671577 3.773957
v 2.123660 8.961385 3.576987
v 1.950449 10.905680 -0.012242
v 2.563421 11.090291 0.534580
v 2.107320 11.241730 0.692551
v 1.265059 10.236489 0.225315
v 4.484174 10.336040 -0.335218
v 4.857565 10.996848 0.420063
v 4.310747 11.170780 1.025480
v 3.939857 11.090291 0.534580
v 4.310746 10.948601 2.280305
v 5.100910 9.816422 2.597768
v 4.484174 9.716869 3.160014
v 3.809661 11.017401 2.925240
v 2.107320 11.019549 1.947375
v 2.728667 11.049012 2.806586
v 1.881795 9.716869 3.160015
v 1.560501 10.647730 2.457874
v 4.446841 8.110691 -0.650416
v 3.871202 8.318113 -0.094890
v 4.554091 8.256378 0.526376
v 5.042986 8.034307 -0.103057
v 1.919128 7.982708 -0.647016
v 1.322983 8.034307 -0.103057
v 1.811878 8.256378 0.526376
v 2.494767 8.318113 -0.094890
v 1.811878 8.097849 1.779510
v 1.320333 7.857970 2.193239
v 1.925422 7.508021 2.737814
v 2.494767 7.948217 2.403111
v 4.554091 8.097849 1.779510
v 3.871202 7.948216 2.403111
v 4.440547 7.569569 2.736179
v 5.045637 7.697263 2.197508
v 1.098517 9.146487 2.888362
v 0.771899 8.484289 2.895812
v -0.299079 8.707206 1.838199
v 0.274493 9.643889 1.929277
v 0.291399 7.893329 2.905699
v 0.618018 7.600375 2.743782
v 0.199798 7.339936 1.617373
v -0.168767 8.172109 1.744342
v -0.168767 8.366970 0.464913
v 0.291399 8.071388 0.447369
v 0.497207 7.739718 -0.651084
v 0.291399 8.532470 -0.695519
v 0.603765 9.626634 0.856397
v 0.143599 8.929143 0.705512
v 0.213759 9.122975 -0.618642
v 0.618018 9.730595 -0.373800
v 1.318671 9.822632 -0.662851
v 1.186702 9.234457 -1.073473
v 2.480808 9.362091 -2.002168
v 2.428500 10.068468 -1.541911
v 1.207892 8.678892 -1.530997
v 1.339862 8.311130 -1.274823
v 2.429901 8.032072 -2.004858
v 2.480808 8.758285 -1.949601
v 3.885160 8.758285 -1.949601
v 3.855705 8.358324 -1.573563
v 4.999468 7.885849 -1.298176
v 5.158077 8.678892 -1.530998
v 3.656370 9.897358 -1.011111
v 3.685826 9.267877 -1.554611
v 5.158077 9.258937 -1.442489
v 5.026108 9.847112 -1.031868
v 5.342128 9.580624 -0.364252
v 5.607177 9.074028 -0.460638
v 6.476726 9.188929 0.551151
v 6.016560 9.886419 0.702035
v 6.074571 8.532471 -0.695519
v 5.795109 8.353437 -0.571601
v 6.127226 7.624170 0.109153
v 6.534737 8.366970 0.464912
v 6.534736 8.172109 1.744342
v 6.074570 7.916535 1.672282
v 5.666057 7.214439 2.605216
v 6.074571 7.893329 2.905699
v 6.074570 9.412879 1.935413
v 6.534737 8.707206 1.838199
v 6.115277 8.457719 3.101539
v 5.747952 9.135572 2.986758
v 5.026108 9.019053 3.644825
v 5.198784 8.306877 3.937135
v 3.885161 8.268647 4.469416
v 3.855705 9.049718 4.173817
v 5.158077 7.675680 3.743070
v 4.944213 6.966455 3.266775
v 3.855705 7.288431 3.702276
v 3.885161 7.603484 4.163565
v 2.480809 7.603484 4.163565
v 2.635543 6.739655 3.741022
v 1.378167 7.033360 3.385772
v 1.207892 7.675680 3.743070
v 2.510264 9.049717 4.173817
v 2.480809 8.268647 4.469416
v 1.207892 8.322532 3.829804
v 1.339862 9.019054 3.644826
v 1.339861 10.189877 -0.292479
v 2.578918 10.997217 -0.049784
v 2.776251 11.358487 0.700100
v 1.503334 11.048661 0.672937
v 3.924359 10.997217 -0.049784
v 5.026108 10.189877 -0.290767
v 4.914732 10.977713 1.005867
v 3.885160 11.326876 0.818754
v 3.885161 11.100189 2.099029
v 4.914732 10.760536 2.232435
v 5.026108 9.594854 3.068079
v 3.794163 10.129635 3.458049
v 1.503334 10.831485 1.899505
v 2.776251 11.131802 1.980374
v 2.448722 10.129635 3.458049
v 1.339861 9.594854 3.068079
v 4.800844 8.085176 -0.425217
v 3.899405 8.140390 -0.870600
v 3.885160 8.251309 0.512355
v 5.278169 8.053885 0.392724
v 2.466564 8.012407 -0.867200
v 1.565126 8.085176 -0.425217
v 1.087801 7.990175 0.394417
v 2.480809 8.251309 0.512355
v 2.480809 8.088273 1.790938
v 1.083236 7.987985 1.690912
v 1.571066 7.561944 2.519244
v 2.471159 7.355535 2.955087
v 5.282733 7.827278 1.695180
v 3.885160 8.088273 1.790938
v 3.894811 7.460588 2.952297
v 4.794903 7.623493 2.517609
vn -0.6918 0.5107 0.5105
vn 0.1105 -0.7991 -0.5909
vn -0.3956 0.7221 -0.5675
vn 0.3384 -0.9405 0.0311
vn 0.4677 0.6262 0.6239
vn -0.3799 -0.6582 -0.6500
vn 0.6603 0.6814 -0.3157
vn -0.0578 -0.9735 0.2215
vn -0.6168 0.7847 0.0608
vn -0.8280 0.1298 0.5454
vn 0.3014 -0.9351 -0.1862
vn -0.5077 0.1788 -0.8428
vn 0.1158 0.8770 -0.4664
vn 0.0778 -0.9911 -0.1079
vn 0.8426 0.2407 -0.4817
vn 0.6551 0.7378 0.1625
vn -0.2467 -0.9682 -0.0420
vn 0.6766 -0.2708 0.6847
vn -0.0010 0.6079 0.7940
vn 0.0951 -0.8933 -0.4392
vn -0.9653 -0.0073 -0.2611
vn 0.2331 0.1180 -0.9653
vn 0.9999 -0.0171 -0.0020
vn -0.0000 -0.4071 0.9134
vn -0.0091 0.9836 0.1801
vn -0.0000 -0.9920 -0.1266
vn -0.6468 0.7476 -0.1509
vn -0.6035 0.5957 0.5300
vn -0.8306 0.3772 0.4097
vn -0.7087 -0.6539 0.2648
vn 0.3858 -0.8687 -0.3106
vn 0.0239 -0.9997 -0.0113
vn -0.3580 -0.4599 -0.8126
vn -0.3541 0.6042 -0.7138
vn 0.2425 0.7873 -0.5669
vn -0.4490 0.8252 -0.3428
vn -0.1122 -0.9884 -0.1022
vn -0.1344 -0.9872 0.0857
vn 0.7420 -0.4494 -0.4975
vn 0.8210 0.5070 -0.2624
vn 0.7095 0.4665 0.5282
vn 0.5548 0.7452 -0.3699
vn -0.2349 -0.9510 -0.2010
vn -0.1189 -0.9169 -0.3810
vn 0.6424 -0.5776 0.5037
vn 0.5720 0.4190 0.7052
vn -0.4626 0.4393 0.7701
vn 0.4360 0.4626 0.7719
vn -0.1290 -0.9145 -0.3834
vn 0.0355 -0.8586 -0.5114
vn -0.8164 -0.1297 0.5628
vn -0.7015 -0.5812 -0.4125
vn -0.9817 0.1185 -0.1490
vn -0.7884 0.5655 -0.2421
vn -0.4715 0.0899 -0.8773
vn 0.2528 -0.2278 -0.9403
vn 0.1637 0.2798 -0.9460
vn 0.3413 0.5542 -0.7591
vn 0.8249 0.2730 -0.4950
vn 0.6988 -0.7109 0.0796
vn 0.8674 0.2850 0.4080
vn 0.8298 0.5346 0.1603
vn 0.2690 0.0469 0.9620
vn 0.2619 -0.6574 0.7066
vn -0.3722 0.1119 0.9214
vn -0.0000 0.3538 0.9353
vn 0.0232 0.9052 -0.4243
vn 0.2842 0.9425 0.1760
vn -0.0221 0.8577 0.5138
vn -0.2399 0.9559 0.1693
vn 0.0226 -0.9979 0.0610
vn 0.1352 -0.9865 -0.0919
vn 0.0139 -0.8857 -0.4641
vn -0.1377 -0.9807 -0.1384
vn -0.6677 0.3757 0.6427
vn -0.6619 -0.6839 0.3070
vn -0.7526 -0.6446 -0.1345
vn -0.8461 0.5328 0.0113
vn -0.4921 0.4880 -0.7209
vn -0.4608 -0.1588 -0.8732
vn 0.0286 -0.4720 -0.8812
vn 0.0871 0.6284 -0.7730
vn 0.6603 0.5137 -0.5478
vn 0.5680 -0.3919 -0.7237
vn 0.6920 -0.6972 -0.1873
vn 0.8022 0.4311 0.4130
vn 0.2963 0.3441 0.8909
vn 0.0988 -0.7183 0.6887
vn -0.3142 -0.5609 0.7659
vn -0.4308 0.2948 0.8529
vn -0.2725 0.7581 -0.5925
vn 0.2481 0.9054 -0.3445
vn 0.4353 0.5987 0.6723
vn -0.3975 0.7928 0.4620
vn -0.1902 -0.9761 0.1056
vn 0.1884 -0.9712 0.1460
vn 0.1609 -0.8405 -0.5174
vn -0.2186 -0.8556 -0.4691
vn -0.5060 0.8318 -0.2282
vn -0.7520 0.6506 -0.1055
vn -0.5003 0.8265 0.2579
vn -0.7191 0.4052 0.5645
vn -0.8040 0.4395 0.4005
vn -0.8839 0.1794 0.4320
vn -0.7552 0.0641 0.6523
vn -0.1281 -0.8874 -0.4428
vn 0.1598 -0.8831 -0.4411
vn 0.4536 -0.8693 -0.1965
vn 0.0185 -0.9819 -0.1884
vn 0.2451 -0.9678 0.0575
vn 0.2257 -0.9317 -0.2846
vn -0.5748 0.1446 -0.8054
vn -0.3989 0.3827 -0.8333
vn -0.2991 0.6851 -0.6643
vn 0.3382 0.8531 -0.3972
vn 0.4267 0.7774 -0.4621
vn -0.1080 0.9071 -0.4067
vn -0.6188 0.6248 -0.4762
vn 0.0369 -0.9980 -0.0512
vn 0.0161 -0.9940 -0.1082
vn -0.0266 -0.9968 -0.0760
vn -0.1299 -0.9654 0.2261
vn 0.2505 -0.9488 0.1923
vn 0.7517 0.2579 -0.6070
vn 0.8862 0.2946 -0.3577
vn 0.7870 0.5597 -0.2597
vn 0.6145 0.6733 0.4111
vn 0.6285 0.6044 0.4896
vn 0.6396 0.7687 -0.0046
vn 0.6797 0.5561 -0.4783
vn -0.0191 -0.9897 -0.1419
vn -0.3495 -0.9351 -0.0584
vn -0.0975 -0.9767 -0.1912
vn -0.3302 -0.7986 -0.5033
vn -0.0364 -0.9244 -0.3797
vn 0.6838 -0.2084 0.6993
vn 0.6574 0.1256 0.7430
vn 0.4974 0.5815 0.6438
vn -0.2899 0.6100 0.7375
vn -0.3682 0.5492 0.7502
vn 0.3256 0.5727 0.7523
vn 0.2805 0.5993 0.7498
vn -0.2477 -0.7483 -0.6154
vn 0.0929 -0.9448 -0.3141
vn -0.0194 -0.8812 -0.4723
vn 0.1235 -0.8190 -0.5603
vn -0.8145 0.2383 0.5290
vn -0.9528 -0.2771 0.1242
vn 0.1324 -0.9131 -0.3857
vn -0.9852 -0.0027 -0.1712
vn -0.8505 -0.0193 -0.5257
vn -0.9323 0.2686 -0.2423
vn -0.5887 0.8023 -0.0992
vn -0.8993 0.3465 -0.2668
vn -0.4083 0.3213 -0.8544
vn -0.1495 -0.0851 -0.9851
vn 0.1797 -0.9388 -0.2939
vn 0.1354 0.3840 -0.9134
vn 0.4991 0.1191 -0.8583
vn 0.2253 0.3896 -0.8930
vn 0.2506 0.6160 -0.7468
vn 0.3051 0.2745 -0.9119
vn 0.8641 0.4067 -0.2965
vn 0.9839 0.0110 -0.1783
vn -0.1135 -0.9908 0.0739
vn 0.9838 -0.1745 0.0415
vn 0.9343 0.0026 0.3565
vn 0.8930 0.1188 0.4341
vn 0.8076 0.5681 0.1583
vn 0.9388 0.3345 0.0817
vn 0.2627 -0.1257 0.9567
vn 0.3774 -0.1971 0.9048
vn 0.2625 -0.9402 -0.2169
vn 0.0507 -0.1511 0.9872
vn -0.3459 -0.0103 0.9382
vn -0.3965 -0.2103 0.8936
vn 0.0010 0.4134 0.9105
vn -0.0000 -0.1441 0.9896
vn 0.0187 0.9821 -0.1873
vn 0.0188 0.9739 -0.2260
vn 0.3884 0.9066 0.1652
vn 0.1645 0.9727 0.1637
vn -0.0221 0.6682 0.7437
vn -0.0020 0.9869 0.1615
vn -0.5455 0.8258 0.1433
vn -0.1200 0.9786 0.1672
vn 0.0418 -0.9946 -0.0955
vn -0.0000 -0.9943 -0.1070
vn 0.1485 -0.9867 -0.0664
vn -0.0068 -0.9920 -0.1263
vn 0.0314 -0.9249 -0.3790
vn -0.0000 -0.9825 -0.1861
vn -0.1648 -0.9762 -0.1411
vn 0.0068 -0.9920 -0.1263
vn -0.8028 0.3496 0.4830
vn -0.7371 0.1730 0.6532
vn -0.8292 0.5038 0.2420
vn -0.5321 0.6322 0.5632
vn -0.7660 -0.4602 0.4488
vn 0.1583 -0.9850 0.0693
vn -0.8045 -0.5936 0.0218
vn -0.8506 -0.0388 0.5243
vn -0.6566 -0.5920 -0.4674
vn -0.2481 -0.9640 0.0959
vn -0.7813 -0.5568 -0.2822
vn -0.9502 -0.1714 -0.2603
vn -0.8101 0.5445 -0.2176
vn -0.9536 0.2986 -0.0374
vn -0.7354 0.5879 -0.3370
vn -0.7440 0.6682 0.0024
vn -0.3875 0.5201 -0.7611
vn -0.4927 0.2454 -0.8349
vn -0.1357 0.5329 -0.8352
vn -0.4958 0.5527 -0.6698
vn -0.5067 -0.1998 -0.8386
vn -0.2854 -0.9259 -0.2475
vn -0.1325 -0.0762 -0.9883
vn -0.4275 0.3342 -0.8400
vn 0.1778 -0.3352 -0.9252
vn -0.2325 -0.9623 -0.1408
vn 0.4293 -0.5151 -0.7419
vn 0.2166 0.2153 -0.9522
vn 0.2734 0.6195 -0.7358
vn 0.1111 0.4303 -0.8958
vn 0.4408 0.5780 -0.6867
vn 0.1034 0.7199 -0.6864
vn 0.7894 0.4810 -0.3813
vn 0.7434 0.3929 -0.5412
vn 0.8073 0.5737 -0.1382
vn 0.6896 0.5404 -0.4821
vn 0.7299 -0.1509 -0.6667
vn -0.1546 -0.8268 -0.5409
vn 0.7176 -0.6454 -0.2617
vn 0.8764 0.2743 -0.3959
vn 0.6944 -0.7143 0.0871
vn 0.0791 -0.8658 -0.4941
vn 0.8133 -0.5471 0.1980
vn 0.9617 0.0387 0.2714
vn 0.7365 0.3739 0.5637
vn 0.8877 0.2149 0.4071
vn 0.8158 0.4881 0.3102
vn 0.8144 0.4254 0.3947
vn 0.1412 0.3700 0.9183
vn 0.2909 0.0419 0.9558
vn 0.4264 0.3324 0.8413
vn 0.3273 0.3168 0.8902
vn 0.2780 -0.6696 0.6888
vn -0.1353 -0.9850 0.1068
vn 0.3510 -0.6474 0.6765
vn 0.2549 -0.1145 0.9602
vn -0.3340 -0.6702 0.6628
vn -0.0352 -0.9211 -0.3878
vn -0.2538 -0.7239 0.6415
vn -0.3079 0.0440 0.9504
vn -0.4635 0.3319 0.8216
vn -0.4358 0.0329 0.8994
vn -0.2397 0.3051 0.9217
vn -0.4218 0.2819 0.8618
vn -0.4243 0.8925 -0.1531
vn -0.0848 0.8684 -0.4885
vn -0.2171 0.9180 -0.3319
vn -0.6181 0.7366 -0.2747
vn 0.4203 0.7896 -0.4470
vn 0.3438 0.8778 -0.3335
vn 0.2715 0.9623 0.0183
vn 0.1222 0.9194 -0.3739
vn 0.4277 0.7904 0.4385
vn 0.4046 0.6533 0.6400
vn 0.4642 0.6973 0.5461
vn 0.3094 0.7988 0.5159
vn -0.2709 0.9314 0.2432
vn -0.2433 0.8714 0.4259
vn -0.4342 0.6190 0.6545
vn -0.4676 0.7064 0.5314
vn -0.0599 -0.9982 0.0026
vn -0.0235 -0.9978 0.0618
vn -0.1468 -0.9872 -0.0631
vn -0.1486 -0.9889 -0.0086
vn -0.0226 -0.9996 -0.0165
vn 0.1323 -0.9910 -0.0216
vn 0.1757 -0.9819 -0.0704
vn 0.0539 -0.9921 0.1134
vn 0.1090 -0.9773 -0.1816
vn 0.2025 -0.8756 -0.4385
vn 0.0649 -0.8565 -0.5120
vn 0.0231 -0.8749 -0.4837
vn -0.1756 -0.9577 -0.2279
vn -0.0106 -0.8877 -0.4602
vn -0.1034 -0.8442 -0.5260
vn -0.1774 -0.9224 -0.3430
vn -0.8610 0.2234 0.4568
vn -0.8489 0.1703 0.5004
vn -0.9313 0.2852 0.2266
vn -0.5062 0.8224 0.2598
vn -0.7837 0.1617 0.5997
vn -0.1083 -0.9888 -0.1029
vn 0.1855 -0.9609 -0.2057
vn -0.9607 -0.2439 0.1329
vn -0.9666 0.0316 -0.2544
vn -0.0936 -0.9022 -0.4210
vn -0.0562 -0.9934 0.0996
vn -0.8556 -0.0786 -0.5116
vn -0.7286 0.6621 -0.1753
vn -0.9047 0.3447 -0.2504
vn -0.8327 0.3445 -0.4335
vn -0.6222 0.7353 -0.2687
vn -0.3932 0.4539 -0.7996
vn -0.3960 0.3573 -0.8459
vn -0.1522 0.2369 -0.9595
vn -0.1274 0.6297 -0.7663
vn -0.5055 0.3079 -0.8060
vn -0.0806 -0.9421 -0.3256
vn -0.0257 -0.9601 -0.2786
vn -0.1516 0.3274 -0.9326
vn 0.1596 0.3645 -0.9174
vn -0.0122 -0.9662 -0.2574
vn 0.0284 -0.9982 0.0532
vn 0.4948 0.1357 -0.8583
vn 0.2578 0.6117 -0.7479
vn 0.2768 0.3892 -0.8786
vn 0.4833 0.3909 -0.7833
vn 0.3839 0.7265 -0.5700
vn 0.8804 0.4045 -0.2475
vn 0.8223 0.3745 -0.4284
vn 0.9190 0.3640 -0.1514
vn 0.7929 0.6019 -0.0955
vn 0.7838 0.3850 -0.4872
vn 0.2292 -0.8448 -0.4835
vn -0.1593 -0.9727 -0.1689
vn 0.9869 0.0140 -0.1605
vn 0.9525 -0.1428 0.2690
vn 0.0924 -0.9925 -0.0803
vn -0.0425 -0.8893 -0.4553
vn 0.9146 -0.0266 0.4035
vn 0.7168 0.4275 0.5508
vn 0.8313 0.1846 0.5242
vn 0.9298 0.2245 0.2918
vn 0.7568 0.5947 0.2712
vn 0.1517 0.4895 0.8587
vn 0.1733 0.0901 0.9807
vn 0.4273 -0.0815 0.9004
vn 0.4059 0.3584 0.8407
vn 0.3718 -0.1387 0.9179
vn -0.1980 -0.9609 -0.1936
vn 0.3101 -0.9494 -0.0489
vn 0.2709 -0.1864 0.9444
vn -0.2688 -0.0145 0.9631
vn -0.2008 -0.9449 -0.2584
vn 0.1381 -0.9776 -0.1588
vn -0.3951 -0.0286 0.9182
vn -0.4297 0.3241 0.8428
vn -0.4524 -0.0735 0.8888
vn -0.2899 0.1049 0.9513
vn -0.2250 0.4147 0.8817
vn -0.5994 0.7820 -0.1710
vn -0.0978 0.9829 -0.1558
vn -0.0688 0.9404 -0.3330
vn -0.4788 0.8142 -0.3284
vn 0.2304 0.9171 -0.3252
vn 0.3100 0.8028 -0.5093
vn 0.3794 0.9239 0.0497
vn 0.1225 0.9751 -0.1849
vn 0.2227 0.9437 0.2445
vn 0.3757 0.7272 0.5745
vn 0.3530 0.7873 0.5055
vn 0.3707 0.6292 0.6832
vn -0.5337 0.8049 0.2596
vn -0.1529 0.9688 0.1951
vn -0.3852 0.6430 0.6619
vn -0.4003 0.6533 0.6426
vn -0.1353 -0.9908 0.0004
vn -0.0092 -0.9992 -0.0386
vn 0.0058 -0.9943 -0.1064
vn -0.1665 -0.9854 -0.0346
vn 0.0331 -0.9931 -0.1125
vn 0.0411 -0.9991 0.0070
vn 0.1282 -0.9889 -0.0757
vn -0.0058 -0.9943 -0.1064
vn -0.0063 -0.9825 -0.1863
vn 0.2245 -0.9596 -0.1696
vn 0.1372 -0.8292 -0.5419
vn -0.0163 -0.9132 -0.4072
vn -0.1441 -0.9607 -0.2374
vn 0.0063 -0.9825 -0.1863
vn 0.0111 -0.8750 -0.4839
vn -0.1899 -0.8555 -0.4818
vt 0.360300 0.799721
vt 0.363149 0.798106
vt 0.362961 0.803050
vt 0.359999 0.802591
vt 0.367150 0.796398
vt 0.367436 0.801746
vt 0.409220 0.843746
vt 0.409911 0.839287
vt 0.417469 0.842582
vt 0.416369 0.847308
vt 0.362104 0.806785
vt 0.359906 0.807099
vt 0.371350 0.795098
vt 0.371839 0.800679
vt 0.375426 0.794317
vt 0.375832 0.800014
vt 0.409886 0.834922
vt 0.409220 0.831040
vt 0.417345 0.831249
vt 0.417907 0.835027
vt 0.367082 0.805709
vt 0.374830 0.803957
vt 0.375978 0.809662
vt 0.368036 0.811287
vt 0.378778 0.803394
vt 0.379959 0.809163
vt 0.380977 0.815335
vt 0.376927 0.815794
vt 0.368899 0.817309
vt 0.362741 0.812224
vt 0.360164 0.812506
vt 0.363489 0.818127
vt 0.360788 0.818365
vt 0.379091 0.794121
vt 0.380311 0.798294
vt 0.385414 0.792491
vt 0.382508 0.798620
vt 0.390547 0.802798
vt 0.381281 0.803414
vt 0.412122 0.826638
vt 0.414970 0.828798
vt 0.047647 0.829873
vt 0.045462 0.826387
vt 0.050655 0.823955
vt 0.052300 0.825340
vt 0.045851 0.824922
vt 0.048263 0.822549
vt 0.630594 0.752690
vt 0.630093 0.751940
vt 0.629425 0.747407
vt 0.637442 0.747890
vt 0.053839 0.820144
vt 0.058820 0.821810
vt 0.057089 0.815320
vt 0.062384 0.816908
vt 0.629160 0.741994
vt 0.637291 0.742414
vt 0.629284 0.736141
vt 0.637442 0.736506
vt 0.059684 0.809899
vt 0.065113 0.811387
vt 0.382326 0.809165
vt 0.391391 0.808451
vt 0.392516 0.814423
vt 0.383411 0.815270
vt 0.384386 0.821466
vt 0.380002 0.820833
vt 0.386132 0.821293
vt 0.066532 0.805694
vt 0.064694 0.805075
vt 0.065538 0.799199
vt 0.067328 0.799594
vt 0.384998 0.827513
vt 0.381851 0.827961
vt 0.062061 0.804143
vt 0.629541 0.730251
vt 0.630332 0.730665
vt 0.058623 0.802803
vt 0.059874 0.797435
vt 0.063063 0.798561
vt 0.063116 0.793720
vt 0.066700 0.793041
vt 0.863804 0.410532
vt 0.864387 0.410960
vt 0.863723 0.415635
vt 0.857494 0.414063
vt 0.863665 0.418784
vt 0.857703 0.418299
vt 0.062118 0.789224
vt 0.065325 0.787829
vt 0.385024 0.833176
vt 0.381955 0.833773
vt 0.386937 0.827111
vt 0.392643 0.832614
vt 0.392154 0.837329
vt 0.384476 0.838216
vt 0.381399 0.838918
vt 0.365656 0.822443
vt 0.361758 0.824254
vt 0.370989 0.821780
vt 0.372986 0.828663
vt 0.367917 0.829069
vt 0.362978 0.829742
vt 0.375897 0.821256
vt 0.377746 0.828330
vt 0.377915 0.834053
vt 0.373376 0.834111
vt 0.377415 0.839092
vt 0.373027 0.838817
vt 0.368595 0.834051
vt 0.364310 0.834372
vt 0.368580 0.838137
vt 0.365408 0.837372
vt 0.066608 0.913955
vt 0.065382 0.910988
vt 0.068929 0.911995
vt 0.068781 0.914315
vt 0.063619 0.907015
vt 0.068149 0.907432
vt 0.366406 0.837858
vt 0.370834 0.839168
vt 0.370461 0.847032
vt 0.365387 0.846100
vt 0.363484 0.839092
vt 0.352464 0.840639
vt 0.063104 0.902851
vt 0.067792 0.903033
vt 0.063237 0.899054
vt 0.067980 0.899148
vt 0.375256 0.839784
vt 0.379264 0.839713
vt 0.378632 0.846606
vt 0.375010 0.847932
vt 0.734449 0.851538
vt 0.734110 0.846856
vt 0.739043 0.845868
vt 0.739280 0.850757
vt 0.734747 0.843697
vt 0.739726 0.842611
vt 0.745374 0.841914
vt 0.744645 0.845214
vt 0.744781 0.850180
vt 0.736147 0.871180
vt 0.734087 0.856999
vt 0.738814 0.856543
vt 0.740871 0.871118
vt 0.744210 0.856079
vt 0.746233 0.870781
vt 0.064767 0.895884
vt 0.067702 0.894059
vt 0.064626 0.888941
vt 0.068929 0.892143
vt 0.383421 0.842429
vt 0.385599 0.841071
vt 0.388135 0.847932
vt 0.381943 0.845741
vt 0.059744 0.785040
vt 0.061289 0.783700
vt 0.864387 0.420563
vt 0.864326 0.423166
vt 0.058267 0.787310
vt 0.054471 0.784481
vt 0.057219 0.778089
vt 0.386556 0.839197
vt 0.390866 0.844600
vt 0.058658 0.775464
vt 0.052497 0.774972
vt 0.053860 0.772024
vt 0.049719 0.781691
vt 0.044385 0.779215
vt 0.047139 0.772384
vt 0.048408 0.769310
vt 0.735414 0.840625
vt 0.740360 0.839521
vt 0.735100 0.833772
vt 0.739960 0.832720
vt 0.745473 0.832036
vt 0.745967 0.838817
vt 0.751962 0.838522
vt 0.750963 0.842606
vt 0.752725 0.836749
vt 0.758827 0.832036
vt 0.758070 0.838674
vt 0.757615 0.841728
vt 0.675188 0.964195
vt 0.679648 0.963078
vt 0.678603 0.971295
vt 0.675664 0.971295
vt 0.038838 0.777270
vt 0.040268 0.773969
vt 0.033497 0.775960
vt 0.034359 0.772669
vt 0.041375 0.771630
vt 0.035115 0.768049
vt 0.028791 0.772866
vt 0.029053 0.768573
vt 0.028829 0.775350
vt 0.298282 0.578163
vt 0.301927 0.578547
vt 0.300979 0.581298
vt 0.298282 0.582234
vt 0.881096 0.411244
vt 0.886154 0.410532
vt 0.886597 0.414937
vt 0.881947 0.416063
vt 0.764028 0.839317
vt 0.763681 0.842351
vt 0.764897 0.832345
vt 0.770358 0.835382
vt 0.769622 0.840481
vt 0.769398 0.843525
vt 0.751056 0.857047
vt 0.752962 0.869777
vt 0.750679 0.851634
vt 0.757065 0.850486
vt 0.757176 0.855606
vt 0.757859 0.860717
vt 0.750672 0.846726
vt 0.757255 0.845758
vt 0.763227 0.846270
vt 0.762745 0.850740
vt 0.768829 0.847371
vt 0.767976 0.851647
vt 0.762398 0.855390
vt 0.762693 0.859790
vt 0.766936 0.855881
vt 0.766005 0.859010
vt 0.793884 0.701751
vt 0.793057 0.699342
vt 0.797544 0.698858
vt 0.796140 0.704109
vt 0.792522 0.695836
vt 0.798186 0.697266
vt 0.767743 0.856331
vt 0.769312 0.854214
vt 0.776647 0.855743
vt 0.774208 0.860179
vt 0.768119 0.861247
vt 0.768035 0.873963
vt 0.792522 0.692068
vt 0.798396 0.693614
vt 0.793124 0.688437
vt 0.797535 0.689434
vt 0.770568 0.849952
vt 0.770433 0.845405
vt 0.779058 0.847531
vt 0.778255 0.851402
vt 0.780917 0.856832
vt 0.779087 0.861230
vt 0.406888 0.977496
vt 0.403252 0.976966
vt 0.405485 0.971565
vt 0.411760 0.973052
vt 0.407356 0.965640
vt 0.413562 0.967150
vt 0.415430 0.973378
vt 0.417218 0.967590
vt 0.776301 0.865795
vt 0.770760 0.876980
vt 0.781809 0.863940
vt 0.778889 0.868518
vt 0.427387 0.973132
vt 0.418800 0.973469
vt 0.420591 0.967807
vt 0.429207 0.967528
vt 0.774668 0.842191
vt 0.880837 0.420641
vt 0.884872 0.423541
vt 0.883792 0.423850
vt 0.774375 0.842098
vt 0.779795 0.836571
vt 0.779047 0.844444
vt 0.886597 0.422022
vt 0.024186 0.774109
vt 0.025676 0.775376
vt 0.023427 0.777667
vt 0.021115 0.776551
vt 0.020621 0.781488
vt 0.017279 0.777156
vt 0.773112 0.841174
vt 0.776594 0.835723
vt 0.014214 0.774901
vt 0.014284 0.781913
vt 0.010880 0.779750
vt 0.017918 0.786266
vt 0.015521 0.791636
vt 0.011774 0.787311
vt 0.008225 0.785252
vt 0.399935 0.976074
vt 0.402271 0.970779
vt 0.393098 0.977708
vt 0.393884 0.972218
vt 0.396017 0.966573
vt 0.404285 0.964963
vt 0.405705 0.958841
vt 0.408707 0.959439
vt 0.403166 0.958240
vt 0.401014 0.950601
vt 0.406351 0.952658
vt 0.448488 0.816641
vt 0.448492 0.813758
vt 0.449992 0.810862
vt 0.453761 0.813991
vt 0.393098 0.964721
vt 0.400981 0.957561
vt 0.013562 0.797244
vt 0.010355 0.796031
vt 0.012092 0.802683
vt 0.008892 0.802573
vt 0.398841 0.950158
vt 0.395804 0.945886
vt 0.401327 0.944713
vt 0.011183 0.807485
vt 0.008826 0.806112
vt 0.220488 0.970703
vt 0.216908 0.971888
vt 0.216464 0.968506
vt 0.220308 0.966078
vt 0.394759 0.941274
vt 0.400270 0.939500
vt 0.407660 0.954047
vt 0.406154 0.946682
vt 0.409989 0.946365
vt 0.405396 0.941254
vt 0.409558 0.940955
vt 0.419069 0.960984
vt 0.429923 0.962762
vt 0.415767 0.960627
vt 0.455238 0.828345
vt 0.451926 0.824343
vt 0.456967 0.821698
vt 0.459975 0.825626
vt 0.463619 0.841108
vt 0.460474 0.829205
vt 0.412173 0.960067
vt 0.449652 0.820289
vt 0.454874 0.817670
vt 0.414621 0.955488
vt 0.411121 0.954756
vt 0.413536 0.947210
vt 0.416945 0.948199
vt 0.413235 0.941959
vt 0.455154 0.818488
vt 0.453354 0.814464
vt 0.456917 0.811999
vt 0.458395 0.816124
vt 0.982979 0.446616
vt 0.979127 0.446616
vt 0.980276 0.440485
vt 0.982442 0.440661
vt 0.753336 0.969160
vt 0.758279 0.969218
vt 0.758279 0.974766
vt 0.753922 0.973904
vt 0.457975 0.822656
vt 0.460562 0.820401
vt 0.461184 0.825667
vt 0.462199 0.823237
vt 0.464382 0.819132
vt 0.465331 0.823386
vt 0.462697 0.814339
vt 0.469124 0.814183
vt 0.470184 0.819183
vt 0.470101 0.823308
vt 0.461483 0.809954
vt 0.455943 0.807996
vt 0.460579 0.805780
vt 0.467262 0.805183
vt 0.468105 0.809495
vt 0.690290 0.416467
vt 0.690257 0.412244
vt 0.697360 0.409113
vt 0.697277 0.413566
vt 0.689437 0.408228
vt 0.694467 0.405148
vt 0.473234 0.806850
vt 0.472363 0.802867
vt 0.478631 0.801764
vt 0.479455 0.805792
vt 0.474115 0.811752
vt 0.480221 0.810779
vt 0.475010 0.817083
vt 0.477038 0.826677
vt 0.689437 0.420859
vt 0.696223 0.418301
vt 0.480990 0.816230
vt 0.482967 0.825953
vt 0.404364 0.936667
vt 0.408696 0.936318
vt 0.455929 0.804704
vt 0.454099 0.798755
vt 0.458298 0.796362
vt 0.460441 0.802339
vt 0.465528 0.797911
vt 0.465790 0.800513
vt 0.393537 0.937687
vt 0.399089 0.935218
vt 0.217018 0.966500
vt 0.220488 0.962498
vt 0.011923 0.814582
vt 0.013158 0.812975
vt 0.016911 0.815789
vt 0.015517 0.818861
vt 0.008225 0.817455
vt 0.014621 0.820952
vt 0.020232 0.821973
vt 0.019421 0.824392
vt 0.021648 0.818570
vt 0.026978 0.821044
vt 0.023017 0.824745
vt 0.200014 0.971233
vt 0.196954 0.970899
vt 0.194751 0.962498
vt 0.200014 0.962728
vt 0.471715 0.799055
vt 0.471288 0.796511
vt 0.475809 0.789029
vt 0.477928 0.797948
vt 0.484131 0.797220
vt 0.484883 0.801016
vt 0.481891 0.788311
vt 0.489206 0.794410
vt 0.490033 0.796929
vt 0.488436 0.800517
vt 0.022241 0.829230
vt 0.028665 0.826628
vt 0.028044 0.831089
vt 0.032529 0.822991
vt 0.037885 0.824310
vt 0.036863 0.825568
vt 0.036525 0.829850
vt 0.700715 0.969451
vt 0.696098 0.967770
vt 0.696098 0.963078
vt 0.699640 0.963610
vt 0.042596 0.824935
vt 0.040870 0.827471
vt 0.722800 0.279404
vt 0.725160 0.280759
vt 0.725445 0.284001
vt 0.722711 0.284001
vt 0.042359 0.831344
vt 0.495363 0.797176
vt 0.496234 0.800886
vt 0.495209 0.790558
vt 0.499531 0.791691
vt 0.499931 0.798199
vt 0.500858 0.801733
vt 0.486904 0.815324
vt 0.488801 0.824938
vt 0.486284 0.809953
vt 0.355516 0.792769
vt 0.359678 0.789774
vt 0.363836 0.794769
vt 0.359772 0.797504
vt 0.347889 0.797492
vt 0.355252 0.798653
vt 0.485649 0.805015
vt 0.363947 0.787792
vt 0.368883 0.788772
vt 0.372259 0.791971
vt 0.368052 0.792936
vt 0.489504 0.809635
vt 0.489051 0.804863
vt 0.496754 0.805117
vt 0.496957 0.809651
vt 0.501268 0.805820
vt 0.501176 0.810177
vt 0.492774 0.819955
vt 0.489893 0.814733
vt 0.496971 0.814314
vt 0.497154 0.818681
vt 0.500645 0.814475
vt 0.499898 0.817663
vt 0.360671 0.835531
vt 0.349320 0.835774
vt 0.346594 0.830824
vt 0.358555 0.830815
vt 0.743289 0.875884
vt 0.738395 0.875551
vt 0.748737 0.875665
vt 0.750536 0.880398
vt 0.744938 0.880521
vt 0.739800 0.879862
vt 0.746742 0.884352
vt 0.741411 0.883491
vt 0.750490 0.884883
vt 0.752812 0.888071
vt 0.748998 0.887507
vt 0.342407 0.830461
vt 0.338998 0.831575
vt 0.337695 0.825414
vt 0.341189 0.824410
vt 0.346579 0.829323
vt 0.734791 0.870108
vt 0.736721 0.881667
vt 0.345482 0.823390
vt 0.754404 0.874927
vt 0.759325 0.865466
vt 0.758555 0.879486
vt 0.756309 0.879542
vt 0.764227 0.863740
vt 0.763685 0.877151
vt 0.766151 0.880506
vt 0.760862 0.883189
vt 0.773226 0.879763
vt 0.768549 0.883410
vt 0.763231 0.886232
vt 0.756360 0.883944
vt 0.758713 0.887090
vt 0.655662 0.969438
vt 0.655766 0.963078
vt 0.658738 0.963330
vt 0.658667 0.969638
vt 0.765476 0.888460
vt 0.761067 0.889322
vt 0.478196 0.846303
vt 0.474190 0.844654
vt 0.470450 0.832175
vt 0.479028 0.843758
vt 0.921451 0.797357
vt 0.920715 0.791490
vt 0.925034 0.789377
vt 0.925748 0.795100
vt 0.770661 0.885658
vt 0.774504 0.881613
vt 0.468437 0.843173
vt 0.464963 0.830988
vt 0.465352 0.827317
vt 0.470437 0.827977
vt 0.485188 0.843231
vt 0.477524 0.831728
vt 0.483533 0.831116
vt 0.344968 0.817443
vt 0.340758 0.818308
vt 0.341174 0.812476
vt 0.345082 0.811866
vt 0.337315 0.819175
vt 0.655773 0.973041
vt 0.658738 0.973188
vt 0.920715 0.801117
vt 0.925024 0.798772
vt 0.335610 0.811294
vt 0.345219 0.802338
vt 0.352870 0.803177
vt 0.488603 0.842943
vt 0.489418 0.829969
vt 0.356255 0.802984
vt 0.497947 0.836994
vt 0.493200 0.839694
vt 0.493443 0.824576
vt 0.497941 0.822499
vt 0.501268 0.819741
vt 0.028074 0.781296
vt 0.031772 0.780433
vt 0.029779 0.785362
vt 0.024907 0.783416
vt 0.037046 0.780255
vt 0.043264 0.781744
vt 0.040867 0.789430
vt 0.035198 0.787253
vt 0.032923 0.792705
vt 0.027420 0.790607
vt 0.038682 0.794987
vt 0.036399 0.800817
vt 0.030612 0.798467
vt 0.025099 0.796229
vt 0.021412 0.787091
vt 0.018260 0.792610
vt 0.048422 0.785105
vt 0.052102 0.788920
vt 0.051683 0.794261
vt 0.046455 0.791826
vt 0.054536 0.792047
vt 0.060551 0.789545
vt 0.060507 0.792731
vt 0.055330 0.795776
vt 0.703181 0.112698
vt 0.702891 0.115145
vt 0.703837 0.118519
vt 0.698420 0.118229
vt 0.704370 0.123572
vt 0.698260 0.123987
vt 0.055511 0.801058
vt 0.056749 0.808385
vt 0.054094 0.807281
vt 0.704370 0.129961
vt 0.697979 0.130061
vt 0.044408 0.797372
vt 0.049846 0.799718
vt 0.047737 0.805426
vt 0.042194 0.803172
vt 0.039801 0.808961
vt 0.034035 0.806675
vt 0.045334 0.811076
vt 0.042767 0.816397
vt 0.037321 0.814492
vt 0.031645 0.812310
vt 0.051299 0.812750
vt 0.054267 0.813781
vt 0.051345 0.818630
vt 0.047380 0.816545
vt 0.774729 0.974105
vt 0.775967 0.969160
vt 0.777884 0.972659
vt 0.777884 0.976451
vt 0.043496 0.818784
vt 0.039743 0.819600
vt 0.034175 0.819813
vt 0.027987 0.818319
vt 0.016525 0.798909
vt 0.022908 0.801965
vt 0.020863 0.807499
vt 0.016483 0.804280
vt 0.028316 0.804295
vt 0.026064 0.809918
vt 0.022812 0.815010
vt 0.019338 0.811200
vt 0.017295 0.808030
vt 0.010976 0.810753
s 1
usemtl Material.008
f 727/1083/727 828/1086/828 1017/1085/1017 829/1084/829
f 829/1084/829 1017/1085/1017 921/1088/921 755/1087/755
f 1017/1089/1017 924/1092/924 801/1091/801 921/1090/921
f 828/1086/828 754/1094/754 924/1093/924 1017/1085/1017
f 755/1087/755 921/1088/921 1018/1096/1018 830/1095/830
f 830/1095/830 1018/1096/1018 873/1098/873 736/1097/736
f 1018/1099/1018 922/1102/922 777/1101/777 873/1100/873
f 921/1090/921 801/1091/801 922/1102/922 1018/1099/1018
f 801/1103/801 923/1106/923 1019/1105/1019 922/1104/922
f 922/1104/922 1019/1105/1019 874/1108/874 777/1107/777
f 1019/1105/1019 880/1110/880 747/1109/747 874/1108/874
f 923/1106/923 780/1111/780 880/1110/880 1019/1105/1019
f 754/1094/754 827/1113/827 1020/1112/1020 924/1093/924
f 924/1093/924 1020/1112/1020 923/1106/923 801/1103/801
f 1020/1112/1020 879/1114/879 780/1111/780 923/1106/923
f 827/1113/827 735/1115/735 879/1114/879 1020/1112/1020
f 736/1097/736 873/1098/873 1021/1117/1021 831/1116/831
f 831/1116/831 1021/1117/1021 925/1119/925 756/1118/756
f 1021/1117/1021 928/1121/928 802/1120/802 925/1119/925
f 873/1100/873 777/1101/777 928/1123/928 1021/1122/1021
f 756/1124/756 925/1127/925 1022/1126/1022 832/1125/832
f 832/1125/832 1022/1126/1022 833/1129/833 728/1128/728
f 1022/1130/1022 926/1133/926 757/1132/757 833/1131/833
f 925/1127/925 802/1135/802 926/1134/926 1022/1126/1022
f 802/1135/802 927/1137/927 1023/1136/1023 926/1134/926
f 926/1133/926 1023/1139/1023 834/1138/834 757/1132/757
f 1023/1139/1023 875/1141/875 737/1140/737 834/1138/834
f 927/1137/927 778/1143/778 875/1142/875 1023/1136/1023
f 777/1107/777 874/1108/874 1024/1144/1024 928/1121/928
f 928/1121/928 1024/1144/1024 927/1145/927 802/1120/802
f 1024/1144/1024 876/1147/876 778/1146/778 927/1145/927
f 874/1108/874 747/1109/747 876/1147/876 1024/1144/1024
f 747/1109/747 878/1149/878 1025/1148/1025 876/1147/876
f 876/1147/876 1025/1148/1025 929/1150/929 778/1146/778
f 1025/1151/1025 932/1154/932 803/1153/803 929/1152/929
f 878/1149/878 779/1156/779 932/1155/932 1025/1148/1025
f 778/1143/778 929/1152/929 1026/1157/1026 875/1142/875
f 875/1141/875 1026/1159/1026 835/1158/835 737/1140/737
f 1026/1157/1026 930/1162/930 758/1161/758 835/1160/835
f 929/1152/929 803/1153/803 930/1162/930 1026/1157/1026
f 803/1153/803 931/1164/931 1027/1163/1027 930/1162/930
f 930/1165/930 1027/1168/1027 836/1167/836 758/1166/758
f 1027/1168/1027 837/1170/837 730/1169/730 836/1167/836
f 931/1164/931 759/1172/759 837/1171/837 1027/1163/1027
f 779/1156/779 877/1174/877 1028/1173/1028 932/1155/932
f 932/1155/932 1028/1173/1028 931/1176/931 803/1175/803
f 1028/1173/1028 838/1178/838 759/1177/759 931/1176/931
f 877/1174/877 738/1179/738 838/1178/838 1028/1173/1028
f 735/1115/735 826/1181/826 1029/1180/1029 879/1114/879
f 879/1114/879 1029/1180/1029 933/1182/933 780/1111/780
f 1029/1180/1029 936/1184/936 804/1183/804 933/1182/933
f 826/1181/826 753/1185/753 936/1184/936 1029/1180/1029
f 780/1111/780 933/1182/933 1030/1186/1030 880/1110/880
f 880/1110/880 1030/1186/1030 878/1149/878 747/1109/747
f 1030/1186/1030 934/1187/934 779/1156/779 878/1149/878
f 933/1182/933 804/1183/804 934/1187/934 1030/1186/1030
f 804/1183/804 935/1189/935 1031/1188/1031 934/1187/934
f 934/1187/934 1031/1188/1031 877/1174/877 779/1156/779
f 1031/1188/1031 839/1190/839 738/1179/738 877/1174/877
f 935/1189/935 760/1191/760 839/1190/839 1031/1188/1031
f 753/1185/753 825/1193/825 1032/1192/1032 936/1184/936
f 936/1184/936 1032/1192/1032 935/1189/935 804/1183/804
f 1032/1192/1032 840/1194/840 760/1191/760 935/1189/935
f 825/1193/825 729/1195/729 840/1194/840 1032/1192/1032
f 729/1196/729 844/1199/844 1033/1198/1033 840/1197/840
f 840/1197/840 1033/1198/1033 937/1201/937 760/1200/760
f 1033/1202/1033 940/1205/940 805/1204/805 937/1203/937
f 844/1206/844 762/1207/762 940/1205/940 1033/1202/1033
f 760/1200/760 937/1201/937 1034/1209/1034 839/1208/839
f 839/1208/839 1034/1209/1034 881/1211/881 738/1210/738
f 1034/1212/1034 938/1215/938 781/1214/781 881/1213/881
f 937/1203/937 805/1204/805 938/1215/938 1034/1212/1034
f 805/1216/805 939/1219/939 1035/1218/1035 938/1217/938
f 938/1217/938 1035/1218/1035 882/1221/882 781/1220/781
f 1035/1218/1035 888/1223/888 748/1222/748 882/1221/882
f 939/1219/939 784/1224/784 888/1223/888 1035/1218/1035
f 762/1225/762 843/1228/843 1036/1227/1036 940/1226/940
f 940/1226/940 1036/1227/1036 939/1219/939 805/1216/805
f 1036/1227/1036 887/1229/887 784/1224/784 939/1219/939
f 843/1228/843 739/1230/739 887/1229/887 1036/1227/1036
f 738/1210/738 881/1211/881 1037/1232/1037 838/1231/838
f 838/1231/838 1037/1232/1037 941/1234/941 759/1233/759
f 1037/1235/1037 944/1238/944 806/1237/806 941/1236/941
f 881/1213/881 781/1214/781 944/1238/944 1037/1235/1037
f 759/1172/759 941/1240/941 1038/1239/1038 837/1171/837
f 837/1170/837 1038/1242/1038 845/1241/845 730/1169/730
f 1038/1239/1038 942/1245/942 763/1244/763 845/1243/845
f 941/1236/941 806/1237/806 942/1247/942 1038/1246/1038
f 806/1248/806 943/1250/943 1039/1249/1039 942/1245/942
f 942/1245/942 1039/1249/1039 846/1251/846 763/1244/763
f 1039/1249/1039 883/1253/883 740/1252/740 846/1251/846
f 943/1250/943 782/1254/782 883/1253/883 1039/1249/1039
f 781/1220/781 882/1221/882 1040/1256/1040 944/1255/944
f 944/1255/944 1040/1256/1040 943/1258/943 806/1257/806
f 1040/1256/1040 884/1260/884 782/1259/782 943/1258/943
f 882/1221/882 748/1222/748 884/1260/884 1040/1256/1040
f 748/1222/748 886/1262/886 1041/1261/1041 884/1260/884
f 884/1260/884 1041/1261/1041 945/1263/945 782/1259/782
f 1041/1261/1041 948/1265/948 807/1264/807 945/1263/945
f 886/1262/886 783/1266/783 948/1265/948 1041/1261/1041
f 782/1267/782 945/1270/945 1042/1269/1042 883/1268/883
f 883/1253/883 1042/1272/1042 847/1271/847 740/1252/740
f 1042/1272/1042 946/1274/946 764/1273/764 847/1271/847
f 945/1275/945 807/1276/807 946/1274/946 1042/1272/1042
f 807/1276/807 947/1278/947 1043/1277/1043 946/1274/946
f 946/1274/946 1043/1277/1043 848/1279/848 764/1273/764
f 1043/1280/1043 849/1283/849 734/1282/734 848/1281/848
f 947/1284/947 765/1287/765 849/1286/849 1043/1285/1043
f 783/1266/783 885/1289/885 1044/1288/1044 948/1265/948
f 948/1265/948 1044/1288/1044 947/1290/947 807/1264/807
f 1044/1288/1044 850/1292/850 765/1291/765 947/1290/947
f 885/1289/885 741/1293/741 850/1292/850 1044/1288/1044
f 739/1230/739 842/1295/842 1045/1294/1045 887/1229/887
f 887/1229/887 1045/1294/1045 949/1296/949 784/1224/784
f 1045/1294/1045 952/1298/952 808/1297/808 949/1296/949
f 842/1295/842 761/1299/761 952/1298/952 1045/1294/1045
f 784/1224/784 949/1296/949 1046/1300/1046 888/1223/888
f 888/1223/888 1046/1300/1046 886/1262/886 748/1222/748
f 1046/1300/1046 950/1301/950 783/1266/783 886/1262/886
f 949/1296/949 808/1297/808 950/1301/950 1046/1300/1046
f 808/1297/808 951/1303/951 1047/1302/1047 950/1301/950
f 950/1301/950 1047/1302/1047 885/1289/885 783/1266/783
f 1047/1302/1047 851/1304/851 741/1293/741 885/1289/885
f 951/1303/951 766/1305/766 851/1304/851 1047/1302/1047
f 761/1299/761 841/1307/841 1048/1306/1048 952/1298/952
f 952/1298/952 1048/1306/1048 951/1303/951 808/1297/808
f 1048/1306/1048 852/1308/852 766/1305/766 951/1303/951
f 841/1307/841 733/1309/733 852/1308/852 1048/1306/1048
f 733/1310/733 856/1313/856 1049/1312/1049 852/1311/852
f 852/1311/852 1049/1312/1049 953/1315/953 766/1314/766
f 1049/1316/1049 956/1319/956 809/1318/809 953/1317/953
f 856/1320/856 768/1321/768 956/1319/956 1049/1316/1049
f 766/1314/766 953/1315/953 1050/1323/1050 851/1322/851
f 851/1322/851 1050/1323/1050 889/1325/889 741/1324/741
f 1050/1326/1050 954/1329/954 785/1328/785 889/1327/889
f 953/1317/953 809/1318/809 954/1329/954 1050/1326/1050
f 809/1318/809 955/1331/955 1051/1330/1051 954/1329/954
f 954/1332/954 1051/1335/1051 890/1334/890 785/1333/785
f 1051/1335/1051 896/1337/896 749/1336/749 890/1334/890
f 955/1338/955 788/1339/788 896/1337/896 1051/1335/1051
f 768/1321/768 855/1341/855 1052/1340/1052 956/1319/956
f 956/1319/956 1052/1340/1052 955/1331/955 809/1318/809
f 1052/1340/1052 895/1343/895 788/1342/788 955/1331/955
f 855/1344/855 742/1347/742 895/1346/895 1052/1345/1052
f 741/1293/741 889/1327/889 1053/1348/1053 850/1292/850
f 850/1349/850 1053/1351/1053 957/1350/957 765/1287/765
f 1053/1348/1053 960/1354/960 810/1353/810 957/1352/957
f 889/1327/889 785/1328/785 960/1354/960 1053/1348/1053
f 765/1287/765 957/1350/957 1054/1355/1054 849/1286/849
f 849/1356/849 1054/1359/1054 857/1358/857 734/1357/734
f 1054/1359/1054 958/1361/958 769/1360/769 857/1358/857
f 957/1352/957 810/1353/810 958/1363/958 1054/1362/1054
f 810/1364/810 959/1366/959 1055/1365/1055 958/1361/958
f 958/1361/958 1055/1365/1055 858/1367/858 769/1360/769
f 1055/1365/1055 891/1369/891 743/1368/743 858/1367/858
f 959/1366/959 786/1370/786 891/1369/891 1055/1365/1055
f 785/1333/785 890/1334/890 1056/1372/1056 960/1371/960
f 960/1371/960 1056/1372/1056 959/1374/959 810/1373/810
f 1056/1372/1056 892/1376/892 786/1375/786 959/1374/959
f 890/1334/890 749/1336/749 892/1376/892 1056/1372/1056
f 749/1336/749 894/1378/894 1057/1377/1057 892/1376/892
f 892/1376/892 1057/1377/1057 961/1379/961 786/1375/786
f 1057/1377/1057 964/1381/964 811/1380/811 961/1379/961
f 894/1382/894 787/1385/787 964/1384/964 1057/1383/1057
f 786/1375/786 961/1379/961 1058/1387/1058 891/1386/891
f 891/1369/891 1058/1389/1058 859/1388/859 743/1368/743
f 1058/1389/1058 962/1391/962 770/1390/770 859/1388/859
f 961/1379/961 811/1380/811 962/1392/962 1058/1387/1058
f 811/1380/811 963/1394/963 1059/1393/1059 962/1392/962
f 962/1391/962 1059/1396/1059 860/1395/860 770/1390/770
f 1059/1397/1059 861/1400/861 732/1399/732 860/1398/860
f 963/1394/963 771/1402/771 861/1401/861 1059/1393/1059
f 787/1403/787 893/1405/893 1060/1404/1060 964/1381/964
f 964/1381/964 1060/1404/1060 963/1394/963 811/1380/811
f 1060/1404/1060 862/1406/862 771/1402/771 963/1394/963
f 893/1405/893 744/1407/744 862/1406/862 1060/1404/1060
f 742/1347/742 854/1409/854 1061/1408/1061 895/1346/895
f 895/1346/895 1061/1408/1061 965/1410/965 788/1339/788
f 1061/1411/1061 968/1414/968 812/1413/812 965/1412/965
f 854/1415/854 767/1416/767 968/1414/968 1061/1411/1061
f 788/1339/788 965/1410/965 1062/1417/1062 896/1337/896
f 896/1337/896 1062/1417/1062 894/1378/894 749/1336/749
f 1062/1418/1062 966/1419/966 787/1385/787 894/1382/894
f 965/1412/965 812/1413/812 966/1419/966 1062/1418/1062
f 812/1420/812 967/1423/967 1063/1422/1063 966/1421/966
f 966/1421/966 1063/1422/1063 893/1405/893 787/1403/787
f 1063/1422/1063 863/1424/863 744/1407/744 893/1405/893
f 967/1425/967 772/1428/772 863/1427/863 1063/1426/1063
f 767/1429/767 853/1432/853 1064/1431/1064 968/1430/968
f 968/1433/968 1064/1436/1064 967/1435/967 812/1434/812
f 1064/1437/1064 864/1438/864 772/1428/772 967/1425/967
f 853/1439/853 731/1440/731 864/1438/864 1064/1437/1064
f 731/1440/731 868/1442/868 1065/1441/1065 864/1438/864
f 864/1438/864 1065/1441/1065 969/1443/969 772/1428/772
f 1065/1441/1065 972/1445/972 813/1444/813 969/1443/969
f 868/1442/868 774/1446/774 972/1445/972 1065/1441/1065
f 772/1428/772 969/1443/969 1066/1447/1066 863/1427/863
f 863/1427/863 1066/1447/1066 897/1449/897 744/1448/744
f 1066/1447/1066 970/1451/970 789/1450/789 897/1449/897
f 969/1443/969 813/1444/813 970/1451/970 1066/1447/1066
f 813/1452/813 971/1455/971 1067/1454/1067 970/1453/970
f 970/1453/970 1067/1454/1067 898/1457/898 789/1456/789
f 1067/1458/1067 904/1461/904 750/1460/750 898/1459/898
f 971/1462/971 792/1463/792 904/1461/904 1067/1458/1067
f 774/1446/774 867/1465/867 1068/1464/1068 972/1445/972
f 972/1466/972 1068/1467/1068 971/1455/971 813/1452/813
f 1068/1464/1068 903/1468/903 792/1463/792 971/1462/971
f 867/1465/867 745/1469/745 903/1468/903 1068/1464/1068
f 744/1407/744 897/1471/897 1069/1470/1069 862/1406/862
f 862/1472/862 1069/1475/1069 973/1474/973 771/1473/771
f 1069/1475/1069 976/1477/976 814/1476/814 973/1474/973
f 897/1449/897 789/1450/789 976/1477/976 1069/1475/1069
f 771/1402/771 973/1479/973 1070/1478/1070 861/1401/861
f 861/1400/861 1070/1481/1070 869/1480/869 732/1399/732
f 1070/1482/1070 974/1485/974 775/1484/775 869/1483/869
f 973/1486/973 814/1487/814 974/1485/974 1070/1482/1070
f 814/1487/814 975/1489/975 1071/1488/1071 974/1485/974
f 974/1485/974 1071/1488/1071 870/1490/870 775/1484/775
f 1071/1488/1071 899/1492/899 746/1491/746 870/1490/870
f 975/1493/975 790/1496/790 899/1495/899 1071/1494/1071
f 789/1450/789 898/1459/898 1072/1497/1072 976/1477/976
f 976/1477/976 1072/1497/1072 975/1498/975 814/1476/814
f 1072/1497/1072 900/1500/900 790/1499/790 975/1498/975
f 898/1459/898 750/1460/750 900/1500/900 1072/1497/1072
f 750/1460/750 902/1502/902 1073/1501/1073 900/1500/900
f 900/1500/900 1073/1501/1073 977/1503/977 790/1499/790
f 1073/1501/1073 980/1505/980 815/1504/815 977/1503/977
f 902/1502/902 791/1506/791 980/1505/980 1073/1501/1073
f 790/1507/790 977/1509/977 1074/1508/1074 899/1492/899
f 899/1492/899 1074/1508/1074 871/1510/871 746/1491/746
f 1074/1508/1074 978/1512/978 776/1511/776 871/1510/871
f 977/1509/977 815/1513/815 978/1512/978 1074/1508/1074
f 815/1514/815 979/1517/979 1075/1516/1075 978/1515/978
f 978/1512/978 1075/1519/1075 872/1518/872 776/1511/776
f 1075/1520/1075 832/1523/832 728/1522/728 872/1521/872
f 979/1524/979 756/1124/756 832/1125/832 1075/1519/1075
f 791/1506/791 901/1526/901 1076/1525/1076 980/1505/980
f 980/1505/980 1076/1525/1076 979/1527/979 815/1504/815
f 1076/1525/1076 831/1529/831 756/1528/756 979/1527/979
f 901/1526/901 736/1530/736 831/1529/831 1076/1525/1076
f 745/1469/745 866/1532/866 1077/1531/1077 903/1468/903
f 903/1468/903 1077/1531/1077 981/1533/981 792/1463/792
f 1077/1534/1077 984/1537/984 816/1536/816 981/1535/981
f 866/1538/866 773/1539/773 984/1537/984 1077/1534/1077
f 792/1463/792 981/1533/981 1078/1540/1078 904/1461/904
f 904/1461/904 1078/1540/1078 902/1502/902 750/1460/750
f 1078/1541/1078 982/1544/982 791/1543/791 902/1542/902
f 981/1535/981 816/1536/816 982/1544/982 1078/1541/1078
f 816/1545/816 983/1548/983 1079/1547/1079 982/1546/982
f 982/1546/982 1079/1547/1079 901/1526/901 791/1506/791
f 1079/1547/1079 830/1549/830 736/1530/736 901/1526/901
f 983/1548/983 755/1550/755 830/1549/830 1079/1547/1079
f 773/1551/773 865/1554/865 1080/1553/1080 984/1552/984
f 984/1552/984 1080/1553/1080 983/1548/983 816/1545/816
f 1080/1553/1080 829/1555/829 755/1550/755 983/1548/983
f 865/1554/865 727/1556/727 829/1555/829 1080/1553/1080
f 729/1195/729 825/1193/825 1081/1557/1081 844/1206/844
f 844/1206/844 1081/1557/1081 985/1558/985 762/1207/762
f 1081/1557/1081 988/1560/988 817/1559/817 985/1558/985
f 825/1193/825 753/1185/753 988/1560/988 1081/1557/1081
f 762/1225/762 985/1562/985 1082/1561/1082 843/1228/843
f 843/1228/843 1082/1561/1082 905/1563/905 739/1230/739
f 1082/1561/1082 986/1565/986 793/1564/793 905/1563/905
f 985/1562/985 817/1566/817 986/1565/986 1082/1561/1082
f 817/1566/817 987/1568/987 1083/1567/1083 986/1565/986
f 986/1565/986 1083/1567/1083 906/1569/906 793/1564/793
f 1083/1567/1083 912/1571/912 751/1570/751 906/1569/906
f 987/1572/987 796/1575/796 912/1574/912 1083/1573/1083
f 753/1185/753 826/1181/826 1084/1576/1084 988/1560/988
f 988/1577/988 1084/1578/1084 987/1568/987 817/1566/817
f 1084/1576/1084 911/1579/911 796/1575/796 987/1572/987
f 826/1181/826 735/1115/735 911/1579/911 1084/1576/1084
f 739/1230/739 905/1563/905 1085/1580/1085 842/1295/842
f 842/1295/842 1085/1580/1085 989/1581/989 761/1299/761
f 1085/1580/1085 992/1583/992 818/1582/818 989/1581/989
f 905/1563/905 793/1564/793 992/1583/992 1085/1580/1085
f 761/1299/761 989/1581/989 1086/1584/1086 841/1307/841
f 841/1307/841 1086/1584/1086 856/1320/856 733/1309/733
f 1086/1584/1086 990/1585/990 768/1321/768 856/1320/856
f 989/1581/989 818/1582/818 990/1585/990 1086/1584/1086
f 818/1582/818 991/1587/991 1087/1586/1087 990/1585/990
f 990/1585/990 1087/1586/1087 855/1341/855 768/1321/768
f 1087/1586/1087 907/1589/907 742/1588/742 855/1341/855
f 991/1587/991 794/1590/794 907/1589/907 1087/1586/1087
f 793/1564/793 906/1569/906 1088/1591/1088 992/1583/992
f 992/1583/992 1088/1591/1088 991/1587/991 818/1582/818
f 1088/1591/1088 908/1592/908 794/1590/794 991/1587/991
f 906/1569/906 751/1570/751 908/1592/908 1088/1591/1088
f 751/1593/751 910/1596/910 1089/1595/1089 908/1594/908
f 908/1592/908 1089/1598/1089 993/1597/993 794/1590/794
f 1089/1599/1089 996/1602/996 819/1601/819 993/1600/993
f 910/1603/910 795/1606/795 996/1605/996 1089/1604/1089
f 794/1590/794 993/1597/993 1090/1607/1090 907/1589/907
f 907/1589/907 1090/1607/1090 854/1608/854 742/1588/742
f 1090/1609/1090 994/1610/994 767/1416/767 854/1415/854
f 993/1600/993 819/1601/819 994/1610/994 1090/1609/1090
f 819/1601/819 995/1612/995 1091/1611/1091 994/1610/994
f 994/1610/994 1091/1611/1091 853/1439/853 767/1416/767
f 1091/1611/1091 868/1442/868 731/1440/731 853/1439/853
f 995/1612/995 774/1446/774 868/1442/868 1091/1611/1091
f 795/1613/795 909/1615/909 1092/1614/1092 996/1602/996
f 996/1602/996 1092/1614/1092 995/1612/995 819/1601/819
f 1092/1614/1092 867/1465/867 774/1446/774 995/1612/995
f 909/1615/909 745/1469/745 867/1465/867 1092/1614/1092
f 735/1115/735 827/1113/827 1093/1616/1093 911/1579/911
f 911/1579/911 1093/1616/1093 997/1617/997 796/1575/796
f 1093/1616/1093 1000/1619/1000 820/1618/820 997/1617/997
f 827/1113/827 754/1094/754 1000/1619/1000 1093/1616/1093
f 796/1575/796 997/1617/997 1094/1620/1094 912/1574/912
f 912/1621/912 1094/1622/1094 910/1596/910 751/1593/751
f 1094/1623/1094 998/1624/998 795/1606/795 910/1603/910
f 997/1617/997 820/1618/820 998/1625/998 1094/1620/1094
f 820/1618/820 999/1627/999 1095/1626/1095 998/1625/998
f 998/1628/998 1095/1629/1095 909/1615/909 795/1613/795
f 1095/1629/1095 866/1532/866 745/1469/745 909/1615/909
f 999/1627/999 773/1539/773 866/1538/866 1095/1626/1095
f 754/1094/754 828/1086/828 1096/1630/1096 1000/1619/1000
f 1000/1631/1000 1096/1634/1096 999/1633/999 820/1632/820
f 1096/1634/1096 865/1554/865 773/1551/773 999/1633/999
f 828/1635/828 727/1556/727 865/1554/865 1096/1634/1096
f 734/1357/734 857/1358/857 1097/1636/1097 848/1279/848
f 848/1279/848 1097/1636/1097 1001/1637/1001 764/1273/764
f 1097/1636/1097 1004/1639/1004 821/1638/821 1001/1637/1001
f 857/1358/857 769/1360/769 1004/1639/1004 1097/1636/1097
f 764/1273/764 1001/1637/1001 1098/1640/1098 847/1271/847
f 847/1271/847 1098/1640/1098 913/1641/913 740/1252/740
f 1098/1640/1098 1002/1643/1002 797/1642/797 913/1641/913
f 1001/1637/1001 821/1638/821 1002/1643/1002 1098/1640/1098
f 821/1638/821 1003/1645/1003 1099/1644/1099 1002/1643/1002
f 1002/1643/1002 1099/1644/1099 914/1646/914 797/1642/797
f 1099/1644/1099 920/1648/920 752/1647/752 914/1646/914
f 1003/1645/1003 800/1649/800 920/1648/920 1099/1644/1099
f 769/1360/769 858/1367/858 1100/1650/1100 1004/1639/1004
f 1004/1639/1004 1100/1650/1100 1003/1645/1003 821/1638/821
f 1100/1650/1100 919/1651/919 800/1649/800 1003/1645/1003
f 858/1367/858 743/1368/743 919/1651/919 1100/1650/1100
f 740/1252/740 913/1641/913 1101/1652/1101 846/1251/846
f 846/1251/846 1101/1652/1101 1005/1653/1005 763/1244/763
f 1101/1652/1101 1008/1655/1008 822/1654/822 1005/1653/1005
f 913/1641/913 797/1642/797 1008/1655/1008 1101/1652/1101
f 763/1244/763 1005/1653/1005 1102/1656/1102 845/1243/845
f 845/1243/845 1102/1656/1102 836/1658/836 730/1657/730
f 1102/1656/1102 1006/1659/1006 758/1161/758 836/1658/836
f 1005/1660/1005 822/1663/822 1006/1662/1006 1102/1661/1102
f 822/1663/822 1007/1665/1007 1103/1664/1103 1006/1662/1006
f 1006/1659/1006 1103/1666/1103 835/1160/835 758/1161/758
f 1103/1666/1103 915/1668/915 737/1667/737 835/1160/835
f 1007/1665/1007 798/1670/798 915/1669/915 1103/1664/1103
f 797/1642/797 914/1646/914 1104/1671/1104 1008/1655/1008
f 1008/1655/1008 1104/1671/1104 1007/1672/1007 822/1654/822
f 1104/1671/1104 916/1674/916 798/1673/798 1007/1672/1007
f 914/1646/914 752/1647/752 916/1674/916 1104/1671/1104
f 752/1647/752 918/1676/918 1105/1675/1105 916/1674/916
f 916/1674/916 1105/1675/1105 1009/1677/1009 798/1673/798
f 1105/1675/1105 1012/1679/1012 823/1678/823 1009/1677/1009
f 918/1676/918 799/1680/799 1012/1679/1012 1105/1675/1105
f 798/1673/798 1009/1677/1009 1106/1681/1106 915/1668/915
f 915/1668/915 1106/1681/1106 834/1682/834 737/1667/737
f 1106/1681/1106 1010/1684/1010 757/1683/757 834/1682/834
f 1009/1677/1009 823/1678/823 1010/1684/1010 1106/1681/1106
f 823/1685/823 1011/1688/1011 1107/1687/1107 1010/1686/1010
f 1010/1684/1010 1107/1689/1107 833/1129/833 757/1683/757
f 1107/1689/1107 872/1518/872 728/1128/728 833/1129/833
f 1011/1690/1011 776/1511/776 872/1518/872 1107/1689/1107
f 799/1680/799 917/1692/917 1108/1691/1108 1012/1679/1012
f 1012/1679/1012 1108/1691/1108 1011/1690/1011 823/1678/823
f 1108/1691/1108 871/1510/871 776/1511/776 1011/1690/1011
f 917/1692/917 746/1491/746 871/1510/871 1108/1691/1108
f 743/1368/743 859/1388/859 1109/1693/1109 919/1651/919
f 919/1651/919 1109/1693/1109 1013/1694/1013 800/1649/800
f 1109/1693/1109 1016/1696/1016 824/1695/824 1013/1694/1013
f 859/1388/859 770/1390/770 1016/1696/1016 1109/1693/1109
f 800/1649/800 1013/1694/1013 1110/1697/1110 920/1648/920
f 920/1648/920 1110/1697/1110 918/1676/918 752/1647/752
f 1110/1697/1110 1014/1698/1014 799/1680/799 918/1676/918
f 1013/1694/1013 824/1695/824 1014/1698/1014 1110/1697/1110
f 824/1695/824 1015/1700/1015 1111/1699/1111 1014/1698/1014
f 1014/1698/1014 1111/1699/1111 917/1692/917 799/1680/799
f 1111/1699/1111 870/1490/870 746/1491/746 917/1692/917
f 1015/1700/1015 775/1484/775 870/1490/870 1111/1699/1111
f 770/1390/770 860/1395/860 1112/1701/1112 1016/1696/1016
f 1016/1696/1016 1112/1701/1112 1015/1700/1015 824/1695/824
f 1112/1701/1112 869/1483/869 775/1484/775 1015/1700/1015
f 860/1395/860 732/1702/732 869/1483/869 1112/1701/1112
o Cylinder.001
v 3.288146 11.104518 1.614987
v 3.128737 12.708151 2.060696
v 3.361351 11.100926 1.648649
v 3.256525 12.701882 2.119457
v 3.427000 11.090291 1.694279
v 3.371122 12.683317 2.199110
v 3.482569 11.073020 1.750126
v 3.468125 12.653169 2.296596
v 3.525923 11.049778 1.814041
v 3.543804 12.612597 2.408169
v 3.555397 11.021457 1.883570
v 3.595253 12.563158 2.529539
v 3.569856 10.989144 1.956041
v 3.620493 12.506755 2.656044
v 3.568746 10.954084 2.028667
v 3.618555 12.445553 2.782821
v 3.552109 10.917624 2.098659
v 3.589514 12.381906 2.904999
v 3.520585 10.881162 2.163326
v 3.534485 12.318258 3.017883
v 3.475385 10.846102 2.220183
v 3.455583 12.257057 3.117134
v 3.418246 10.813790 2.267046
v 3.355840 12.200654 3.198938
v 3.351363 10.785469 2.302113
v 3.239090 12.151216 3.260152
v 3.277308 10.762226 2.324038
v 3.109819 12.110642 3.298423
v 3.198926 10.744955 2.331976
v 2.972994 12.080495 3.312281
v 3.119230 10.734320 2.325624
v 2.833875 12.061930 3.301192
v 3.041281 10.730729 2.305225
v 2.697806 12.055660 3.265583
v 2.968076 10.734320 2.271563
v 2.570018 12.061930 3.206823
v 2.902427 10.744955 2.225932
v 2.455421 12.080495 3.127169
v 2.846858 10.762226 2.170086
v 2.358419 12.110642 3.029683
v 2.803504 10.785469 2.106170
v 2.282740 12.151216 2.918111
v 2.774030 10.813790 2.036641
v 2.231291 12.200654 2.796741
v 2.759571 10.846102 1.964171
v 2.206051 12.257057 2.670236
v 2.760681 10.881162 1.891544
v 2.207989 12.318258 2.543458
v 2.777318 10.917624 1.821553
v 2.237030 12.381906 2.421280
v 2.808842 10.954084 1.756886
v 2.292059 12.445553 2.308397
v 2.854043 10.989144 1.700028
v 2.370961 12.506755 2.209146
v 2.911181 11.021457 1.653165
v 2.470703 12.563158 2.127341
v 2.978064 11.049778 1.618098
v 2.587454 12.612597 2.066128
v 3.052119 11.073020 1.596174
v 2.716725 12.653169 2.027856
v 3.130501 11.090291 1.588235
v 2.853549 12.683317 2.013999
v 3.210197 11.100926 1.594588
v 2.992669 12.701882 2.025088
v 3.061999 12.703735 2.460436
v 2.996535 12.706946 2.430334
v 3.120705 12.694224 2.501241
v 3.170398 12.678780 2.551182
v 3.209167 12.657995 2.608338
v 3.235523 12.632669 2.670515
v 3.248454 12.603774 2.735321
v 3.247461 12.572422 2.800267
v 3.232583 12.539817 2.862857
v 3.204393 12.507211 2.920685
v 3.163973 12.475859 2.971530
v 3.112876 12.446964 3.013437
v 3.053067 12.421638 3.044796
v 2.986843 12.400853 3.064401
v 2.916750 12.385408 3.071500
v 2.845482 12.375897 3.065820
v 2.775776 12.372686 3.047578
v 2.710312 12.375897 3.017476
v 2.651606 12.385408 2.976671
v 2.601913 12.400853 2.926730
v 2.563144 12.421638 2.869574
v 2.536788 12.446964 2.807398
v 2.523858 12.475859 2.742591
v 2.524850 12.507211 2.677645
v 2.539728 12.539817 2.615055
v 2.567918 12.572422 2.557227
v 2.608338 12.603774 2.506382
v 2.659435 12.632669 2.464475
v 2.719244 12.657995 2.433116
v 2.785468 12.678780 2.413511
v 2.855561 12.694224 2.406412
v 2.926829 12.703735 2.412092
vn 0.3132 -0.3677 -0.8756
vn 0.2054 0.7923 -0.5744
vn 0.4309 -0.3735 -0.8215
vn 0.3662 0.7845 -0.5005
vn 0.5364 -0.3906 -0.7481
vn 0.5103 0.7611 -0.4003
vn 0.6257 -0.4184 -0.6584
vn 0.6324 0.7232 -0.2777
vn 0.6954 -0.4557 -0.5556
vn 0.7276 0.6721 -0.1373
vn 0.7428 -0.5012 -0.4438
vn 0.7923 0.6100 0.0153
vn 0.7660 -0.5532 -0.3273
vn 0.8240 0.5390 0.1745
vn 0.7643 -0.6096 -0.2106
vn 0.8216 0.4620 0.3339
vn 0.7375 -0.6682 -0.0981
vn 0.7851 0.3820 0.4876
vn 0.6868 -0.7268 0.0059
vn 0.7158 0.3019 0.6296
vn 0.6142 -0.7831 0.0973
vn 0.6166 0.2249 0.7545
vn 0.5223 -0.8351 0.1726
vn 0.4911 0.1540 0.8574
vn 0.4148 -0.8806 0.2290
vn 0.3443 0.0918 0.9344
vn 0.2957 -0.9180 0.2643
vn 0.1817 0.0407 0.9825
vn 0.1697 -0.9458 0.2770
vn 0.0095 0.0028 1.0000
vn 0.0416 -0.9629 0.2668
vn -0.1655 -0.0205 0.9860
vn -0.0837 -0.9686 0.2340
vn -0.3366 -0.0284 0.9412
vn -0.2014 -0.9629 0.1799
vn -0.4974 -0.0205 0.8673
vn -0.3069 -0.9458 0.1065
vn -0.6415 0.0028 0.7671
vn -0.3963 -0.9180 0.0168
vn -0.7635 0.0407 0.6445
vn -0.4659 -0.8806 -0.0860
vn -0.8587 0.0918 0.5041
vn -0.5133 -0.8351 -0.1978
vn -0.9235 0.1540 0.3514
vn -0.5366 -0.7831 -0.3143
vn -0.9552 0.2249 0.1923
vn -0.5348 -0.7268 -0.4310
vn -0.9528 0.3019 0.0328
vn -0.5080 -0.6682 -0.5435
vn -0.9162 0.3820 -0.1209
vn -0.4574 -0.6096 -0.6475
vn -0.8470 0.4620 -0.2629
vn -0.3847 -0.5532 -0.7389
vn -0.7478 0.5390 -0.3877
vn -0.2928 -0.5012 -0.8142
vn -0.6223 0.6100 -0.4906
vn -0.1853 -0.4557 -0.8706
vn -0.4754 0.6721 -0.5676
vn -0.0663 -0.4184 -0.9059
vn -0.3128 0.7232 -0.6157
vn 0.0597 -0.3906 -0.9186
vn -0.1407 0.7611 -0.6332
vn 0.1879 -0.3735 -0.9084
vn 0.0343 0.7845 -0.6192
vn -0.0308 0.9730 0.2286
vn -0.0746 0.9752 0.2085
vn 0.0084 0.9667 0.2558
vn 0.0416 0.9564 0.2892
vn 0.0674 0.9425 0.3274
vn 0.0850 0.9256 0.3689
vn 0.0937 0.9063 0.4122
vn 0.0930 0.8853 0.4556
vn 0.0831 0.8636 0.4974
vn 0.0643 0.8418 0.5360
vn 0.0373 0.8208 0.5699
vn 0.0031 0.8015 0.5979
vn -0.0368 0.7846 0.6189
vn -0.0810 0.7707 0.6320
vn -0.1279 0.7604 0.6367
vn -0.1755 0.7541 0.6329
vn -0.2220 0.7519 0.6207
vn -0.2657 0.7541 0.6006
vn -0.3049 0.7604 0.5734
vn -0.3381 0.7707 0.5400
vn -0.3640 0.7846 0.5018
vn -0.3816 0.8015 0.4603
vn -0.3903 0.8208 0.4170
vn -0.3896 0.8418 0.3737
vn -0.3797 0.8636 0.3319
vn -0.3608 0.8853 0.2932
vn -0.3338 0.9063 0.2593
vn -0.2997 0.9256 0.2313
vn -0.2598 0.9425 0.2103
vn -0.2155 0.9564 0.1973
vn -0.1687 0.9667 0.1925
vn -0.1211 0.9730 0.1963
vt 0.473697 0.770649
vt 0.470233 0.676179
vt 0.478192 0.676030
vt 0.478256 0.770563
vt 0.486003 0.676179
vt 0.482731 0.770649
vt 0.493367 0.676619
vt 0.486950 0.770901
vt 0.500000 0.677334
vt 0.490750 0.771310
vt 0.505647 0.678296
vt 0.493985 0.771861
vt 0.348362 0.771342
vt 0.335610 0.677776
vt 0.342212 0.676814
vt 0.352144 0.770791
vt 0.349554 0.676099
vt 0.356351 0.770381
vt 0.357355 0.675659
vt 0.360819 0.770129
vt 0.365313 0.675511
vt 0.365378 0.770044
vt 0.373125 0.675659
vt 0.369853 0.770129
vt 0.380488 0.676099
vt 0.374072 0.770381
vt 0.387122 0.676814
vt 0.377872 0.770791
vt 0.392769 0.677776
vt 0.381107 0.771342
vt 0.572193 0.781501
vt 0.561190 0.687713
vt 0.567808 0.686875
vt 0.575984 0.781021
vt 0.575162 0.686297
vt 0.580197 0.780690
vt 0.582970 0.686003
vt 0.584670 0.780521
vt 0.590930 0.686003
vt 0.589230 0.780521
vt 0.598737 0.686297
vt 0.593702 0.780690
vt 0.606091 0.686875
vt 0.597915 0.781021
vt 0.612710 0.687713
vt 0.601707 0.781501
vt 0.669070 0.685231
vt 0.655662 0.591899
vt 0.661291 0.590832
vt 0.672294 0.684619
vt 0.667910 0.589993
vt 0.676086 0.684139
vt 0.675264 0.589416
vt 0.680299 0.683808
vt 0.683071 0.589121
vt 0.684771 0.683639
vt 0.691031 0.589121
vt 0.689331 0.683639
vt 0.698838 0.589416
vt 0.693804 0.683808
vt 0.706193 0.589993
vt 0.698017 0.684139
vt 0.712811 0.590832
vt 0.701808 0.684619
vt 0.718440 0.591899
vt 0.705033 0.685231
vt 0.461241 0.771861
vt 0.448488 0.678296
vt 0.455090 0.677334
vt 0.465023 0.771310
vt 0.203604 0.562242
vt 0.200558 0.554888
vt 0.219510 0.549139
vt 0.221070 0.552906
vt 0.462432 0.676619
vt 0.469229 0.770901
vt 0.895458 0.683228
vt 0.895458 0.678668
vt 0.896348 0.674195
vt 0.898093 0.669982
vt 0.900627 0.666191
vt 0.903851 0.662966
vt 0.907643 0.660433
vt 0.911856 0.658688
vt 0.916328 0.657798
vt 0.920888 0.657798
vt 0.925361 0.658688
vt 0.929574 0.660433
vt 0.933365 0.662966
vt 0.936590 0.666191
vt 0.939123 0.669982
vt 0.940868 0.674195
vt 0.941758 0.678668
vt 0.941758 0.683228
vt 0.940868 0.687700
vt 0.939123 0.691913
vt 0.936590 0.695705
vt 0.933365 0.698929
vt 0.929574 0.701463
vt 0.925361 0.703208
vt 0.920888 0.704097
vt 0.916328 0.704097
vt 0.911856 0.703208
vt 0.907643 0.701463
vt 0.903851 0.698929
vt 0.900627 0.695705
vt 0.898093 0.691913
vt 0.896348 0.687700
vt 0.218714 0.545139
vt 0.218714 0.541062
vt 0.219510 0.537062
vt 0.221070 0.533295
vt 0.223336 0.529904
vt 0.226219 0.527020
vt 0.229610 0.524755
vt 0.233377 0.523194
vt 0.237377 0.522399
vt 0.241455 0.522399
vt 0.245454 0.523194
vt 0.249222 0.524755
vt 0.252612 0.527020
vt 0.255496 0.529904
vt 0.257761 0.533295
vt 0.259322 0.537062
vt 0.260117 0.541062
vt 0.260117 0.545139
vt 0.259322 0.549139
vt 0.257761 0.552906
vt 0.255496 0.556297
vt 0.252612 0.559180
vt 0.249222 0.561446
vt 0.245454 0.563007
vt 0.241455 0.563802
vt 0.237377 0.563802
vt 0.233377 0.563007
vt 0.229610 0.561446
vt 0.226219 0.559180
vt 0.223336 0.556297
vt 0.265176 0.574489
vt 0.258557 0.578912
vt 0.265176 0.511712
vt 0.270805 0.517340
vt 0.203604 0.523959
vt 0.208027 0.517340
vt 0.235436 0.583511
vt 0.227628 0.581958
vt 0.279826 0.539120
vt 0.279826 0.547081
vt 0.227628 0.504243
vt 0.235436 0.502690
vt 0.208027 0.568861
vt 0.270805 0.568861
vt 0.258557 0.507289
vt 0.200558 0.531313
vt 0.243396 0.583511
vt 0.278273 0.531313
vt 0.220274 0.507289
vt 0.213655 0.574489
vt 0.275227 0.562242
vt 0.251203 0.504243
vt 0.199005 0.539120
vt 0.251203 0.581958
vt 0.275227 0.523959
vt 0.213655 0.511712
vt 0.220274 0.578912
vt 0.278273 0.554888
vt 0.243396 0.502690
vt 0.199005 0.547081
s 1
usemtl Material.004
f 1113/1703/1113 1114/1704/1114 1116/1705/1116 1115/1706/1115
f 1115/1706/1115 1116/1705/1116 1118/1707/1118 1117/1708/1117
f 1117/1708/1117 1118/1707/1118 1120/1709/1120 1119/1710/1119
f 1119/1710/1119 1120/1709/1120 1122/1711/1122 1121/1712/1121
f 1121/1712/1121 1122/1711/1122 1124/1713/1124 1123/1714/1123
f 1123/1715/1123 1124/1716/1124 1126/1717/1126 1125/1718/1125
f 1125/1718/1125 1126/1717/1126 1128/1719/1128 1127/1720/1127
f 1127/1720/1127 1128/1719/1128 1130/1721/1130 1129/1722/1129
f 1129/1722/1129 1130/1721/1130 1132/1723/1132 1131/1724/1131
f 1131/1724/1131 1132/1723/1132 1134/1725/1134 1133/1726/1133
f 1133/1726/1133 1134/1725/1134 1136/1727/1136 1135/1728/1135
f 1135/1728/1135 1136/1727/1136 1138/1729/1138 1137/1730/1137
f 1137/1730/1137 1138/1729/1138 1140/1731/1140 1139/1732/1139
f 1139/1733/1139 1140/1734/1140 1142/1735/1142 1141/1736/1141
f 1141/1736/1141 1142/1735/1142 1144/1737/1144 1143/1738/1143
f 1143/1738/1143 1144/1737/1144 1146/1739/1146 1145/1740/1145
f 1145/1740/1145 1146/1739/1146 1148/1741/1148 1147/1742/1147
f 1147/1742/1147 1148/1741/1148 1150/1743/1150 1149/1744/1149
f 1149/1744/1149 1150/1743/1150 1152/1745/1152 1151/1746/1151
f 1151/1746/1151 1152/1745/1152 1154/1747/1154 1153/1748/1153
f 1153/1749/1153 1154/1750/1154 1156/1751/1156 1155/1752/1155
f 1155/1752/1155 1156/1751/1156 1158/1753/1158 1157/1754/1157
f 1157/1754/1157 1158/1753/1158 1160/1755/1160 1159/1756/1159
f 1159/1756/1159 1160/1755/1160 1162/1757/1162 1161/1758/1161
f 1161/1758/1161 1162/1757/1162 1164/1759/1164 1163/1760/1163
f 1163/1760/1163 1164/1759/1164 1166/1761/1166 1165/1762/1165
f 1165/1762/1165 1166/1761/1166 1168/1763/1168 1167/1764/1167
f 1167/1764/1167 1168/1763/1168 1170/1765/1170 1169/1766/1169
f 1169/1766/1169 1170/1765/1170 1172/1767/1172 1171/1768/1171
f 1171/1769/1171 1172/1770/1172 1174/1771/1174 1173/1772/1173
f 1118/1773/1118 1116/1774/1116 1177/1775/1177 1179/1776/1179
f 1173/1772/1173 1174/1771/1174 1176/1777/1176 1175/1778/1175
f 1175/1778/1175 1176/1777/1176 1114/1704/1114 1113/1703/1113
f 1113/1779/1113 1115/1780/1115 1117/1781/1117 1119/1782/1119 1121/1783/1121 1123/1784/1123 1125/1785/1125 1127/1786/1127 1129/1787/1129 1131/1788/1131 1133/1789/1133 1135/1790/1135 1137/1791/1137 1139/1792/1139 1141/1793/1141 1143/1794/1143 1145/1795/1145 1147/1796/1147 1149/1797/1149 1151/1798/1151 1153/1799/1153 1155/1800/1155 1157/1801/1157 1159/1802/1159 1161/1803/1161 1163/1804/1163 1165/1805/1165 1167/1806/1167 1169/1807/1169 1171/1808/1171 1173/1809/1173 1175/1810/1175
f 1177/1775/1177 1178/1811/1178 1208/1812/1208 1207/1813/1207 1206/1814/1206 1205/1815/1205 1204/1816/1204 1203/1817/1203 1202/1818/1202 1201/1819/1201 1200/1820/1200 1199/1821/1199 1198/1822/1198 1197/1823/1197 1196/1824/1196 1195/1825/1195 1194/1826/1194 1193/1827/1193 1192/1828/1192 1191/1829/1191 1190/1830/1190 1189/1831/1189 1188/1832/1188 1187/1833/1187 1186/1834/1186 1185/1835/1185 1184/1836/1184 1183/1837/1183 1182/1838/1182 1181/1839/1181 1180/1840/1180 1179/1776/1179
f 1136/1841/1136 1134/1842/1134 1187/1833/1187 1188/1832/1188
f 1154/1843/1154 1152/1844/1152 1196/1824/1196 1197/1823/1197
f 1172/1845/1172 1170/1846/1170 1205/1815/1205 1206/1814/1206
f 1128/1847/1128 1126/1848/1126 1183/1837/1183 1184/1836/1184
f 1146/1849/1146 1144/1850/1144 1192/1828/1192 1193/1827/1193
f 1164/1851/1164 1162/1852/1162 1201/1819/1201 1202/1818/1202
f 1120/1853/1120 1118/1773/1118 1179/1776/1179 1180/1840/1180
f 1138/1854/1138 1136/1841/1136 1188/1832/1188 1189/1831/1189
f 1156/1855/1156 1154/1843/1154 1197/1823/1197 1198/1822/1198
f 1174/1856/1174 1172/1845/1172 1206/1814/1206 1207/1813/1207
f 1130/1857/1130 1128/1847/1128 1184/1836/1184 1185/1835/1185
f 1148/1858/1148 1146/1849/1146 1193/1827/1193 1194/1826/1194
f 1166/1859/1166 1164/1851/1164 1202/1818/1202 1203/1817/1203
f 1122/1860/1122 1120/1853/1120 1180/1840/1180 1181/1839/1181
f 1140/1861/1140 1138/1854/1138 1189/1831/1189 1190/1830/1190
f 1158/1862/1158 1156/1855/1156 1198/1822/1198 1199/1821/1199
f 1176/1863/1176 1174/1856/1174 1207/1813/1207 1208/1812/1208
f 1132/1864/1132 1130/1857/1130 1185/1835/1185 1186/1834/1186
f 1150/1865/1150 1148/1858/1148 1194/1826/1194 1195/1825/1195
f 1168/1866/1168 1166/1859/1166 1203/1817/1203 1204/1816/1204
f 1124/1867/1124 1122/1860/1122 1181/1839/1181 1182/1838/1182
f 1142/1868/1142 1140/1861/1140 1190/1830/1190 1191/1829/1191
f 1160/1869/1160 1158/1862/1158 1199/1821/1199 1200/1820/1200
f 1116/1774/1116 1114/1870/1114 1178/1811/1178 1177/1775/1177
f 1114/1870/1114 1176/1863/1176 1208/1812/1208 1178/1811/1178
f 1134/1842/1134 1132/1864/1132 1186/1834/1186 1187/1833/1187
f 1152/1844/1152 1150/1865/1150 1195/1825/1195 1196/1824/1196
f 1170/1846/1170 1168/1866/1168 1204/1816/1204 1205/1815/1205
f 1126/1848/1126 1124/1867/1124 1182/1838/1182 1183/1837/1183
f 1144/1850/1144 1142/1868/1142 1191/1829/1191 1192/1828/1192
f 1162/1852/1162 1160/1869/1160 1200/1820/1200 1201/1819/1201
o Cube.004
v 3.609438 11.094794 1.553933
v 3.609438 10.689096 1.553933
v 2.667241 11.094794 2.496129
v 2.667242 10.689096 2.496129
v 4.396998 11.080074 2.396682
v 4.394421 10.560809 2.368177
v 3.508216 11.080074 3.285465
v 3.479711 10.560809 3.282887
v 3.062482 11.150602 1.962483
v 3.623917 10.846594 1.401048
v 3.062482 10.651429 1.962483
v 2.517018 10.846594 2.507946
v 2.938986 11.150602 2.929914
v 2.938986 10.630515 2.929914
v 3.391532 10.808758 3.439209
v 3.967732 11.172476 2.869508
v 3.951072 10.474669 2.852847
v 4.555179 10.808758 2.275561
v 4.045885 11.150602 1.823016
v 4.045884 10.630515 1.823016
v 2.904679 10.846594 1.804680
v 2.757549 10.842411 3.111351
v 4.951675 11.501858 4.133082
v 4.232646 10.842411 1.636255
v 3.484449 11.277860 2.384451
v 3.484449 10.535356 2.384451
v 4.044665 10.500024 3.434278
v 4.462114 10.959922 3.951509
v 4.467074 11.162119 3.902753
v 4.801277 11.162119 3.568550
v 4.645037 11.207586 3.749174
v 4.338695 10.442640 3.247570
v 4.530284 10.500024 2.948659
v 4.849429 10.959922 3.564193
v 4.753056 10.927238 3.858968
v 4.967167 11.560952 4.124709
v 5.042712 11.530857 3.962368
v 5.050778 11.546241 4.064838
v 5.034780 11.468752 3.954499
v 5.039317 11.463178 4.067321
v 2.801354 11.133243 2.266663
v 3.372306 11.133243 1.695711
v 3.621437 10.985473 1.446581
v 3.621437 10.746181 1.446581
v 3.372306 10.665681 1.695711
v 2.801354 10.665681 2.266663
v 2.562096 10.746181 2.505922
v 2.562095 10.985473 2.505922
v 3.188414 11.132483 3.129558
v 2.750958 11.133243 2.694785
v 2.750958 10.663067 2.694785
v 3.184851 10.599734 3.129236
v 3.396787 10.669924 3.399349
v 3.414956 10.956497 3.399693
v 4.207581 11.151137 2.607880
v 3.711096 11.151137 3.104365
v 3.685129 10.495654 3.096224
v 4.199439 10.495655 2.581914
v 4.514765 10.669924 2.281372
v 4.515108 10.956497 2.299540
v 3.810299 11.133243 1.635444
v 4.244974 11.132483 2.072998
v 4.244652 10.599734 2.069435
v 3.810299 10.663067 1.635444
v 3.253498 10.846594 1.534639
v 2.944067 10.733005 1.844069
v 2.640627 10.846594 2.147510
v 2.944067 11.001000 1.844069
v 2.569058 10.846071 2.838175
v 2.799892 10.720456 3.069008
v 3.034547 10.831930 3.310758
v 2.799892 11.000478 3.069008
v 4.506128 11.009746 2.795814
v 4.217510 11.076763 3.122835
v 3.805144 10.513370 3.388345
v 4.165195 10.432108 3.070520
v 4.431386 10.831930 1.913919
v 4.189637 10.720456 1.679263
v 3.958804 10.846071 1.448429
v 4.189637 11.000478 1.679263
v 3.181009 11.246096 2.687891
v 3.722947 11.248830 2.623170
v 3.793880 11.246096 2.075021
v 3.253616 11.246096 2.153617
v 3.181009 10.563107 2.687891
v 3.253616 10.584544 2.153617
v 3.793880 10.563107 2.075021
v 3.720865 10.505982 2.621088
v 4.120477 10.596500 3.494098
v 4.437479 11.088726 3.946947
v 4.732780 11.198215 3.649239
v 4.546100 11.198215 3.835920
v 4.184400 10.456889 3.370555
v 4.463091 10.456889 3.091863
v 4.793242 10.766978 3.425360
v 4.846088 11.088726 3.538339
v 4.652652 10.931437 3.924377
v 4.455575 10.564364 3.366003
v 4.818860 10.931437 3.758170
v 4.771420 11.431313 4.068312
v 3.815964 10.776632 3.508645
v 4.613808 10.776632 2.710801
v 4.491308 10.513370 2.702181
v 3.898475 11.009746 3.403468
v 4.979298 11.532932 4.140569
v 5.062089 11.539015 4.013636
v 5.018989 11.556185 4.106255
v 5.060559 11.500561 3.965945
v 5.003593 11.480370 4.114084
v 5.052621 11.460838 4.008727
v 5.094953 11.505238 4.089253
v 4.762360 11.527455 4.038352
v 4.975066 11.431313 3.864665
v 4.907376 11.413293 4.001016
v 4.864006 11.561022 3.957424
v 4.945266 11.527455 3.855445
v 3.278805 10.994055 1.578110
v 3.278805 10.739362 1.578110
v 2.684012 10.739362 2.172903
v 2.684012 10.994055 2.172903
v 2.614905 10.993989 2.809553
v 2.614905 10.737793 2.809553
v 3.064005 10.699912 3.265625
v 3.066276 10.989600 3.265667
v 4.587213 10.911112 2.732794
v 3.780320 10.628908 3.475161
v 4.379489 11.062180 2.941655
v 3.957766 10.449851 3.253839
v 4.385645 10.989600 1.946299
v 4.385602 10.699912 1.944028
v 3.929541 10.737793 1.494918
v 3.929541 10.993989 1.494918
v 2.967784 11.218363 2.456675
v 3.425380 11.220445 2.906665
v 4.012306 11.220445 2.319739
v 3.562577 11.218363 1.861882
v 3.422135 10.531596 2.905647
v 2.967784 10.607976 2.456675
v 3.562577 10.607976 1.861882
v 4.011289 10.531596 2.316493
v 4.954631 11.414829 3.932626
v 4.329093 10.571863 3.453274
v 4.747943 10.742341 3.638451
v 4.749537 11.482732 4.064180
v 4.351584 10.449851 2.860021
v 4.039324 11.062180 3.281819
v 3.837743 10.911112 3.482263
v 4.580186 10.628908 2.675294
v 5.061889 11.517521 4.127669
v 5.103339 11.501008 4.038595
v 4.839057 11.414829 4.048200
v 4.910666 11.554147 3.901805
v 4.971151 11.482732 3.842565
v 4.808511 11.554147 4.003960
vn -0.0768 0.8080 -0.5841
vn -0.0569 -0.9211 -0.3852
vn -0.5909 0.8040 -0.0657
vn -0.3908 -0.9191 -0.0495
vn 0.5397 0.8402 -0.0529
vn 0.3619 -0.9021 -0.2349
vn -0.0661 0.8363 0.5442
vn -0.2487 -0.8971 0.3651
vn -0.3628 0.8588 -0.3617
vn -0.0963 -0.0526 -0.9940
vn -0.2413 -0.9402 -0.2405
vn -0.9953 -0.0524 -0.0817
vn -0.3197 0.8925 0.3183
vn -0.2866 -0.9446 0.1602
vn -0.2653 0.0027 0.9642
vn 0.1675 0.9714 0.1683
vn -0.0838 -0.9930 -0.0832
vn 0.9697 0.0003 -0.2444
vn 0.3102 0.8982 -0.3114
vn 0.1533 -0.9477 -0.2799
vn -0.7069 -0.0543 -0.7052
vn -0.7168 -0.0403 0.6961
vn -0.1196 -0.3718 0.9206
vn 0.6960 -0.0408 -0.7169
vn -0.0040 1.0000 -0.0030
vn -0.0841 -0.9930 -0.0832
vn -0.0770 -0.7670 0.6370
vn -0.2285 -0.3853 0.8941
vn -0.6387 0.7395 0.2127
vn 0.2486 0.7800 -0.5743
vn -0.3612 0.8615 -0.3568
vn 0.1866 -0.9499 0.2508
vn 0.5978 -0.7966 -0.0898
vn 0.9788 -0.1863 -0.0853
vn 0.4507 -0.6319 0.6306
vn -0.1475 0.8158 0.5592
vn 0.5494 0.7152 -0.4319
vn 0.4003 0.9133 0.0756
vn 0.7370 -0.5805 -0.3463
vn 0.3656 -0.8738 0.3207
vn -0.4804 0.8448 -0.2356
vn -0.2400 0.8457 -0.4766
vn -0.0867 0.5217 -0.8487
vn -0.0796 -0.6717 -0.7365
vn -0.1558 -0.9340 -0.3214
vn -0.3244 -0.9335 -0.1528
vn -0.7405 -0.6686 -0.0679
vn -0.8524 0.5177 -0.0737
vn -0.1776 0.8753 0.4497
vn -0.4715 0.8691 0.1492
vn -0.3374 -0.9389 0.0679
vn -0.2615 -0.9317 0.2520
vn -0.2951 -0.5595 0.7745
vn -0.1928 0.5167 0.8342
vn 0.3006 0.9514 0.0667
vn 0.0616 0.9509 0.3033
vn -0.1658 -0.9851 0.0469
vn 0.0451 -0.9859 -0.1611
vn 0.7751 -0.5686 -0.2755
vn 0.8352 0.5217 -0.1742
vn 0.1400 0.8744 -0.4646
vn 0.4430 0.8806 -0.1680
vn 0.2456 -0.9357 -0.2533
vn 0.0613 -0.9415 -0.3315
vn -0.4850 -0.0533 -0.8729
vn -0.5052 -0.7006 -0.5039
vn -0.8771 -0.0532 -0.4774
vn -0.5911 0.5503 -0.5897
vn -0.9240 -0.0501 0.3791
vn -0.5403 -0.6965 0.4722
vn -0.4783 -0.0193 0.8780
vn -0.5734 0.5883 0.5702
vn 0.5243 0.8374 -0.1546
vn 0.0292 0.9993 0.0252
vn -0.2021 -0.8408 0.5022
vn -0.0291 -0.9992 -0.0286
vn 0.8821 -0.0200 -0.4706
vn 0.4676 -0.7029 -0.5360
vn 0.3713 -0.0505 -0.9271
vn 0.5660 0.5966 -0.5690
vn -0.1233 0.9852 0.1187
vn 0.1051 0.9888 0.1060
vn 0.1147 0.9862 -0.1192
vn -0.1513 0.9770 -0.1504
vn -0.1705 -0.9853 0.0104
vn -0.1352 -0.9817 -0.1344
vn 0.0073 -0.9858 -0.1675
vn -0.0673 -0.9955 -0.0666
vn -0.0838 -0.6337 0.7690
vn -0.5618 0.2764 0.7798
vn -0.2465 0.8699 -0.4273
vn -0.4516 0.8559 -0.2519
vn 0.0812 -0.8920 0.4446
vn 0.3595 -0.9304 0.0711
vn 0.8828 -0.4661 -0.0587
vn 0.8575 0.2916 -0.4239
vn 0.2392 -0.6128 0.7532
vn 0.2930 -0.8522 0.4335
vn 0.7286 -0.5461 0.4135
vn -0.1562 -0.2092 0.9653
vn -0.3181 -0.1622 0.9341
vn 0.9774 -0.0094 -0.2112
vn 0.4898 -0.8513 -0.1883
vn -0.2383 0.8586 0.4540
vn 0.0073 0.2049 0.9788
vn 0.5260 0.8278 -0.1949
vn 0.2285 0.9023 0.3655
vn 0.8532 0.0184 -0.5212
vn 0.1757 -0.7143 0.6774
vn 0.5687 -0.8197 -0.0688
vn 0.8991 -0.0682 0.4323
vn -0.6030 0.7726 0.1987
vn 0.9176 -0.3230 -0.2315
vn 0.4563 -0.7442 0.4877
vn -0.2280 0.9300 -0.2883
vn 0.1538 0.7463 -0.6476
vn -0.4161 0.5297 -0.7391
vn -0.3537 -0.6839 -0.6381
vn -0.6421 -0.6830 -0.3483
vn -0.7432 0.5289 -0.4097
vn -0.7662 0.5605 0.3144
vn -0.6766 -0.6913 0.2536
vn -0.4133 -0.6504 0.6373
vn -0.3687 0.5686 0.7354
vn 0.8751 0.4343 -0.2133
vn -0.2248 -0.5174 0.8257
vn 0.1873 0.9805 -0.0592
vn -0.1262 -0.9839 0.1267
vn 0.7342 0.5760 -0.3593
vn 0.6358 -0.6575 -0.4042
vn 0.2448 -0.6963 -0.6747
vn 0.3050 0.5678 -0.7646
vn -0.2592 0.9653 -0.0304
vn -0.0107 0.9729 0.2309
vn 0.2272 0.9738 -0.0064
vn -0.0342 0.9662 -0.2553
vn -0.1542 -0.9873 0.0374
vn -0.2111 -0.9763 -0.0471
vn -0.0498 -0.9768 -0.2083
vn 0.0344 -0.9880 -0.1508
vn 0.7099 -0.6848 0.1645
vn 0.1847 -0.7936 0.5797
vn 0.5252 -0.7422 0.4163
vn -0.5642 0.3128 0.7641
vn 0.1261 -0.9847 -0.1202
vn -0.0795 0.9849 0.1536
vn -0.3770 0.4476 0.8109
vn 0.8627 -0.4665 -0.1953
vn 0.5891 0.0718 0.8049
vn 0.9944 -0.0771 -0.0719
vn 0.2026 -0.5990 0.7747
vn -0.1293 0.9086 -0.3972
vn 0.6950 0.2593 -0.6706
vn -0.3412 0.9188 -0.1986
vt 0.803330 0.017687
vt 0.798393 0.013826
vt 0.807416 0.008225
vt 0.811133 0.015561
vt 0.310912 0.668956
vt 0.305964 0.670001
vt 0.309596 0.656101
vt 0.314525 0.655890
vt 0.311616 0.638854
vt 0.316665 0.639160
vt 0.566903 0.306689
vt 0.570147 0.300675
vt 0.584128 0.300752
vt 0.580013 0.307406
vt 0.301682 0.668380
vt 0.304701 0.655277
vt 0.298598 0.664823
vt 0.299473 0.654247
vt 0.300456 0.638118
vt 0.306328 0.638514
vt 0.306841 0.621996
vt 0.311801 0.621809
vt 0.301527 0.622301
vt 0.301987 0.612105
vt 0.305493 0.609107
vt 0.309947 0.608068
vt 0.597801 0.304614
vt 0.593448 0.310469
vt 0.316665 0.622610
vt 0.314723 0.609684
vt 0.608025 0.311992
vt 0.602549 0.314311
vt 0.612725 0.322749
vt 0.603584 0.322568
vt 0.612478 0.310893
vt 0.617958 0.322455
vt 0.618805 0.335585
vt 0.613143 0.335369
vt 0.603168 0.334510
vt 0.301520 0.601769
vt 0.306028 0.599961
vt 0.297941 0.608588
vt 0.742649 0.589121
vt 0.749300 0.591177
vt 0.750162 0.600912
vt 0.742568 0.599309
vt 0.737676 0.589290
vt 0.736976 0.599976
vt 0.744901 0.611244
vt 0.739140 0.612525
vt 0.752495 0.612130
vt 0.756636 0.624251
vt 0.749683 0.624487
vt 0.744182 0.626611
vt 0.610566 0.348024
vt 0.601260 0.346839
vt 0.616001 0.348585
vt 0.734890 0.614863
vt 0.740050 0.628624
vt 0.605088 0.360736
vt 0.597431 0.359517
vt 0.779268 0.059159
vt 0.785377 0.060481
vt 0.786139 0.073522
vt 0.780795 0.072048
vt 0.793043 0.061377
vt 0.791837 0.074202
vt 0.797441 0.104727
vt 0.793692 0.104250
vt 0.789482 0.103502
vt 0.756587 0.638471
vt 0.751578 0.642026
vt 0.762319 0.636592
vt 0.766226 0.645453
vt 0.763294 0.650182
vt 0.749752 0.673495
vt 0.801524 0.062790
vt 0.797716 0.075330
vt 0.563704 0.355594
vt 0.574806 0.357869
vt 0.575810 0.371846
vt 0.568224 0.370169
vt 0.574620 0.401894
vt 0.570508 0.400930
vt 0.800899 0.105478
vt 0.765223 0.627733
vt 0.769161 0.639058
vt 0.010926 0.559712
vt 0.020370 0.555969
vt 0.020370 0.567170
vt 0.013152 0.569872
vt 0.021705 0.576546
vt 0.016588 0.578098
vt 0.771082 0.648805
vt 0.786180 0.047897
vt 0.795264 0.049208
vt 0.779534 0.046384
vt 0.781776 0.033693
vt 0.788471 0.035570
vt 0.798021 0.037343
vt 0.053640 0.548956
vt 0.048474 0.547571
vt 0.052009 0.533681
vt 0.057495 0.534278
vt 0.041040 0.547728
vt 0.043735 0.534858
vt 0.044207 0.522865
vt 0.052542 0.521039
vt 0.057877 0.521075
vt 0.050191 0.510004
vt 0.054862 0.509585
vt 0.042922 0.512258
vt 0.040479 0.505928
vt 0.044233 0.502766
vt 0.301028 0.677721
vt 0.296790 0.675326
vt 0.792327 0.023531
vt 0.800940 0.025748
vt 0.786248 0.021311
vt 0.793220 0.011017
vt 0.591075 0.320504
vt 0.589684 0.332947
vt 0.574834 0.330951
vt 0.576783 0.318087
vt 0.588477 0.345744
vt 0.586787 0.358881
vt 0.574270 0.344224
vt 0.561190 0.341858
vt 0.561190 0.328889
vt 0.805591 0.050611
vt 0.809076 0.038455
vt 0.563422 0.316566
vt 0.811319 0.026166
vt 0.762286 0.616117
vt 0.760285 0.604790
vt 0.009168 0.548522
vt 0.008225 0.536758
vt 0.019313 0.531569
vt 0.019901 0.543916
vt 0.758502 0.594390
vt 0.295243 0.621201
vt 0.293478 0.637634
vt 0.008538 0.525116
vt 0.019348 0.519646
vt 0.031898 0.515278
vt 0.032295 0.526620
vt 0.020160 0.509934
vt 0.032042 0.506393
vt 0.032307 0.538777
vt 0.031125 0.551205
vt 0.035511 0.608307
vt 0.038799 0.606028
vt 0.053455 0.617526
vt 0.051204 0.619032
vt 0.043552 0.600019
vt 0.055536 0.615637
vt 0.056529 0.620076
vt 0.055802 0.622236
vt 0.054601 0.624044
vt 0.768354 0.656503
vt 0.754430 0.679350
vt 0.776072 0.652107
vt 0.772098 0.659469
vt 0.757283 0.681785
vt 0.766899 0.675972
vt 0.759776 0.682579
vt 0.026045 0.583536
vt 0.027534 0.573488
vt 0.033512 0.599417
vt 0.032718 0.570000
vt 0.038801 0.592989
vt 0.583454 0.402294
vt 0.586846 0.402915
vt 0.571988 0.414382
vt 0.570078 0.413910
vt 0.744927 0.674142
vt 0.736990 0.691787
vt 0.734890 0.691592
vt 0.736684 0.699903
vt 0.735970 0.701357
vt 0.566449 0.422417
vt 0.565781 0.421637
vt 0.028619 0.563358
vt 0.036305 0.560807
vt 0.584040 0.372422
vt 0.591417 0.372735
vt 0.579188 0.402166
vt 0.596918 0.373659
vt 0.747682 0.644022
vt 0.042225 0.562199
vt 0.046819 0.564951
vt 0.564407 0.424034
vt 0.564171 0.422331
vt 0.738608 0.701153
vt 0.738122 0.703840
vt 0.740518 0.701468
vt 0.739691 0.704250
vt 0.810837 0.129728
vt 0.808773 0.130999
vt 0.807282 0.130712
vt 0.809427 0.129354
vt 0.806499 0.129527
vt 0.808473 0.128197
vt 0.056761 0.626077
vt 0.057663 0.624444
vt 0.057877 0.621138
vt 0.806774 0.126418
vt 0.808163 0.126201
vt 0.739028 0.693627
vt 0.740963 0.695259
vt 0.811319 0.121292
vt 0.809235 0.120662
vt 0.564995 0.413896
vt 0.562802 0.413305
vt 0.562727 0.421817
vt 0.561547 0.420496
vt 0.047755 0.599849
vt 0.057350 0.615113
vt 0.807032 0.120481
vt 0.567551 0.413982
s 1
usemtl Material.007
f 1209/1871/1209 1251/1872/1251 1325/1873/1325 1250/1874/1250
f 1251/1875/1251 1218/1876/1218 1273/1877/1273 1325/1878/1325
f 1325/1878/1325 1273/1877/1273 1229/1879/1229 1276/1880/1276
f 1250/1881/1250 1325/1882/1325 1276/1883/1276 1217/1884/1217
f 1218/1876/1218 1252/1885/1252 1326/1886/1326 1273/1877/1273
f 1252/1885/1252 1210/1887/1210 1253/1888/1253 1326/1886/1326
f 1326/1886/1326 1253/1888/1253 1219/1889/1219 1274/1890/1274
f 1273/1877/1273 1326/1886/1326 1274/1890/1274 1229/1879/1229
f 1229/1879/1229 1274/1890/1274 1327/1891/1327 1275/1892/1275
f 1274/1890/1274 1219/1889/1219 1254/1893/1254 1327/1891/1327
f 1327/1891/1327 1254/1893/1254 1212/1894/1212 1255/1895/1255
f 1275/1892/1275 1327/1891/1327 1255/1895/1255 1220/1896/1220
f 1217/1884/1217 1276/1883/1276 1328/1897/1328 1249/1898/1249
f 1276/1880/1276 1229/1879/1229 1275/1892/1275 1328/1899/1328
f 1328/1899/1328 1275/1892/1275 1220/1896/1220 1256/1900/1256
f 1249/1898/1249 1328/1897/1328 1256/1901/1256 1211/1902/1211
f 1211/1902/1211 1256/1901/1256 1329/1903/1329 1258/1904/1258
f 1256/1901/1256 1220/1905/1220 1277/1906/1277 1329/1903/1329
f 1329/1903/1329 1277/1906/1277 1230/1907/1230 1280/1908/1280
f 1258/1904/1258 1329/1903/1329 1280/1908/1280 1221/1909/1221
f 1220/1896/1220 1255/1895/1255 1330/1910/1330 1277/1911/1277
f 1255/1895/1255 1212/1894/1212 1259/1912/1259 1330/1910/1330
f 1330/1913/1330 1259/1914/1259 1222/1915/1222 1278/1916/1278
f 1277/1917/1277 1330/1913/1330 1278/1916/1278 1230/1918/1230
f 1230/1918/1230 1278/1916/1278 1331/1919/1331 1279/1920/1279
f 1278/1916/1278 1222/1915/1222 1260/1921/1260 1331/1919/1331
f 1331/1919/1331 1260/1921/1260 1216/1922/1216 1261/1923/1261
f 1279/1920/1279 1331/1919/1331 1261/1923/1261 1223/1924/1223
f 1221/1909/1221 1280/1908/1280 1332/1925/1332 1257/1926/1257
f 1280/1908/1280 1230/1907/1230 1279/1927/1279 1332/1925/1332
f 1332/1928/1332 1279/1920/1279 1223/1924/1223 1262/1929/1262
f 1257/1926/1257 1332/1925/1332 1262/1930/1262 1215/1931/1215
f 1226/1932/1226 1268/1933/1268 1333/1934/1333 1310/1935/1310
f 1268/1933/1268 1213/1936/1213 1281/1937/1281 1333/1934/1333
f 1333/1934/1333 1281/1937/1281 1238/1938/1238 1304/1939/1304
f 1310/1935/1310 1333/1934/1333 1304/1939/1304 1242/1940/1242
f 1223/1924/1223 1261/1923/1261 1334/1941/1334 1309/1942/1309
f 1261/1923/1261 1216/1922/1216 1283/1943/1283 1334/1941/1334
f 1334/1941/1334 1283/1943/1283 1235/1944/1235 1297/1945/1297
f 1309/1942/1309 1334/1941/1334 1297/1945/1297 1236/1946/1236
f 1213/1936/1213 1263/1947/1263 1335/1948/1335 1281/1937/1281
f 1263/1949/1263 1224/1950/1224 1282/1951/1282 1335/1952/1335
f 1335/1952/1335 1282/1951/1282 1239/1953/1239 1299/1954/1299
f 1281/1937/1281 1335/1948/1335 1299/1955/1299 1238/1938/1238
f 1216/1922/1216 1265/1956/1265 1336/1957/1336 1283/1943/1283
f 1265/1958/1265 1225/1959/1225 1284/1960/1284 1336/1961/1336
f 1336/1961/1336 1284/1960/1284 1240/1962/1240 1301/1963/1301
f 1283/1943/1283 1336/1957/1336 1301/1964/1301 1235/1944/1235
f 1213/1936/1213 1268/1933/1268 1337/1965/1337 1270/1966/1270
f 1268/1933/1268 1226/1932/1226 1285/1967/1285 1337/1965/1337
f 1337/1965/1337 1285/1967/1285 1232/1968/1232 1288/1969/1288
f 1270/1966/1270 1337/1965/1337 1288/1969/1288 1227/1970/1227
f 1226/1971/1226 1267/1972/1267 1338/1973/1338 1285/1974/1285
f 1267/1972/1267 1214/1975/1214 1271/1976/1271 1338/1973/1338
f 1338/1973/1338 1271/1976/1271 1228/1977/1228 1286/1978/1286
f 1285/1974/1285 1338/1973/1338 1286/1978/1286 1232/1979/1232
f 1232/1979/1232 1286/1978/1286 1339/1980/1339 1287/1981/1287
f 1286/1978/1286 1228/1977/1228 1272/1982/1272 1339/1980/1339
f 1339/1980/1339 1272/1982/1272 1210/1983/1210 1252/1984/1252
f 1287/1985/1287 1339/1986/1339 1252/1885/1252 1218/1876/1218
f 1227/1970/1227 1288/1969/1288 1340/1987/1340 1269/1988/1269
f 1288/1969/1288 1232/1968/1232 1287/1989/1287 1340/1987/1340
f 1340/1987/1340 1287/1989/1287 1218/1990/1218 1251/1872/1251
f 1269/1988/1269 1340/1987/1340 1251/1872/1251 1209/1871/1209
f 1211/1902/1211 1258/1904/1258 1341/1991/1341 1249/1898/1249
f 1258/1904/1258 1221/1909/1221 1289/1992/1289 1341/1991/1341
f 1341/1991/1341 1289/1992/1289 1233/1993/1233 1292/1994/1292
f 1249/1898/1249 1341/1991/1341 1292/1994/1292 1217/1884/1217
f 1221/1909/1221 1257/1926/1257 1342/1995/1342 1289/1992/1289
f 1257/1926/1257 1215/1931/1215 1264/1996/1264 1342/1995/1342
f 1342/1995/1342 1264/1996/1264 1224/1950/1224 1290/1997/1290
f 1289/1992/1289 1342/1995/1342 1290/1997/1290 1233/1993/1233
f 1233/1993/1233 1290/1997/1290 1343/1998/1343 1291/1999/1291
f 1290/1997/1290 1224/1950/1224 1263/1949/1263 1343/1998/1343
f 1343/2000/1343 1263/1947/1263 1213/1936/1213 1270/1966/1270
f 1291/2001/1291 1343/2000/1343 1270/1966/1270 1227/1970/1227
f 1217/1884/1217 1292/1994/1292 1344/2002/1344 1250/1881/1250
f 1292/1994/1292 1233/1993/1233 1291/1999/1291 1344/2002/1344
f 1344/2003/1344 1291/2001/1291 1227/1970/1227 1269/1988/1269
f 1250/1874/1250 1344/2003/1344 1269/1988/1269 1209/1871/1209
f 1216/1922/1216 1260/1921/1260 1345/2004/1345 1265/1956/1265
f 1260/1921/1260 1222/1915/1222 1293/2005/1293 1345/2004/1345
f 1345/2006/1345 1293/2007/1293 1234/2008/1234 1296/2009/1296
f 1265/1958/1265 1345/2006/1345 1296/2009/1296 1225/1959/1225
f 1222/1915/1222 1259/1914/1259 1346/2010/1346 1293/2005/1293
f 1259/1912/1259 1212/1894/1212 1254/1893/1254 1346/2011/1346
f 1346/2011/1346 1254/1893/1254 1219/1889/1219 1294/2012/1294
f 1293/2007/1293 1346/2013/1346 1294/2014/1294 1234/2008/1234
f 1234/2008/1234 1294/2014/1294 1347/2015/1347 1295/2016/1295
f 1294/2014/1294 1219/2017/1219 1253/2018/1253 1347/2015/1347
f 1347/2015/1347 1253/2018/1253 1210/1983/1210 1272/1982/1272
f 1295/2016/1295 1347/2015/1347 1272/1982/1272 1228/1977/1228
f 1225/1959/1225 1296/2009/1296 1348/2019/1348 1266/2020/1266
f 1296/2009/1296 1234/2008/1234 1295/2016/1295 1348/2019/1348
f 1348/2019/1348 1295/2016/1295 1228/1977/1228 1271/1976/1271
f 1266/2020/1266 1348/2019/1348 1271/1976/1271 1214/1975/1214
f 1243/2021/1243 1307/2022/1307 1349/2023/1349 1322/2024/1322
f 1307/2022/1307 1242/2025/1242 1321/2026/1321 1349/2023/1349
f 1349/2023/1349 1321/2026/1321 1247/2027/1247 1318/2028/1318
f 1322/2024/1322 1349/2023/1349 1318/2028/1318 1248/2029/1248
f 1236/1946/1236 1297/1945/1297 1350/2030/1350 1305/2031/1305
f 1297/1945/1297 1235/1944/1235 1301/1964/1301 1350/2030/1350
f 1350/2030/1350 1301/1964/1301 1240/2032/1240 1306/2033/1306
f 1305/2031/1305 1350/2030/1350 1306/2033/1306 1243/2034/1243
f 1243/2034/1243 1306/2033/1306 1351/2035/1351 1307/2036/1307
f 1306/2037/1306 1240/1962/1240 1302/2038/1302 1351/2039/1351
f 1351/2039/1351 1302/2038/1302 1241/2040/1241 1303/2041/1303
f 1307/2022/1307 1351/2039/1351 1303/2041/1303 1242/2025/1242
f 1237/2042/1237 1298/2043/1298 1352/2044/1352 1320/2045/1320
f 1298/2046/1298 1236/1946/1236 1308/2047/1308 1352/2048/1352
f 1352/2048/1352 1308/2047/1308 1231/2049/1231 1313/2050/1313
f 1320/2045/1320 1352/2044/1352 1313/2051/1313 1244/2052/1244
f 1225/1959/1225 1266/2020/1266 1353/2053/1353 1284/1960/1284
f 1266/2020/1266 1214/1975/1214 1311/2054/1311 1353/2053/1353
f 1353/2053/1353 1311/2054/1311 1241/2040/1241 1302/2038/1302
f 1284/1960/1284 1353/2053/1353 1302/2038/1302 1240/1962/1240
f 1224/1950/1224 1264/1996/1264 1354/2055/1354 1282/1951/1282
f 1264/1996/1264 1215/1931/1215 1312/2056/1312 1354/2055/1354
f 1354/2055/1354 1312/2056/1312 1237/2042/1237 1300/2057/1300
f 1282/1951/1282 1354/2055/1354 1300/2057/1300 1239/1953/1239
f 1215/1931/1215 1262/1930/1262 1355/2058/1355 1312/2056/1312
f 1262/1929/1262 1223/1924/1223 1309/1942/1309 1355/2059/1355
f 1355/2059/1355 1309/1942/1309 1236/1946/1236 1298/2046/1298
f 1312/2056/1312 1355/2058/1355 1298/2043/1298 1237/2042/1237
f 1214/1975/1214 1267/1972/1267 1356/2060/1356 1311/2054/1311
f 1267/1972/1267 1226/1971/1226 1310/2061/1310 1356/2060/1356
f 1356/2060/1356 1310/2061/1310 1242/2025/1242 1303/2041/1303
f 1311/2054/1311 1356/2060/1356 1303/2041/1303 1241/2040/1241
f 1244/2052/1244 1313/2051/1313 1357/2062/1357 1315/2063/1315
f 1313/2050/1313 1231/2049/1231 1317/2064/1317 1357/2065/1357
f 1357/2065/1357 1317/2064/1317 1248/2066/1248 1319/2067/1319
f 1315/2068/1315 1357/2069/1357 1319/2070/1319 1246/2071/1246
f 1246/2071/1246 1319/2070/1319 1358/2072/1358 1314/2073/1314
f 1319/2074/1319 1248/2029/1248 1318/2028/1318 1358/2075/1358
f 1358/2075/1358 1318/2028/1318 1247/2027/1247 1316/2076/1316
f 1314/2073/1314 1358/2072/1358 1316/2077/1316 1245/2078/1245
f 1236/1946/1236 1305/2031/1305 1359/2079/1359 1308/2047/1308
f 1305/2031/1305 1243/2034/1243 1322/2080/1322 1359/2079/1359
f 1359/2079/1359 1322/2080/1322 1248/2066/1248 1317/2064/1317
f 1308/2047/1308 1359/2079/1359 1317/2064/1317 1231/2049/1231
f 1238/1938/1238 1299/1955/1299 1360/2081/1360 1324/2082/1324
f 1299/1954/1299 1239/1953/1239 1323/2083/1323 1360/2084/1360
f 1360/2084/1360 1323/2083/1323 1246/2085/1246 1314/2086/1314
f 1324/2082/1324 1360/2081/1360 1314/2073/1314 1245/2078/1245
f 1242/2025/1242 1304/2087/1304 1361/2088/1361 1321/2026/1321
f 1304/1939/1304 1238/1938/1238 1324/2082/1324 1361/2089/1361
f 1361/2089/1361 1324/2082/1324 1245/2078/1245 1316/2077/1316
f 1321/2026/1321 1361/2088/1361 1316/2076/1316 1247/2027/1247
f 1239/1953/1239 1300/2057/1300 1362/2090/1362 1323/2083/1323
f 1300/2057/1300 1237/2042/1237 1320/2045/1320 1362/2090/1362
f 1362/2090/1362 1320/2045/1320 1244/2052/1244 1315/2063/1315
f 1323/2083/1323 1362/2090/1362 1315/2063/1315 1246/2085/1246
o Cube.005
v 3.688009 11.223437 1.909896
v 3.588125 10.793625 1.805747
v 2.263191 11.604348 1.704393
v 2.163307 11.174537 1.600244
v 3.886906 11.462996 0.658899
v 3.774008 10.902974 0.552087
v 2.542862 11.822312 0.465047
v 2.390757 11.272773 0.352580
v 2.958541 11.454994 1.925392
v 3.732712 10.905939 1.969803
v 2.835643 10.926151 1.797246
v 2.058827 11.353436 1.728377
v 2.260112 11.801820 1.163910
v 2.132064 11.250820 1.030395
v 2.277140 11.595080 0.337689
v 3.234096 11.749758 0.551079
v 3.057302 11.005488 0.397310
v 4.036843 11.124641 0.591493
v 3.933997 11.354323 1.405336
v 3.805949 10.803324 1.271821
v 2.836410 11.085682 2.087627
v 1.909859 11.548662 1.045219
v 3.416864 12.602407 -1.030007
v 4.140545 10.952311 1.366953
v 3.116309 11.716122 1.315550
v 2.933502 10.929485 1.124938
v 2.795814 11.231988 -0.163297
v 2.973628 11.879278 -0.767712
v 3.057463 12.076081 -0.676605
v 3.562856 11.940969 -0.603711
v 3.322994 12.060882 -0.647340
v 3.161258 11.090078 -0.207308
v 3.530181 11.035662 -0.057378
v 3.559338 11.722694 -0.683235
v 3.285261 11.796827 -0.885330
v 3.419991 12.619978 -0.963448
v 3.596442 12.524688 -0.932486
v 3.535501 12.621637 -0.951914
v 3.610970 12.497582 -0.995947
v 3.546055 12.595953 -1.041456
v 2.533280 11.557317 1.826509
v 3.396690 11.326492 1.951039
v 3.737051 11.069221 1.967442
v 3.678137 10.815706 1.906012
v 3.281575 10.831141 1.831009
v 2.418164 11.061965 1.706478
v 2.076169 11.243977 1.674959
v 2.135083 11.497492 1.736389
v 2.360572 11.839769 0.822797
v 2.228055 11.710576 1.486751
v 2.112296 11.212455 1.366049
v 2.226374 11.275431 0.688636
v 2.271887 11.433696 0.333313
v 2.358694 11.736471 0.394732
v 3.604753 11.622522 0.616871
v 2.853954 11.823241 0.508583
v 2.673984 11.127297 0.364333
v 3.451739 10.919373 0.476509
v 3.962527 10.981720 0.577156
v 4.022377 11.291701 0.634687
v 3.830023 11.282306 1.717804
v 3.958334 11.412623 1.053244
v 3.829038 10.846974 0.919790
v 3.714263 10.784184 1.597103
v 3.316142 10.972376 2.095142
v 2.820246 10.977130 1.998492
v 2.389340 11.220147 1.961469
v 2.886227 11.261055 2.067291
v 1.905626 11.466327 1.406874
v 1.943865 11.402340 1.023147
v 2.037321 11.593175 0.688290
v 2.012808 11.699005 1.095033
v 3.726463 11.523176 0.222265
v 3.283222 11.724370 0.143094
v 2.609958 11.242537 0.036341
v 3.108830 11.025739 0.057259
v 4.149663 11.028461 0.992955
v 4.045480 10.840494 1.326265
v 4.007241 10.904481 1.709992
v 4.114423 11.137159 1.398151
v 2.649616 11.805144 1.241212
v 3.180490 11.756833 0.944755
v 3.576418 11.557373 1.374886
v 3.039323 11.613375 1.658875
v 2.481462 11.081561 1.065878
v 2.876446 10.912502 1.489045
v 3.408264 10.833790 1.199552
v 2.996974 10.969209 0.757225
v 2.851978 11.351265 -0.240046
v 2.985788 12.015426 -0.714607
v 3.460767 12.011192 -0.619996
v 3.178463 12.086663 -0.660713
v 2.950419 11.156539 -0.210051
v 3.371865 11.043869 -0.149266
v 3.545106 11.472389 -0.575279
v 3.603698 11.850234 -0.625486
v 3.155679 11.829556 -0.875693
v 3.225307 11.254570 -0.355379
v 3.407023 11.762362 -0.839442
v 3.299078 12.403547 -0.950113
v 2.611639 11.563201 -0.007839
v 3.818163 11.240649 0.166179
v 3.647596 10.965134 0.186001
v 2.807551 11.768838 0.089729
v 3.428366 12.634995 -0.997840
v 3.579441 12.583672 -0.940636
v 3.478771 12.638038 -0.958301
v 3.618167 12.532494 -0.964535
v 3.480552 12.616025 -1.042345
v 3.595067 12.554183 -1.022251
v 3.570448 12.662500 -1.000807
v 3.332706 12.495340 -0.893446
v 3.607040 12.321218 -0.905696
v 3.458611 12.353647 -0.984847
v 3.482121 12.497097 -0.880692
v 3.609303 12.421395 -0.853553
v 3.349017 11.142566 2.078653
v 3.286311 10.872735 2.013270
v 2.386847 11.113197 1.883539
v 2.449553 11.383029 1.948923
v 2.000932 11.610561 1.439854
v 1.937855 11.339138 1.374084
v 2.058868 11.435885 0.674468
v 2.132222 11.742688 0.747317
v 3.813845 11.392254 0.198907
v 2.563279 11.396787 0.006631
v 3.536222 11.636679 0.191392
v 2.814136 11.119914 0.037555
v 4.127411 11.209293 1.035085
v 4.057427 10.901590 0.962722
v 3.925887 10.807657 1.660820
v 3.988964 11.079081 1.726589
v 2.589807 11.705609 1.574420
v 2.732044 11.842111 0.884814
v 3.619611 11.604828 1.012829
v 3.489271 11.465147 1.704151
v 2.560123 11.112131 0.710979
v 2.439527 11.058943 1.417724
v 3.338991 10.818480 1.547455
v 3.451060 10.873948 0.839479
v 3.543263 12.328735 -0.955750
v 3.059657 11.299854 -0.346913
v 3.368806 11.523631 -0.737527
v 3.294419 12.457718 -0.919044
v 3.409680 10.960701 0.123451
v 3.021815 11.774200 0.117198
v 2.680474 11.695250 0.035440
v 3.772861 11.073417 0.181090
v 3.513834 12.676034 -1.003745
v 3.610650 12.623749 -0.986757
v 3.368489 12.375460 -0.980958
v 3.556422 12.467798 -0.864482
v 3.629552 12.368123 -0.870707
v 3.401940 12.509097 -0.886763
vn 0.4327 0.5857 0.6854
vn -0.0401 -0.9918 0.1217
vn -0.2662 0.7693 0.5808
vn -0.4925 -0.8686 0.0555
vn 0.6513 0.7545 -0.0808
vn 0.2220 -0.9462 -0.2355
vn -0.1646 0.9673 -0.1931
vn -0.5973 -0.7239 -0.3453
vn 0.0913 0.7173 0.6908
vn 0.4496 -0.3583 0.8182
vn -0.2723 -0.9557 0.1122
vn -0.7740 -0.0286 0.6325
vn -0.2352 0.9613 0.1437
vn -0.5273 -0.8316 -0.1745
vn -0.7375 0.3185 -0.5955
vn 0.2585 0.9660 -0.0057
vn -0.2416 -0.9636 -0.1143
vn 0.9187 -0.1222 -0.3755
vn 0.6183 0.7389 0.2678
vn 0.0673 -0.9937 -0.0892
vn -0.2024 -0.2403 0.9494
vn -0.9676 0.2146 -0.1330
vn -0.5703 0.2619 -0.7785
vn 0.9441 -0.2970 0.1427
vn 0.2187 0.9472 0.2344
vn -0.2418 -0.9636 -0.1142
vn -0.5770 -0.5229 -0.6274
vn -0.7552 -0.0730 -0.6514
vn -0.4702 0.7980 0.3770
vn 0.6849 0.5470 0.4813
vn 0.0905 0.7214 0.6866
vn -0.1941 -0.8303 -0.5225
vn 0.3579 -0.8115 -0.4619
vn 0.7987 -0.2494 -0.5476
vn -0.1160 -0.4217 -0.8993
vn -0.5030 0.7181 0.4811
vn 0.6995 0.3858 0.6015
vn 0.1513 0.5929 0.7909
vn 0.7743 -0.2344 -0.5879
vn 0.2360 0.1046 -0.9661
vn -0.0755 0.7492 0.6580
vn 0.2503 0.6630 0.7055
vn 0.5051 0.2315 0.8314
vn 0.1871 -0.8649 0.4658
vn -0.1577 -0.9793 0.1267
vn -0.3857 -0.9178 0.0939
vn -0.7108 -0.6204 0.3315
vn -0.5369 0.5076 0.6739
vn -0.1951 0.9797 -0.0456
vn -0.2717 0.8930 0.3587
vn -0.5172 -0.8528 -0.0716
vn -0.5540 -0.7917 -0.2577
vn -0.7827 -0.2727 -0.5595
vn -0.4950 0.7615 -0.4185
vn 0.4171 0.9088 -0.0089
vn 0.0949 0.9940 -0.0538
vn -0.3768 -0.9113 -0.1660
vn -0.0932 -0.9875 -0.1273
vn 0.6525 -0.6622 -0.3685
vn 0.8865 0.4005 -0.2319
vn 0.5582 0.6760 0.4810
vn 0.6443 0.7612 0.0746
vn 0.1304 -0.9783 -0.1610
vn 0.0221 -0.9997 0.0061
vn 0.0687 -0.3025 0.9507
vn -0.2905 -0.7991 0.5264
vn -0.4637 -0.1595 0.8715
vn -0.0380 0.3639 0.9307
vn -0.9657 0.1153 0.2325
vn -0.8476 -0.4863 -0.2124
vn -0.8683 0.2806 -0.4091
vn -0.6446 0.7641 0.0257
vn 0.6934 0.7205 0.0067
vn 0.2301 0.9539 0.1928
vn -0.6215 -0.6295 -0.4663
vn -0.2282 -0.9548 -0.1903
vn 0.9660 -0.2085 -0.1529
vn 0.5150 -0.8570 -0.0169
vn 0.7928 -0.3572 0.4938
vn 0.8989 0.3598 0.2499
vn 0.0527 0.9772 0.2059
vn 0.2455 0.9658 0.0833
vn 0.3749 0.8920 0.2525
vn 0.1741 0.8859 0.4299
vn -0.3609 -0.9228 -0.1349
vn -0.2530 -0.9666 -0.0419
vn -0.1204 -0.9876 -0.1003
vn -0.2378 -0.9615 -0.1375
vn -0.6247 -0.3547 -0.6956
vn -0.8175 0.5339 -0.2159
vn 0.2237 0.7017 0.6765
vn -0.0409 0.7533 0.6564
vn -0.3719 -0.7095 -0.5986
vn 0.0478 -0.8765 -0.4789
vn 0.6448 -0.5018 -0.5766
vn 0.9893 0.1028 -0.1034
vn -0.3497 -0.3551 -0.8670
vn -0.1854 -0.6851 -0.7044
vn 0.2460 -0.4217 -0.8727
vn -0.6386 0.1358 -0.7574
vn -0.8004 0.1552 -0.5791
vn 0.9048 -0.1213 -0.4082
vn 0.3116 -0.8893 -0.3348
vn -0.2503 0.9680 -0.0173
vn -0.5675 0.8018 -0.1873
vn 0.4193 0.4578 0.7840
vn -0.1305 0.7212 0.6803
vn 0.9860 0.1341 0.0988
vn -0.1616 0.2919 -0.9427
vn 0.6242 -0.0760 -0.7776
vn 0.4823 0.8692 -0.1090
vn -0.5155 0.6524 0.5556
vn 0.7945 -0.2641 -0.5468
vn 0.0696 -0.2313 -0.9704
vn 0.0275 0.4829 0.8752
vn 0.5999 0.4057 0.6896
vn 0.1804 0.2890 0.9402
vn -0.0912 -0.8326 0.5463
vn -0.4820 -0.7269 0.4891
vn -0.2637 0.4074 0.8744
vn -0.6682 0.6663 0.3311
vn -0.8384 -0.5437 0.0386
vn -0.8241 -0.3965 -0.4045
vn -0.5726 0.7878 -0.2269
vn 0.9208 0.3035 -0.2449
vn -0.7442 -0.2200 -0.6307
vn 0.3999 0.9021 0.1620
vn -0.3878 -0.8869 -0.2510
vn 0.9170 0.3985 -0.0164
vn 0.5898 -0.7804 -0.2074
vn 0.4111 -0.8840 0.2226
vn 0.7871 0.2833 0.5479
vn 0.0190 0.9178 0.3967
vn 0.0804 0.9955 0.0498
vn 0.4022 0.9105 0.0961
vn 0.3237 0.8372 0.4408
vn -0.3628 -0.9170 -0.1660
vn -0.3607 -0.9305 -0.0644
vn -0.1426 -0.9892 -0.0331
vn -0.1080 -0.9857 -0.1296
vn 0.3949 -0.3156 -0.8628
vn -0.3396 -0.5786 -0.7416
vn 0.0364 -0.5972 -0.8012
vn -0.8396 0.5298 -0.1201
vn -0.0495 -0.9773 -0.2062
vn 0.0692 0.9858 0.1530
vn -0.6469 0.6973 -0.3087
vn 0.7025 -0.5442 -0.4585
vn 0.0057 0.9916 -0.1293
vn 0.8380 0.5445 0.0349
vn -0.2497 -0.1220 -0.9606
vn 0.2292 0.4882 0.8421
vn 0.9894 0.0578 0.1334
vn -0.0977 0.5250 0.8455
vt 0.738170 0.456159
vt 0.733113 0.452414
vt 0.744020 0.444992
vt 0.747425 0.452621
vt 0.728420 0.449107
vt 0.739816 0.440744
vt 0.808488 0.355218
vt 0.804783 0.351960
vt 0.818172 0.340903
vt 0.821607 0.344617
vt 0.756769 0.440485
vt 0.759854 0.449059
vt 0.792544 0.359485
vt 0.790574 0.355352
vt 0.801818 0.347978
vt 0.790807 0.350650
vt 0.798756 0.343618
vt 0.810624 0.332651
vt 0.814589 0.337000
vt 0.826386 0.325427
vt 0.830097 0.328723
vt 0.822339 0.321971
vt 0.829725 0.314927
vt 0.834330 0.315188
vt 0.838265 0.317518
vt 0.579518 0.014999
vt 0.583922 0.008225
vt 0.596991 0.012244
vt 0.592393 0.018204
vt 0.833056 0.332666
vt 0.840596 0.321989
vt 0.606800 0.019734
vt 0.601216 0.022111
vt 0.611303 0.030551
vt 0.602113 0.030421
vt 0.611517 0.018528
vt 0.616799 0.030150
vt 0.617687 0.043279
vt 0.611744 0.043178
vt 0.601717 0.042372
vt 0.836537 0.307140
vt 0.841043 0.308953
vt 0.829235 0.309588
vt 0.727802 0.150865
vt 0.734607 0.152372
vt 0.735968 0.162330
vt 0.728242 0.161353
vt 0.722860 0.151290
vt 0.722711 0.162319
vt 0.731231 0.173324
vt 0.725571 0.174901
vt 0.738907 0.173605
vt 0.743729 0.185597
vt 0.736775 0.186346
vt 0.731432 0.188726
vt 0.609393 0.055782
vt 0.600027 0.054649
vt 0.615120 0.056226
vt 0.609512 0.068866
vt 0.604355 0.068382
vt 0.596626 0.067213
vt 0.754540 0.337194
vt 0.758869 0.339451
vt 0.751291 0.355230
vt 0.747214 0.353048
vt 0.910188 0.560660
vt 0.902374 0.560550
vt 0.902374 0.550778
vt 0.908050 0.550342
vt 0.726682 0.505836
vt 0.732487 0.506436
vt 0.741364 0.533519
vt 0.737694 0.532945
vt 0.748314 0.389474
vt 0.743343 0.388785
vt 0.744508 0.199889
vt 0.739752 0.203636
vt 0.750123 0.197644
vt 0.754560 0.206240
vt 0.751928 0.211103
vt 0.739760 0.235369
vt 0.731022 0.496383
vt 0.741076 0.496247
vt 0.739420 0.506525
vt 0.564230 0.062962
vt 0.574744 0.065396
vt 0.576104 0.079267
vt 0.568919 0.077482
vt 0.574674 0.109437
vt 0.570784 0.108412
vt 0.745360 0.533741
vt 0.752592 0.188274
vt 0.757157 0.199504
vt 0.803532 0.303484
vt 0.792289 0.312349
vt 0.787912 0.307372
vt 0.796633 0.300675
vt 0.764418 0.202939
vt 0.764884 0.211967
vt 0.759640 0.209190
vt 0.723051 0.495758
vt 0.721759 0.485364
vt 0.731302 0.486254
vt 0.759446 0.323048
vt 0.763916 0.325662
vt 0.715651 0.483279
vt 0.716637 0.471939
vt 0.722851 0.474326
vt 0.732942 0.475596
vt 0.748918 0.335120
vt 0.753602 0.321862
vt 0.741933 0.335332
vt 0.746026 0.323313
vt 0.748298 0.312452
vt 0.755843 0.310250
vt 0.761496 0.310811
vt 0.755775 0.300675
vt 0.760802 0.300766
vt 0.749170 0.303260
vt 0.782236 0.356983
vt 0.785479 0.349753
vt 0.783640 0.361645
vt 0.726351 0.462734
vt 0.735467 0.464478
vt 0.720714 0.460046
vt 0.589890 0.028304
vt 0.588533 0.040755
vt 0.574265 0.038615
vt 0.576165 0.025745
vt 0.587539 0.053501
vt 0.586237 0.066530
vt 0.573898 0.051841
vt 0.561523 0.049283
vt 0.561366 0.036351
vt 0.743473 0.485843
vt 0.745894 0.474848
vt 0.760710 0.460309
vt 0.747621 0.463158
vt 0.563525 0.024029
vt 0.749021 0.176652
vt 0.746415 0.165220
vt 0.757604 0.169600
vt 0.759776 0.181236
vt 0.761962 0.192554
vt 0.744094 0.154657
vt 0.818562 0.316829
vt 0.805919 0.327475
vt 0.814325 0.311404
vt 0.801065 0.322120
vt 0.793994 0.339380
vt 0.789010 0.334641
vt 0.780366 0.346111
vt 0.796646 0.317227
vt 0.785137 0.329357
vt 0.782288 0.322983
vt 0.736340 0.328376
vt 0.738297 0.317471
vt 0.733429 0.339718
vt 0.736080 0.397701
vt 0.738776 0.394969
vt 0.755147 0.409080
vt 0.753328 0.410919
vt 0.757116 0.407118
vt 0.760644 0.413288
vt 0.761376 0.415292
vt 0.760985 0.416982
vt 0.757393 0.216994
vt 0.744807 0.240848
vt 0.761356 0.219564
vt 0.747838 0.242980
vt 0.757128 0.236460
vt 0.750425 0.243450
vt 0.769060 0.213554
vt 0.732950 0.387390
vt 0.727544 0.360688
vt 0.732332 0.356959
vt 0.737894 0.380657
vt 0.583248 0.109892
vt 0.586737 0.110469
vt 0.571277 0.122205
vt 0.569301 0.121762
vt 0.735018 0.236189
vt 0.728237 0.254005
vt 0.726143 0.253891
vt 0.723859 0.261259
vt 0.722711 0.261089
vt 0.564728 0.126828
vt 0.565012 0.125494
vt 0.780366 0.315607
vt 0.736226 0.347847
vt 0.729456 0.350941
vt 0.722818 0.355926
vt 0.722783 0.364528
vt 0.583997 0.079927
vt 0.591209 0.080269
vt 0.579059 0.109753
vt 0.596796 0.081145
vt 0.821172 0.702075
vt 0.814846 0.701132
vt 0.814846 0.688436
vt 0.820429 0.689456
vt 0.736033 0.205691
vt 0.742035 0.349468
vt 0.561366 0.127615
vt 0.562797 0.125630
vt 0.629160 0.711457
vt 0.629200 0.709723
vt 0.631196 0.710605
vt 0.631559 0.713542
vt 0.633624 0.710721
vt 0.633610 0.713801
vt 0.760671 0.555014
vt 0.760710 0.557473
vt 0.759191 0.558003
vt 0.759094 0.555400
vt 0.757353 0.557501
vt 0.757181 0.555043
vt 0.635722 0.710334
vt 0.635386 0.713313
vt 0.763916 0.415603
vt 0.762055 0.413057
vt 0.754699 0.555262
vt 0.755170 0.553943
vt 0.730393 0.255681
vt 0.629160 0.686003
vt 0.633898 0.686232
vt 0.633412 0.703379
vt 0.630132 0.703137
vt 0.724411 0.262954
vt 0.754860 0.550454
vt 0.752515 0.550079
vt 0.749385 0.533303
vt 0.757092 0.550304
vt 0.759254 0.406940
vt 0.750400 0.549798
vt 0.752957 0.531932
vt 0.759017 0.549464
vt 0.566802 0.121834
s 1
usemtl Material.005
f 1363/2091/1363 1404/2094/1404 1479/2093/1479 1405/2092/1405
f 1405/2092/1405 1479/2093/1479 1427/2096/1427 1372/2095/1372
f 1479/2097/1479 1430/2100/1430 1383/2099/1383 1427/2098/1427
f 1404/2094/1404 1371/2102/1371 1430/2101/1430 1479/2093/1479
f 1372/2103/1372 1427/2098/1427 1480/2105/1480 1406/2104/1406
f 1406/2104/1406 1480/2105/1480 1407/2107/1407 1364/2106/1364
f 1480/2105/1480 1428/2109/1428 1373/2108/1373 1407/2107/1407
f 1427/2098/1427 1383/2099/1383 1428/2109/1428 1480/2105/1480
f 1383/2099/1383 1429/2111/1429 1481/2110/1481 1428/2109/1428
f 1428/2109/1428 1481/2110/1481 1408/2112/1408 1373/2108/1373
f 1481/2110/1481 1409/2114/1409 1366/2113/1366 1408/2112/1408
f 1429/2111/1429 1374/2115/1374 1409/2114/1409 1481/2110/1481
f 1371/2116/1371 1403/2119/1403 1482/2118/1482 1430/2117/1430
f 1430/2100/1430 1482/2120/1482 1429/2111/1429 1383/2099/1383
f 1482/2120/1482 1410/2121/1410 1374/2115/1374 1429/2111/1429
f 1403/2119/1403 1365/2123/1365 1410/2122/1410 1482/2118/1482
f 1365/2123/1365 1412/2125/1412 1483/2124/1483 1410/2122/1410
f 1410/2122/1410 1483/2124/1483 1431/2127/1431 1374/2126/1374
f 1483/2124/1483 1434/2129/1434 1384/2128/1384 1431/2127/1431
f 1412/2125/1412 1375/2130/1375 1434/2129/1434 1483/2124/1483
f 1374/2115/1374 1431/2132/1431 1484/2131/1484 1409/2114/1409
f 1409/2114/1409 1484/2131/1484 1413/2133/1413 1366/2113/1366
f 1484/2134/1484 1432/2137/1432 1376/2136/1376 1413/2135/1413
f 1431/2138/1431 1384/2139/1384 1432/2137/1432 1484/2134/1484
f 1384/2139/1384 1433/2141/1433 1485/2140/1485 1432/2137/1432
f 1432/2137/1432 1485/2140/1485 1414/2142/1414 1376/2136/1376
f 1485/2140/1485 1415/2144/1415 1370/2143/1370 1414/2142/1414
f 1433/2141/1433 1377/2145/1377 1415/2144/1415 1485/2140/1485
f 1375/2130/1375 1411/2147/1411 1486/2146/1486 1434/2129/1434
f 1434/2129/1434 1486/2146/1486 1433/2148/1433 1384/2128/1384
f 1486/2146/1486 1416/2150/1416 1377/2149/1377 1433/2148/1433
f 1411/2147/1411 1369/2151/1369 1416/2150/1416 1486/2146/1486
f 1380/2152/1380 1464/2155/1464 1487/2154/1487 1422/2153/1422
f 1422/2156/1422 1487/2159/1487 1435/2158/1435 1367/2157/1367
f 1487/2160/1487 1458/2163/1458 1392/2162/1392 1435/2161/1435
f 1464/2155/1464 1396/2165/1396 1458/2164/1458 1487/2154/1487
f 1377/2145/1377 1463/2167/1463 1488/2166/1488 1415/2144/1415
f 1415/2144/1415 1488/2166/1488 1437/2168/1437 1370/2143/1370
f 1488/2166/1488 1451/2170/1451 1389/2169/1389 1437/2168/1437
f 1463/2167/1463 1390/2171/1390 1451/2170/1451 1488/2166/1488
f 1367/2172/1367 1435/2161/1435 1489/2174/1489 1417/2173/1417
f 1417/2175/1417 1489/2178/1489 1436/2177/1436 1378/2176/1378
f 1489/2178/1489 1453/2180/1453 1393/2179/1393 1436/2177/1436
f 1435/2161/1435 1392/2162/1392 1453/2181/1453 1489/2174/1489
f 1370/2143/1370 1437/2168/1437 1490/2183/1490 1419/2182/1419
f 1419/2184/1419 1490/2187/1490 1438/2186/1438 1379/2185/1379
f 1490/2183/1490 1455/2190/1455 1394/2189/1394 1438/2188/1438
f 1437/2168/1437 1389/2169/1389 1455/2190/1455 1490/2183/1490
f 1367/2172/1367 1424/2193/1424 1491/2192/1491 1422/2191/1422
f 1422/2153/1422 1491/2195/1491 1439/2194/1439 1380/2152/1380
f 1491/2192/1491 1442/2198/1442 1386/2197/1386 1439/2196/1439
f 1424/2193/1424 1381/2199/1381 1442/2198/1442 1491/2192/1491
f 1380/2152/1380 1439/2194/1439 1492/2201/1492 1421/2200/1421
f 1421/2200/1421 1492/2201/1492 1425/2203/1425 1368/2202/1368
f 1492/2201/1492 1440/2205/1440 1382/2204/1382 1425/2203/1425
f 1439/2194/1439 1386/2206/1386 1440/2205/1440 1492/2201/1492
f 1386/2206/1386 1441/2208/1441 1493/2207/1493 1440/2205/1440
f 1440/2205/1440 1493/2207/1493 1426/2209/1426 1382/2204/1382
f 1493/2210/1493 1406/2104/1406 1364/2106/1364 1426/2211/1426
f 1441/2212/1441 1372/2103/1372 1406/2104/1406 1493/2210/1493
f 1381/2199/1381 1423/2214/1423 1494/2213/1494 1442/2198/1442
f 1442/2198/1442 1494/2213/1494 1441/2215/1441 1386/2197/1386
f 1494/2213/1494 1405/2092/1405 1372/2095/1372 1441/2215/1441
f 1423/2214/1423 1363/2091/1363 1405/2092/1405 1494/2213/1494
f 1365/2123/1365 1403/2119/1403 1495/2216/1495 1412/2125/1412
f 1412/2125/1412 1495/2216/1495 1443/2217/1443 1375/2130/1375
f 1495/2216/1495 1446/2219/1446 1387/2218/1387 1443/2217/1443
f 1403/2119/1403 1371/2116/1371 1446/2219/1446 1495/2216/1495
f 1375/2130/1375 1443/2217/1443 1496/2220/1496 1411/2147/1411
f 1411/2147/1411 1496/2220/1496 1418/2221/1418 1369/2151/1369
f 1496/2220/1496 1444/2222/1444 1378/2176/1378 1418/2221/1418
f 1443/2217/1443 1387/2218/1387 1444/2222/1444 1496/2220/1496
f 1387/2218/1387 1445/2224/1445 1497/2223/1497 1444/2222/1444
f 1444/2222/1444 1497/2223/1497 1417/2175/1417 1378/2176/1378
f 1497/2225/1497 1424/2193/1424 1367/2172/1367 1417/2173/1417
f 1445/2226/1445 1381/2199/1381 1424/2193/1424 1497/2225/1497
f 1371/2102/1371 1404/2094/1404 1498/2228/1498 1446/2227/1446
f 1446/2219/1446 1498/2229/1498 1445/2224/1445 1387/2218/1387
f 1498/2228/1498 1423/2214/1423 1381/2199/1381 1445/2226/1445
f 1404/2094/1404 1363/2091/1363 1423/2214/1423 1498/2228/1498
f 1370/2143/1370 1419/2182/1419 1499/2230/1499 1414/2142/1414
f 1414/2142/1414 1499/2230/1499 1447/2231/1447 1376/2136/1376
f 1499/2230/1499 1450/2233/1450 1388/2232/1388 1447/2231/1447
f 1419/2182/1419 1379/2234/1379 1450/2233/1450 1499/2230/1499
f 1376/2136/1376 1447/2231/1447 1500/2235/1500 1413/2135/1413
f 1413/2133/1413 1500/2236/1500 1408/2112/1408 1366/2113/1366
f 1500/2236/1500 1448/2237/1448 1373/2108/1373 1408/2112/1408
f 1447/2238/1447 1388/2239/1388 1448/2237/1448 1500/2236/1500
f 1388/2239/1388 1449/2241/1449 1501/2240/1501 1448/2237/1448
f 1448/2237/1448 1501/2240/1501 1407/2107/1407 1373/2108/1373
f 1501/2240/1501 1426/2211/1426 1364/2106/1364 1407/2107/1407
f 1449/2241/1449 1382/2242/1382 1426/2211/1426 1501/2240/1501
f 1379/2185/1379 1420/2245/1420 1502/2244/1502 1450/2243/1450
f 1450/2243/1450 1502/2244/1502 1449/2241/1449 1388/2239/1388
f 1502/2246/1502 1425/2203/1425 1382/2204/1382 1449/2247/1449
f 1420/2248/1420 1368/2202/1368 1425/2203/1425 1502/2246/1502
f 1397/2249/1397 1476/2252/1476 1503/2251/1503 1461/2250/1461
f 1461/2250/1461 1503/2251/1503 1475/2253/1475 1396/2165/1396
f 1503/2251/1503 1472/2255/1472 1401/2254/1401 1475/2253/1475
f 1476/2252/1476 1402/2256/1402 1472/2255/1472 1503/2251/1503
f 1390/2171/1390 1459/2258/1459 1504/2257/1504 1451/2170/1451
f 1451/2170/1451 1504/2257/1504 1455/2190/1455 1389/2169/1389
f 1504/2257/1504 1460/2259/1460 1394/2189/1394 1455/2190/1455
f 1459/2258/1459 1397/2260/1397 1460/2259/1460 1504/2257/1504
f 1397/2260/1397 1461/2262/1461 1505/2261/1505 1460/2259/1460
f 1460/2259/1460 1505/2261/1505 1456/2263/1456 1394/2189/1394
f 1505/2264/1505 1457/2267/1457 1395/2266/1395 1456/2265/1456
f 1461/2250/1461 1396/2165/1396 1457/2267/1457 1505/2264/1505
f 1391/2268/1391 1474/2271/1474 1506/2270/1506 1452/2269/1452
f 1452/2272/1452 1506/2274/1506 1462/2273/1462 1390/2171/1390
f 1506/2274/1506 1467/2276/1467 1385/2275/1385 1462/2273/1462
f 1474/2271/1474 1398/2278/1398 1467/2277/1467 1506/2270/1506
f 1379/2185/1379 1438/2186/1438 1507/2279/1507 1420/2245/1420
f 1420/2248/1420 1507/2281/1507 1465/2280/1465 1368/2202/1368
f 1507/2281/1507 1456/2265/1456 1395/2266/1395 1465/2280/1465
f 1438/2282/1438 1394/2283/1394 1456/2265/1456 1507/2281/1507
f 1378/2176/1378 1436/2177/1436 1508/2284/1508 1418/2221/1418
f 1418/2221/1418 1508/2284/1508 1466/2285/1466 1369/2151/1369
f 1508/2284/1508 1454/2286/1454 1391/2268/1391 1466/2285/1466
f 1436/2177/1436 1393/2179/1393 1454/2286/1454 1508/2284/1508
f 1369/2151/1369 1466/2285/1466 1509/2287/1509 1416/2150/1416
f 1416/2288/1416 1509/2291/1509 1463/2290/1463 1377/2289/1377
f 1509/2292/1509 1452/2272/1452 1390/2171/1390 1463/2167/1463
f 1466/2285/1466 1391/2268/1391 1452/2269/1452 1509/2287/1509
f 1368/2202/1368 1465/2280/1465 1510/2293/1510 1421/2200/1421
f 1421/2200/1421 1510/2293/1510 1464/2155/1464 1380/2152/1380
f 1510/2293/1510 1457/2267/1457 1396/2165/1396 1464/2155/1464
f 1465/2280/1465 1395/2266/1395 1457/2267/1457 1510/2293/1510
f 1398/2278/1398 1469/2295/1469 1511/2294/1511 1467/2277/1467
f 1467/2296/1467 1511/2299/1511 1471/2298/1471 1385/2297/1385
f 1511/2299/1511 1473/2301/1473 1402/2300/1402 1471/2298/1471
f 1469/2302/1469 1400/2305/1400 1473/2304/1473 1511/2303/1511
f 1400/2305/1400 1468/2307/1468 1512/2306/1512 1473/2304/1473
f 1473/2301/1473 1512/2309/1512 1472/2308/1472 1402/2300/1402
f 1512/2310/1512 1470/2311/1470 1401/2254/1401 1472/2255/1472
f 1468/2307/1468 1399/2313/1399 1470/2312/1470 1512/2306/1512
f 1390/2171/1390 1462/2273/1462 1513/2314/1513 1459/2258/1459
f 1459/2315/1459 1513/2318/1513 1476/2317/1476 1397/2316/1397
f 1513/2318/1513 1471/2298/1471 1402/2300/1402 1476/2317/1476
f 1462/2273/1462 1385/2275/1385 1471/2319/1471 1513/2314/1513
f 1392/2162/1392 1478/2321/1478 1514/2320/1514 1453/2181/1453
f 1453/2181/1453 1514/2320/1514 1477/2323/1477 1393/2322/1393
f 1514/2320/1514 1468/2307/1468 1400/2305/1400 1477/2323/1477
f 1478/2321/1478 1399/2313/1399 1468/2307/1468 1514/2320/1514
f 1396/2165/1396 1475/2253/1475 1515/2324/1515 1458/2164/1458
f 1458/2163/1458 1515/2325/1515 1478/2321/1478 1392/2162/1392
f 1515/2325/1515 1470/2312/1470 1399/2313/1399 1478/2321/1478
f 1475/2253/1475 1401/2254/1401 1470/2311/1470 1515/2324/1515
f 1393/2322/1393 1477/2323/1477 1516/2327/1516 1454/2326/1454
f 1454/2286/1454 1516/2328/1516 1474/2271/1474 1391/2268/1391
f 1516/2328/1516 1469/2295/1469 1398/2278/1398 1474/2271/1474
f 1477/2323/1477 1400/2305/1400 1469/2302/1469 1516/2327/1516
o Cube.006
v 2.343470 11.298769 1.704937
v 2.415863 10.963271 1.618864
v 2.783812 11.121629 2.765765
v 2.856205 10.786131 2.679693
v 1.451517 11.000969 2.062741
v 1.555418 10.579339 1.931689
v 1.866896 10.833871 3.063430
v 1.982914 10.407367 2.961571
v 2.633833 11.278907 2.226680
v 2.425690 11.133057 1.530057
v 2.722906 10.866108 2.120776
v 2.943007 10.924952 2.776325
v 2.419002 11.031185 3.011575
v 2.511806 10.601092 2.901235
v 1.957875 10.577705 3.165605
v 1.621582 10.985088 2.598995
v 1.764647 10.413759 2.444208
v 1.414036 10.796480 1.855443
v 1.901684 11.239290 1.765307
v 1.994489 10.809197 1.654966
v 2.863755 11.081792 2.098326
v 2.558792 10.742211 3.150472
v 0.170225 10.712461 3.306723
v 1.869394 11.019540 1.489646
v 2.141367 11.238974 2.424431
v 2.273860 10.624949 2.266903
v 1.498382 10.272754 2.860795
v 0.919366 10.482913 3.203650
v 0.895111 10.662706 3.207448
v 0.738919 10.725539 2.831165
v 0.795951 10.727277 3.035384
v 1.336545 10.252029 2.599700
v 1.271425 10.364054 2.314031
v 0.738351 10.555732 2.767568
v 0.725151 10.457805 3.020975
v 0.150141 10.762349 3.307265
v 0.148235 10.774755 3.149400
v 0.106024 10.759588 3.228173
v 0.168128 10.726108 3.133062
v 0.129101 10.691131 3.216584
v 2.745067 11.204004 2.549951
v 2.478228 11.311347 1.907110
v 2.388164 11.235985 1.595261
v 2.430863 11.038099 1.544493
v 2.561660 10.924691 1.807913
v 2.828499 10.817348 2.450754
v 2.925954 10.838935 2.737216
v 2.883255 11.036821 2.787984
v 2.160635 10.943633 3.070565
v 2.646634 11.094047 2.895760
v 2.730532 10.705229 2.796008
v 2.258620 10.503434 2.958577
v 1.991367 10.473088 3.103751
v 1.925762 10.708566 3.158261
v 1.520328 11.018330 2.307753
v 1.752364 10.924987 2.866750
v 1.892480 10.387117 2.730818
v 1.652113 10.483811 2.151751
v 1.468872 10.683277 1.845009
v 1.411597 10.915403 1.919588
v 2.151543 11.293211 1.703037
v 1.666844 11.142275 1.880973
v 1.763314 10.702684 1.765336
v 2.235441 10.904392 1.603285
v 2.675292 11.126416 1.765875
v 2.840175 10.974306 2.090166
v 2.961721 11.011192 2.455912
v 2.792354 11.195930 2.147024
v 2.795326 10.832613 3.010166
v 2.560764 10.649319 3.076924
v 2.277350 10.658889 3.200958
v 2.510797 10.880887 3.136333
v 1.248921 10.828119 2.313914
v 1.359448 10.819062 2.682479
v 1.700130 10.314694 2.914852
v 1.532721 10.303953 2.524541
v 1.624527 10.921505 1.628242
v 1.911256 10.910602 1.512195
v 2.145818 11.093895 1.445437
v 1.861289 11.142169 1.571604
v 2.288851 11.155657 2.759339
v 1.880967 11.132857 2.514952
v 2.002421 11.270882 2.069302
v 2.404012 11.292120 2.324284
v 2.410724 10.590851 2.614438
v 2.522060 10.745041 2.183930
v 2.124294 10.706075 1.924400
v 2.015840 10.519266 2.356508
v 1.401933 10.330709 2.899702
v 0.917324 10.592565 3.236370
v 0.760553 10.739267 2.925275
v 0.847799 10.704170 3.135460
v 1.416225 10.243134 2.752485
v 1.285977 10.295529 2.438703
v 0.862022 10.437490 2.640650
v 0.726358 10.669386 2.776314
v 0.782627 10.451711 3.108131
v 1.184205 10.312067 2.674010
v 0.704949 10.482959 2.920996
v 0.553083 10.817535 3.281504
v 1.605751 10.499557 3.058867
v 1.232873 10.649558 2.160566
v 1.379446 10.443698 2.142292
v 1.532912 10.713876 2.998077
v 0.140432 10.734013 3.309083
v 0.114909 10.766351 3.183377
v 0.115997 10.759274 3.273443
v 0.138382 10.747356 3.139274
v 0.139164 10.695696 3.268901
v 0.137927 10.703747 3.166449
v 0.070543 10.715738 3.222228
v 0.552762 10.905718 3.282240
v 0.457907 10.855822 3.052215
v 0.470584 10.809929 3.177151
v 0.492577 10.947076 3.190773
v 0.467280 10.940105 3.076304
v 2.614938 11.234822 1.821301
v 2.660386 11.024200 1.767266
v 2.938367 10.912375 2.436950
v 2.892920 11.122997 2.490985
v 2.741941 10.958973 3.003111
v 2.787657 10.747108 2.948756
v 2.292203 10.559422 3.127787
v 2.238702 10.798796 3.188460
v 1.222792 10.756991 2.215518
v 1.671095 10.389082 3.014755
v 1.292550 10.842563 2.482317
v 1.634284 10.286042 2.743401
v 1.622085 11.046846 1.702969
v 1.674544 10.807893 1.639787
v 2.173252 10.994269 1.468594
v 2.127537 11.206134 1.522949
v 2.536984 11.210865 2.653404
v 2.029647 11.057183 2.833194
v 1.755342 11.167529 2.172368
v 2.259003 11.322691 1.983720
v 2.155459 10.488054 2.687441
v 2.645902 10.706097 2.523905
v 2.367921 10.817923 1.854221
v 1.880114 10.598819 2.024106
v 0.455051 10.825706 3.108098
v 1.254643 10.304920 2.788000
v 0.833400 10.363963 2.814833
v 0.562536 10.862864 3.297142
v 1.450230 10.360083 2.299997
v 1.451528 10.778609 2.865312
v 1.573062 10.616086 3.059354
v 1.297271 10.539463 2.114177
v 0.082076 10.718256 3.266157
v 0.081030 10.725063 3.179538
v 0.509065 10.803978 3.238223
v 0.474890 10.952545 3.129923
v 0.458963 10.904529 3.047624
v 0.522632 10.933340 3.244940
vn 0.1206 0.9511 -0.2843
vn 0.3827 -0.7507 -0.5385
vn 0.3953 0.8352 0.3822
vn 0.5605 -0.8214 -0.1054
vn -0.6413 0.7645 -0.0652
vn -0.0564 -0.8161 -0.5752
vn -0.3127 0.6329 0.7083
vn 0.2737 -0.9397 0.2049
vn 0.2870 0.9570 0.0415
vn 0.4660 0.2619 -0.8451
vn 0.5001 -0.7965 -0.3399
vn 0.9428 0.0643 0.3271
vn -0.0108 0.7777 0.6285
vn 0.3936 -0.9188 0.0293
vn -0.1172 -0.2678 0.9563
vn -0.4128 0.8547 0.3147
vn 0.3099 -0.9086 -0.2799
vn -0.7882 -0.0119 -0.6153
vn -0.3495 0.9189 -0.1830
vn 0.1586 -0.8269 -0.5395
vn 0.9128 0.2268 -0.3397
vn 0.4001 -0.1864 0.8973
vn 0.0859 -0.7447 0.6618
vn -0.3569 0.1177 -0.9267
vn -0.1998 0.9494 0.2422
vn 0.3102 -0.9086 -0.2798
vn -0.0092 -0.9146 0.4042
vn -0.0451 -0.6175 0.7853
vn 0.3486 0.6934 0.6306
vn -0.1722 0.8925 -0.4169
vn 0.2832 0.9580 0.0459
vn -0.0676 -0.9938 -0.0881
vn -0.3455 -0.7813 -0.5198
vn -0.8172 -0.2382 -0.5249
vn -0.5126 -0.8317 0.2133
vn -0.2922 0.5291 0.7967
vn -0.5316 0.7049 -0.4696
vn -0.6306 0.7644 0.1344
vn -0.0520 -0.6089 -0.7916
vn -0.0806 -0.9876 -0.1349
vn 0.3497 0.9158 0.1974
vn 0.2209 0.9687 -0.1132
vn 0.2861 0.7613 -0.5819
vn 0.4822 -0.4051 -0.7767
vn 0.4513 -0.7736 -0.4448
vn 0.5415 -0.8095 -0.2270
vn 0.8329 -0.5470 0.0840
vn 0.6938 0.5895 0.4137
vn -0.1847 0.7086 0.6810
vn 0.1942 0.8208 0.5373
vn 0.4727 -0.8807 -0.0293
vn 0.3342 -0.9369 0.1026
vn 0.0951 -0.7403 0.6655
vn -0.2399 0.2527 0.9373
vn -0.4917 0.8548 0.1657
vn -0.3627 0.8036 0.4719
vn 0.3344 -0.9334 -0.1299
vn 0.2205 -0.8897 -0.3998
vn -0.4840 -0.5244 -0.7005
vn -0.7990 0.4730 -0.3713
vn -0.1337 0.9582 -0.2529
vn -0.5194 0.8466 -0.1164
vn 0.0626 -0.8319 -0.5514
vn 0.2598 -0.7970 -0.5452
vn 0.7736 0.2591 -0.5783
vn 0.7877 -0.4654 -0.4037
vn 0.9824 0.1736 -0.0692
vn 0.6414 0.7545 -0.1391
vn 0.7071 -0.0805 0.7025
vn 0.4572 -0.7561 0.4683
vn 0.1123 -0.2433 0.9634
vn 0.1881 0.4352 0.8805
vn -0.5892 0.7942 -0.1488
vn -0.2403 0.9371 0.2531
vn 0.1692 -0.9323 0.3197
vn 0.2413 -0.9360 -0.2561
vn -0.6210 0.0457 -0.7825
vn -0.0814 -0.5448 -0.8346
vn 0.0172 0.2017 -0.9793
vn -0.4242 0.6886 -0.5882
vn -0.1338 0.9090 0.3948
vn -0.3367 0.8958 0.2901
vn -0.2615 0.9612 0.0879
vn -0.0071 0.9857 0.1683
vn 0.3523 -0.9221 -0.1601
vn 0.3731 -0.8777 -0.3008
vn 0.2571 -0.8843 -0.3898
vn 0.2893 -0.9175 -0.2727
vn -0.0792 -0.8279 0.5553
vn 0.1638 0.0745 0.9837
vn 0.2036 0.9771 -0.0615
vn 0.3274 0.9287 0.1739
vn -0.0557 -0.9886 0.1396
vn -0.1617 -0.9360 -0.3126
vn -0.6828 -0.5030 -0.5299
vn -0.6797 0.3291 -0.6555
vn -0.3702 -0.8321 0.4129
vn -0.2517 -0.9664 0.0519
vn -0.7016 -0.7090 -0.0713
vn -0.0646 -0.4849 0.8722
vn -0.0244 -0.4102 0.9117
vn -0.8055 -0.0320 -0.5917
vn -0.1999 -0.7935 -0.5748
vn -0.1279 0.6969 0.7057
vn -0.3844 -0.1296 0.9140
vn -0.6258 0.7569 -0.1883
vn -0.5790 0.6678 0.4678
vn -0.5295 0.0811 -0.8444
vn -0.0804 -0.9643 0.2522
vn -0.1084 -0.8532 -0.5103
vn -0.9608 -0.2769 -0.0090
vn 0.2733 0.7423 0.6118
vn -0.5442 -0.3376 -0.7680
vn -0.2072 -0.9782 -0.0115
vn 0.0426 0.9953 0.0870
vn -0.0799 0.8934 -0.4421
vn 0.5423 0.7648 -0.3477
vn 0.6967 -0.4222 -0.5800
vn 0.8505 -0.4839 -0.2062
vn 0.7169 0.6930 0.0765
vn 0.4632 0.5040 0.7290
vn 0.6606 -0.6722 0.3342
vn 0.2716 -0.7741 0.5719
vn -0.0545 0.3478 0.9360
vn -0.8029 0.3986 -0.4433
vn 0.0039 -0.7223 0.6916
vn -0.3484 0.9310 0.1091
vn 0.2687 -0.9602 -0.0760
vn -0.6501 0.5901 -0.4787
vn -0.2920 -0.5570 -0.7775
vn 0.1704 -0.4763 -0.8626
vn -0.1094 0.7443 -0.6588
vn 0.0486 0.9477 0.3153
vn -0.2749 0.8530 0.4437
vn -0.4027 0.9050 0.1373
vn -0.0721 0.9971 0.0251
vn 0.3278 -0.9338 -0.1436
vn 0.4085 -0.8924 -0.1915
vn 0.3221 -0.8581 -0.3998
vn 0.2268 -0.8938 -0.3868
vn -0.2938 -0.9015 -0.3178
vn -0.2196 -0.9458 0.2392
vn -0.4782 -0.8777 -0.0325
vn 0.1955 0.1481 0.9694
vn 0.1317 -0.9083 -0.3971
vn -0.1863 0.8941 0.4073
vn -0.0502 0.2108 0.9762
vn -0.6139 -0.4599 -0.6416
vn -0.8465 -0.2301 0.4801
vn -0.8586 -0.1401 -0.4930
vn -0.1235 -0.9421 0.3116
vn 0.0047 0.9964 -0.0842
vn -0.3718 0.4388 -0.8180
vn 0.1113 0.9630 0.2454
vt 0.801222 0.449980
vt 0.796285 0.446122
vt 0.805306 0.440485
vt 0.809023 0.447826
vt 0.170874 0.777501
vt 0.165926 0.778546
vt 0.169558 0.764645
vt 0.174487 0.764434
vt 0.171578 0.747398
vt 0.176627 0.747704
vt 0.612991 0.278213
vt 0.609722 0.284132
vt 0.595779 0.284225
vt 0.599919 0.277666
vt 0.161644 0.776924
vt 0.164663 0.763821
vt 0.158560 0.773367
vt 0.159435 0.762791
vt 0.160418 0.746662
vt 0.166290 0.747058
vt 0.166803 0.730541
vt 0.171763 0.730354
vt 0.161489 0.730845
vt 0.161949 0.720649
vt 0.165455 0.717652
vt 0.169908 0.716612
vt 0.582145 0.280517
vt 0.586519 0.274743
vt 0.176627 0.731154
vt 0.174685 0.718228
vt 0.571952 0.273249
vt 0.577437 0.270970
vt 0.567275 0.262555
vt 0.576419 0.262762
vt 0.567482 0.274267
vt 0.562025 0.262769
vt 0.561190 0.249644
vt 0.566869 0.249945
vt 0.576848 0.250831
vt 0.161481 0.710313
vt 0.165990 0.708505
vt 0.157903 0.717133
vt 0.729290 0.008225
vt 0.735855 0.010220
vt 0.736880 0.020084
vt 0.729384 0.018551
vt 0.724294 0.008374
vt 0.723773 0.019202
vt 0.731825 0.030575
vt 0.726039 0.031834
vt 0.739332 0.031399
vt 0.743548 0.043585
vt 0.736653 0.043861
vt 0.731114 0.045953
vt 0.569447 0.237250
vt 0.578756 0.238463
vt 0.563994 0.236601
vt 0.721665 0.034075
vt 0.726869 0.047879
vt 0.574914 0.224441
vt 0.582574 0.225689
vt 0.777160 0.491421
vt 0.783269 0.492750
vt 0.784030 0.505748
vt 0.778686 0.504267
vt 0.790935 0.493638
vt 0.789728 0.506425
vt 0.795331 0.536903
vt 0.791583 0.536427
vt 0.787372 0.535666
vt 0.743550 0.057848
vt 0.738484 0.061359
vt 0.749265 0.055960
vt 0.753161 0.064818
vt 0.750210 0.069532
vt 0.736771 0.092926
vt 0.799415 0.495021
vt 0.795606 0.507533
vt 0.616222 0.229286
vt 0.605156 0.227161
vt 0.604146 0.213103
vt 0.611708 0.214677
vt 0.605383 0.183165
vt 0.609481 0.184073
vt 0.798789 0.537644
vt 0.751971 0.046946
vt 0.755996 0.058345
vt 0.564421 0.497696
vt 0.574159 0.493822
vt 0.574394 0.504990
vt 0.566947 0.507793
vt 0.575879 0.514339
vt 0.570591 0.515963
vt 0.757955 0.068126
vt 0.784074 0.480196
vt 0.793157 0.481496
vt 0.777427 0.478677
vt 0.779669 0.466002
vt 0.786364 0.467884
vt 0.795914 0.469644
vt 0.607745 0.486508
vt 0.602668 0.485138
vt 0.606068 0.471233
vt 0.611479 0.471809
vt 0.595211 0.485350
vt 0.597741 0.472479
vt 0.598005 0.460509
vt 0.606406 0.458610
vt 0.611673 0.458624
vt 0.603796 0.447629
vt 0.608399 0.447192
vt 0.596471 0.449947
vt 0.593812 0.443669
vt 0.597532 0.440485
vt 0.160990 0.786265
vt 0.156752 0.783870
vt 0.790220 0.455844
vt 0.798832 0.458050
vt 0.784140 0.453619
vt 0.791111 0.443307
vt 0.588911 0.264761
vt 0.590314 0.252328
vt 0.605129 0.254181
vt 0.603169 0.267039
vt 0.591522 0.239492
vt 0.593203 0.226269
vt 0.605696 0.240873
vt 0.618734 0.243059
vt 0.618729 0.256053
vt 0.803482 0.482864
vt 0.806968 0.470721
vt 0.616488 0.268376
vt 0.809210 0.458434
vt 0.748922 0.035239
vt 0.746786 0.023803
vt 0.562385 0.486559
vt 0.561189 0.474838
vt 0.572617 0.469496
vt 0.573449 0.481805
vt 0.744843 0.013275
vt 0.155205 0.729745
vt 0.153440 0.746178
vt 0.561267 0.463227
vt 0.572395 0.457610
vt 0.585242 0.453088
vt 0.585894 0.464391
vt 0.572969 0.447928
vt 0.585157 0.444238
vt 0.586133 0.476517
vt 0.585153 0.488929
vt 0.589609 0.546065
vt 0.592963 0.543748
vt 0.607297 0.555228
vt 0.604997 0.556762
vt 0.597732 0.537695
vt 0.609387 0.553321
vt 0.610330 0.566666
vt 0.609625 0.568830
vt 0.608405 0.570653
vt 0.755202 0.075806
vt 0.741397 0.098747
vt 0.762817 0.071335
vt 0.758849 0.078702
vt 0.744176 0.101128
vt 0.753711 0.095255
vt 0.746570 0.101848
vt 0.580214 0.521310
vt 0.581825 0.511213
vt 0.587788 0.537141
vt 0.587044 0.507677
vt 0.593111 0.530660
vt 0.596564 0.182825
vt 0.593166 0.182174
vt 0.608075 0.170910
vt 0.609988 0.171402
vt 0.731882 0.093522
vt 0.723789 0.111051
vt 0.721665 0.110836
vt 0.727975 0.128140
vt 0.727245 0.129581
vt 0.613845 0.152521
vt 0.614517 0.153321
vt 0.582822 0.501080
vt 0.590595 0.498455
vt 0.595936 0.212610
vt 0.588568 0.212333
vt 0.600826 0.182938
vt 0.583062 0.211379
vt 0.734492 0.063280
vt 0.596497 0.499813
vt 0.600986 0.502559
vt 0.615880 0.150865
vt 0.616121 0.152603
vt 0.729883 0.129379
vt 0.729375 0.132050
vt 0.731756 0.129667
vt 0.730912 0.132437
vt 0.802415 0.570967
vt 0.800350 0.572236
vt 0.798860 0.571954
vt 0.801005 0.570598
vt 0.798077 0.570775
vt 0.800051 0.569447
vt 0.610580 0.572671
vt 0.611496 0.571026
vt 0.611673 0.567722
vt 0.798352 0.567669
vt 0.799741 0.567454
vt 0.725803 0.112875
vt 0.727686 0.114468
vt 0.602639 0.557198
vt 0.607280 0.571753
vt 0.809210 0.553474
vt 0.807126 0.552848
vt 0.615064 0.171389
vt 0.617250 0.171947
vt 0.617559 0.153091
vt 0.618734 0.154391
vt 0.601813 0.537521
vt 0.611151 0.552794
vt 0.804923 0.552668
vt 0.612514 0.171326
s 1
usemtl Material.006
f 1517/2329/1517 1558/2332/1558 1633/2331/1633 1559/2330/1559
f 1559/2333/1559 1633/2336/1633 1581/2335/1581 1526/2334/1526
f 1633/2336/1633 1584/2338/1584 1537/2337/1537 1581/2335/1581
f 1558/2339/1558 1525/2342/1525 1584/2341/1584 1633/2340/1633
f 1526/2334/1526 1581/2335/1581 1634/2344/1634 1560/2343/1560
f 1560/2343/1560 1634/2344/1634 1561/2346/1561 1518/2345/1518
f 1634/2344/1634 1582/2348/1582 1527/2347/1527 1561/2346/1561
f 1581/2335/1581 1537/2337/1537 1582/2348/1582 1634/2344/1634
f 1537/2337/1537 1583/2350/1583 1635/2349/1635 1582/2348/1582
f 1582/2348/1582 1635/2349/1635 1562/2351/1562 1527/2347/1527
f 1635/2349/1635 1563/2353/1563 1520/2352/1520 1562/2351/1562
f 1583/2350/1583 1528/2354/1528 1563/2353/1563 1635/2349/1635
f 1525/2342/1525 1557/2356/1557 1636/2355/1636 1584/2341/1584
f 1584/2338/1584 1636/2357/1636 1583/2350/1583 1537/2337/1537
f 1636/2357/1636 1564/2358/1564 1528/2354/1528 1583/2350/1583
f 1557/2356/1557 1519/2360/1519 1564/2359/1564 1636/2355/1636
f 1519/2360/1519 1566/2362/1566 1637/2361/1637 1564/2359/1564
f 1564/2359/1564 1637/2361/1637 1585/2364/1585 1528/2363/1528
f 1637/2361/1637 1588/2366/1588 1538/2365/1538 1585/2364/1585
f 1566/2362/1566 1529/2367/1529 1588/2366/1588 1637/2361/1637
f 1528/2354/1528 1585/2369/1585 1638/2368/1638 1563/2353/1563
f 1563/2353/1563 1638/2368/1638 1567/2370/1567 1520/2352/1520
f 1638/2371/1638 1586/2374/1586 1530/2373/1530 1567/2372/1567
f 1585/2375/1585 1538/2376/1538 1586/2374/1586 1638/2371/1638
f 1538/2376/1538 1587/2378/1587 1639/2377/1639 1586/2374/1586
f 1586/2374/1586 1639/2377/1639 1568/2379/1568 1530/2373/1530
f 1639/2377/1639 1569/2381/1569 1524/2380/1524 1568/2379/1568
f 1587/2378/1587 1531/2382/1531 1569/2381/1569 1639/2377/1639
f 1529/2367/1529 1565/2384/1565 1640/2383/1640 1588/2366/1588
f 1588/2366/1588 1640/2383/1640 1587/2385/1587 1538/2365/1538
f 1640/2386/1640 1570/2387/1570 1531/2382/1531 1587/2378/1587
f 1565/2384/1565 1523/2389/1523 1570/2388/1570 1640/2383/1640
f 1534/2390/1534 1618/2393/1618 1641/2392/1641 1576/2391/1576
f 1576/2391/1576 1641/2392/1641 1589/2395/1589 1521/2394/1521
f 1641/2392/1641 1612/2397/1612 1546/2396/1546 1589/2395/1589
f 1618/2393/1618 1550/2398/1550 1612/2397/1612 1641/2392/1641
f 1531/2382/1531 1617/2400/1617 1642/2399/1642 1569/2381/1569
f 1569/2381/1569 1642/2399/1642 1591/2401/1591 1524/2380/1524
f 1642/2399/1642 1605/2403/1605 1543/2402/1543 1591/2401/1591
f 1617/2400/1617 1544/2404/1544 1605/2403/1605 1642/2399/1642
f 1521/2394/1521 1589/2395/1589 1643/2406/1643 1571/2405/1571
f 1571/2407/1571 1643/2410/1643 1590/2409/1590 1532/2408/1532
f 1643/2410/1643 1607/2412/1607 1547/2411/1547 1590/2409/1590
f 1589/2395/1589 1546/2396/1546 1607/2413/1607 1643/2406/1643
f 1524/2380/1524 1591/2401/1591 1644/2415/1644 1573/2414/1573
f 1573/2416/1573 1644/2419/1644 1592/2418/1592 1533/2417/1533
f 1644/2419/1644 1609/2421/1609 1548/2420/1548 1592/2418/1592
f 1591/2401/1591 1543/2402/1543 1609/2422/1609 1644/2415/1644
f 1521/2394/1521 1578/2424/1578 1645/2423/1645 1576/2391/1576
f 1576/2391/1576 1645/2423/1645 1593/2425/1593 1534/2390/1534
f 1645/2423/1645 1596/2427/1596 1540/2426/1540 1593/2425/1593
f 1578/2424/1578 1535/2428/1535 1596/2427/1596 1645/2423/1645
f 1534/2429/1534 1593/2432/1593 1646/2431/1646 1575/2430/1575
f 1575/2430/1575 1646/2431/1646 1579/2434/1579 1522/2433/1522
f 1646/2431/1646 1594/2436/1594 1536/2435/1536 1579/2434/1579
f 1593/2432/1593 1540/2437/1540 1594/2436/1594 1646/2431/1646
f 1540/2437/1540 1595/2439/1595 1647/2438/1647 1594/2436/1594
f 1594/2436/1594 1647/2438/1647 1580/2440/1580 1536/2435/1536
f 1647/2438/1647 1560/2442/1560 1518/2441/1518 1580/2440/1580
f 1595/2443/1595 1526/2334/1526 1560/2343/1560 1647/2444/1647
f 1535/2428/1535 1577/2446/1577 1648/2445/1648 1596/2427/1596
f 1596/2427/1596 1648/2445/1648 1595/2447/1595 1540/2426/1540
f 1648/2445/1648 1559/2330/1559 1526/2448/1526 1595/2447/1595
f 1577/2446/1577 1517/2329/1517 1559/2330/1559 1648/2445/1648
f 1519/2360/1519 1557/2356/1557 1649/2449/1649 1566/2362/1566
f 1566/2362/1566 1649/2449/1649 1597/2450/1597 1529/2367/1529
f 1649/2449/1649 1600/2452/1600 1541/2451/1541 1597/2450/1597
f 1557/2356/1557 1525/2342/1525 1600/2452/1600 1649/2449/1649
f 1529/2367/1529 1597/2450/1597 1650/2453/1650 1565/2384/1565
f 1565/2384/1565 1650/2453/1650 1572/2454/1572 1523/2389/1523
f 1650/2453/1650 1598/2455/1598 1532/2408/1532 1572/2454/1572
f 1597/2450/1597 1541/2451/1541 1598/2455/1598 1650/2453/1650
f 1541/2451/1541 1599/2457/1599 1651/2456/1651 1598/2455/1598
f 1598/2455/1598 1651/2456/1651 1571/2407/1571 1532/2408/1532
f 1651/2458/1651 1578/2424/1578 1521/2394/1521 1571/2405/1571
f 1599/2459/1599 1535/2428/1535 1578/2424/1578 1651/2458/1651
f 1525/2342/1525 1558/2339/1558 1652/2460/1652 1600/2452/1600
f 1600/2452/1600 1652/2460/1652 1599/2457/1599 1541/2451/1541
f 1652/2461/1652 1577/2446/1577 1535/2428/1535 1599/2459/1599
f 1558/2332/1558 1517/2329/1517 1577/2446/1577 1652/2461/1652
f 1524/2380/1524 1573/2414/1573 1653/2462/1653 1568/2379/1568
f 1568/2379/1568 1653/2462/1653 1601/2463/1601 1530/2373/1530
f 1653/2464/1653 1604/2467/1604 1542/2466/1542 1601/2465/1601
f 1573/2416/1573 1533/2417/1533 1604/2467/1604 1653/2464/1653
f 1530/2373/1530 1601/2463/1601 1654/2468/1654 1567/2372/1567
f 1567/2370/1567 1654/2469/1654 1562/2351/1562 1520/2352/1520
f 1654/2469/1654 1602/2470/1602 1527/2347/1527 1562/2351/1562
f 1601/2465/1601 1542/2466/1542 1602/2472/1602 1654/2471/1654
f 1542/2466/1542 1603/2474/1603 1655/2473/1655 1602/2472/1602
f 1602/2472/1602 1655/2473/1655 1561/2476/1561 1527/2475/1527
f 1655/2473/1655 1580/2440/1580 1518/2441/1518 1561/2476/1561
f 1603/2474/1603 1536/2435/1536 1580/2440/1580 1655/2473/1655
f 1533/2417/1533 1574/2478/1574 1656/2477/1656 1604/2467/1604
f 1604/2467/1604 1656/2477/1656 1603/2474/1603 1542/2466/1542
f 1656/2477/1656 1579/2434/1579 1536/2435/1536 1603/2474/1603
f 1574/2478/1574 1522/2433/1522 1579/2434/1579 1656/2477/1656
f 1551/2479/1551 1630/2482/1630 1657/2481/1657 1615/2480/1615
f 1615/2480/1615 1657/2481/1657 1629/2484/1629 1550/2483/1550
f 1657/2481/1657 1626/2486/1626 1555/2485/1555 1629/2484/1629
f 1630/2482/1630 1556/2487/1556 1626/2486/1626 1657/2481/1657
f 1544/2404/1544 1613/2489/1613 1658/2488/1658 1605/2403/1605
f 1605/2403/1605 1658/2488/1658 1609/2422/1609 1543/2402/1543
f 1658/2488/1658 1614/2491/1614 1548/2490/1548 1609/2422/1609
f 1613/2489/1613 1551/2492/1551 1614/2491/1614 1658/2488/1658
f 1551/2492/1551 1615/2494/1615 1659/2493/1659 1614/2491/1614
f 1614/2495/1614 1659/2497/1659 1610/2496/1610 1548/2420/1548
f 1659/2497/1659 1611/2499/1611 1549/2498/1549 1610/2496/1610
f 1615/2480/1615 1550/2483/1550 1611/2499/1611 1659/2497/1659
f 1545/2500/1545 1628/2503/1628 1660/2502/1660 1606/2501/1606
f 1606/2504/1606 1660/2506/1660 1616/2505/1616 1544/2404/1544
f 1660/2506/1660 1621/2508/1621 1539/2507/1539 1616/2505/1616
f 1628/2503/1628 1552/2510/1552 1621/2509/1621 1660/2502/1660
f 1533/2417/1533 1592/2418/1592 1661/2511/1661 1574/2478/1574
f 1574/2478/1574 1661/2511/1661 1619/2512/1619 1522/2433/1522
f 1661/2511/1661 1610/2496/1610 1549/2498/1549 1619/2512/1619
f 1592/2418/1592 1548/2420/1548 1610/2496/1610 1661/2511/1661
f 1532/2408/1532 1590/2409/1590 1662/2513/1662 1572/2454/1572
f 1572/2454/1572 1662/2513/1662 1620/2514/1620 1523/2389/1523
f 1662/2513/1662 1608/2515/1608 1545/2500/1545 1620/2514/1620
f 1590/2409/1590 1547/2411/1547 1608/2515/1608 1662/2513/1662
f 1523/2389/1523 1620/2514/1620 1663/2516/1663 1570/2388/1570
f 1570/2387/1570 1663/2517/1663 1617/2400/1617 1531/2382/1531
f 1663/2517/1663 1606/2504/1606 1544/2404/1544 1617/2400/1617
f 1620/2514/1620 1545/2500/1545 1606/2501/1606 1663/2516/1663
f 1522/2433/1522 1619/2512/1619 1664/2518/1664 1575/2430/1575
f 1575/2430/1575 1664/2518/1664 1618/2519/1618 1534/2429/1534
f 1664/2518/1664 1611/2499/1611 1550/2483/1550 1618/2519/1618
f 1619/2512/1619 1549/2498/1549 1611/2499/1611 1664/2518/1664
f 1552/2510/1552 1623/2521/1623 1665/2520/1665 1621/2509/1621
f 1621/2508/1621 1665/2523/1665 1625/2522/1625 1539/2507/1539
f 1665/2523/1665 1627/2525/1627 1556/2524/1556 1625/2522/1625
f 1623/2526/1623 1554/2529/1554 1627/2528/1627 1665/2527/1665
f 1554/2529/1554 1622/2531/1622 1666/2530/1666 1627/2528/1627
f 1627/2532/1627 1666/2533/1666 1626/2486/1626 1556/2487/1556
f 1666/2533/1666 1624/2534/1624 1555/2485/1555 1626/2486/1626
f 1622/2531/1622 1553/2536/1553 1624/2535/1624 1666/2530/1666
f 1544/2404/1544 1616/2505/1616 1667/2537/1667 1613/2489/1613
f 1613/2489/1613 1667/2537/1667 1630/2538/1630 1551/2492/1551
f 1667/2539/1667 1625/2540/1625 1556/2487/1556 1630/2482/1630
f 1616/2505/1616 1539/2507/1539 1625/2522/1625 1667/2537/1667
f 1546/2396/1546 1632/2542/1632 1668/2541/1668 1607/2413/1607
f 1607/2412/1607 1668/2544/1668 1631/2543/1631 1547/2411/1547
f 1668/2544/1668 1622/2546/1622 1554/2545/1554 1631/2543/1631
f 1632/2542/1632 1553/2536/1553 1622/2531/1622 1668/2541/1668
f 1550/2483/1550 1629/2484/1629 1669/2548/1669 1612/2547/1612
f 1612/2397/1612 1669/2549/1669 1632/2542/1632 1546/2396/1546
f 1669/2549/1669 1624/2535/1624 1553/2536/1553 1632/2542/1632
f 1629/2484/1629 1555/2485/1555 1624/2534/1624 1669/2548/1669
f 1547/2411/1547 1631/2543/1631 1670/2550/1670 1608/2515/1608
f 1608/2515/1608 1670/2550/1670 1628/2503/1628 1545/2500/1545
f 1670/2550/1670 1623/2521/1623 1552/2510/1552 1628/2503/1628
f 1631/2543/1631 1554/2545/1554 1623/2521/1623 1670/2550/1670
o Cube.007
v 4.208324 5.064669 1.230129
v 4.208324 5.371825 1.230129
v 4.208324 5.064669 0.666934
v 4.208324 5.371825 0.666934
v 4.771520 5.064669 1.230129
v 4.771520 5.371825 1.230129
v 4.771520 5.064669 0.666934
v 4.771520 5.371825 0.666934
v 4.153082 5.009427 0.948531
v 4.153082 5.304516 1.285371
v 4.153082 5.292585 0.948531
v 4.153082 5.304516 0.611692
v 4.489922 5.009427 0.611692
v 4.489922 5.292585 0.611692
v 4.826762 5.304516 0.611692
v 4.826762 5.009427 0.948531
v 4.826762 5.292585 0.948531
v 4.826762 5.304516 1.285371
v 4.489922 5.009427 1.285371
v 4.489922 5.292585 1.285371
v 4.027115 5.300489 0.948531
v 4.489922 5.300489 0.485724
v 4.952729 5.300489 0.948531
v 4.489922 5.300489 1.411338
v 4.489922 4.809227 0.948531
v 4.489922 4.887866 0.948531
v 4.170266 5.026610 0.779637
v 4.170266 5.026610 1.117426
v 4.170266 5.172153 1.268187
v 4.170266 5.381654 1.268187
v 4.170266 5.328959 1.117426
v 4.170266 5.328959 0.779637
v 4.170266 5.381654 0.628875
v 4.170266 5.172153 0.628875
v 4.658816 5.026610 0.628875
v 4.321028 5.026610 0.628875
v 4.321028 5.328959 0.628875
v 4.658816 5.328959 0.628875
v 4.809578 5.381654 0.628875
v 4.809578 5.172153 0.628875
v 4.809578 5.026610 1.117426
v 4.809578 5.026610 0.779637
v 4.809578 5.328959 0.779637
v 4.809578 5.328959 1.117426
v 4.809578 5.381654 1.268187
v 4.809578 5.172153 1.268187
v 4.321028 5.026610 1.268187
v 4.658816 5.026610 1.268187
v 4.658816 5.328959 1.268187
v 4.321028 5.328959 1.268187
v 4.058558 5.302503 1.132796
v 4.058558 5.372996 0.948531
v 4.058558 5.302503 0.764266
v 4.058558 5.156279 0.948531
v 4.305657 5.302503 0.517167
v 4.489922 5.372996 0.517167
v 4.674187 5.302503 0.517167
v 4.489922 5.156279 0.517167
v 4.921287 5.302503 0.764266
v 4.921287 5.372996 0.948531
v 4.921287 5.302503 1.132796
v 4.921287 5.156279 0.948531
v 4.674187 5.302503 1.379896
v 4.489922 5.372996 1.379896
v 4.305657 5.302503 1.379896
v 4.489922 5.156279 1.379896
v 4.489922 4.856730 0.764175
v 4.674279 4.856730 0.948531
v 4.489922 4.856730 1.132888
v 4.305565 4.856730 0.948531
v 4.489922 5.043987 0.764266
v 4.305657 5.043987 0.948531
v 4.489922 5.043987 1.132796
v 4.674187 5.043987 0.948531
v 4.086009 5.163406 1.125921
v 4.086009 5.377485 1.125921
v 4.086009 5.377485 0.771142
v 4.086009 5.163406 0.771142
v 4.312532 5.163406 0.544618
v 4.312532 5.377485 0.544618
v 4.667312 5.377485 0.544618
v 4.667312 5.163406 0.544618
v 4.893835 5.163406 0.771142
v 4.893835 5.377485 0.771142
v 4.893835 5.377485 1.125921
v 4.893835 5.163406 1.125921
v 4.667312 5.163406 1.352444
v 4.667312 5.377485 1.352444
v 4.312532 5.377485 1.352444
v 4.312532 5.163406 1.352444
v 4.317652 4.883588 0.776262
v 4.662192 4.883588 0.776262
v 4.662192 4.883588 1.120801
v 4.317652 4.883588 1.120801
v 4.667312 5.155240 0.771142
v 4.312532 5.155240 0.771142
v 4.312532 5.155240 1.125921
v 4.667312 5.155240 1.125921
v 4.405475 5.018019 0.620284
v 4.405475 5.310772 0.620284
v 4.405475 5.018019 1.276779
v 4.405475 5.310772 1.276779
v 4.397789 5.301496 0.501446
v 4.397789 5.301496 1.395617
v 4.388195 4.838667 0.948531
v 4.397789 4.965926 0.948531
v 4.401227 5.159842 0.530892
v 4.401227 5.375241 0.530892
v 4.401227 5.375241 1.366170
v 4.401227 5.159842 1.366170
v 4.402011 4.870398 0.769302
v 4.402011 4.870398 1.127761
v 4.401227 5.099613 0.767704
v 4.401227 5.099613 1.129359
v 4.574369 5.018019 0.620284
v 4.574369 5.310772 0.620284
v 4.574369 5.018019 1.276779
v 4.574369 5.310772 1.276779
v 4.582055 5.301496 0.501446
v 4.582055 5.301496 1.395617
v 4.591650 4.838667 0.948531
v 4.582055 4.965926 0.948531
v 4.578617 5.375241 0.530892
v 4.578617 5.159842 0.530892
v 4.578617 5.159842 1.366170
v 4.578617 5.375241 1.366170
v 4.577833 4.870398 0.769302
v 4.577833 4.870397 1.127761
v 4.578617 5.099613 0.767704
v 4.578617 5.099613 1.129359
vn -0.5956 -0.5389 0.5956
vn 0.4129 0.8118 -0.4129
vn -0.5956 -0.5389 -0.5956
vn 0.4129 0.8118 0.4129
vn 0.5956 -0.5389 0.5956
vn -0.4129 0.8118 -0.4129
vn 0.5956 -0.5389 -0.5956
vn -0.4129 0.8118 0.4129
vn -0.7778 -0.6285 -0.0000
vn -0.7054 0.0700 0.7054
vn 0.7174 0.6967 -0.0000
vn -0.7054 0.0700 -0.7054
vn -0.0000 -0.6278 -0.7784
vn -0.0000 0.6696 0.7427
vn 0.7054 0.0700 -0.7054
vn 0.7778 -0.6285 -0.0000
vn -0.7174 0.6967 -0.0000
vn 0.7054 0.0700 0.7054
vn -0.0000 -0.6278 0.7784
vn -0.0000 0.6696 -0.7427
vn -0.9965 0.0838 -0.0000
vn -0.0000 0.0880 -0.9961
vn 0.9965 0.0838 -0.0000
vn -0.0000 0.0880 0.9961
vn -0.0000 -1.0000 -0.0000
vn -0.0000 1.0000 -0.0000
vn -0.7274 -0.6057 -0.3227
vn -0.7274 -0.6057 0.3227
vn -0.6686 -0.3254 0.6686
vn -0.3344 0.8811 0.3344
vn 0.5830 0.7328 -0.3510
vn 0.5830 0.7328 0.3510
vn -0.3344 0.8811 -0.3344
vn -0.6686 -0.3254 -0.6686
vn 0.3238 -0.6051 -0.7274
vn -0.3238 -0.6051 -0.7274
vn 0.3521 0.7455 0.5658
vn -0.3521 0.7455 0.5658
vn 0.3344 0.8811 -0.3344
vn 0.6686 -0.3254 -0.6686
vn 0.7274 -0.6057 0.3227
vn 0.7274 -0.6057 -0.3227
vn -0.5830 0.7328 0.3510
vn -0.5830 0.7328 -0.3510
vn 0.3344 0.8811 0.3344
vn 0.6686 -0.3254 0.6686
vn -0.3238 -0.6051 0.7274
vn 0.3238 -0.6051 0.7274
vn -0.3521 0.7455 -0.5658
vn 0.3521 0.7455 -0.5658
vn -0.9365 0.0772 0.3421
vn -0.3524 0.9358 -0.0000
vn -0.9365 0.0772 -0.3421
vn -0.9267 -0.3758 -0.0000
vn -0.3420 0.0751 -0.9367
vn -0.0000 0.9446 -0.3283
vn 0.3420 0.0751 -0.9367
vn -0.0000 -0.3785 -0.9256
vn 0.9365 0.0772 -0.3421
vn 0.3524 0.9358 -0.0000
vn 0.9365 0.0772 0.3421
vn 0.9267 -0.3758 -0.0000
vn 0.3420 0.0751 0.9367
vn -0.0000 0.9446 0.3283
vn -0.3420 0.0751 0.9367
vn -0.0000 -0.3785 0.9256
vn -0.0000 -0.8770 -0.4804
vn 0.4654 -0.8851 -0.0000
vn -0.0000 -0.8770 0.4804
vn -0.4654 -0.8851 -0.0000
vn -0.0000 0.6953 0.7187
vn 0.6972 0.7169 -0.0000
vn -0.0000 0.6953 -0.7187
vn -0.6972 0.7169 -0.0000
vn -0.8789 -0.3515 0.3226
vn -0.4002 0.9105 0.1043
vn -0.4002 0.9105 -0.1043
vn -0.8789 -0.3515 -0.3226
vn -0.3226 -0.3500 -0.8794
vn -0.1039 0.9047 -0.4132
vn 0.1039 0.9047 -0.4132
vn 0.3226 -0.3500 -0.8794
vn 0.8789 -0.3515 -0.3226
vn 0.4002 0.9105 -0.1043
vn 0.4002 0.9105 0.1043
vn 0.8789 -0.3515 0.3226
vn 0.3226 -0.3500 0.8794
vn 0.1039 0.9047 0.4132
vn -0.1039 0.9047 0.4132
vn -0.3226 -0.3500 0.8794
vn -0.4057 -0.8222 -0.3992
vn 0.4057 -0.8222 -0.3992
vn 0.4057 -0.8222 0.3992
vn -0.4057 -0.8222 0.3992
vn -0.5675 0.6121 0.5507
vn 0.5675 0.6121 0.5507
vn 0.5675 0.6121 -0.5507
vn -0.5675 0.6121 -0.5507
vn -0.1485 -0.6201 -0.7704
vn 0.2319 0.6863 0.6894
vn -0.1485 -0.6201 0.7704
vn 0.2319 0.6863 -0.6894
vn -0.1593 0.0880 -0.9833
vn -0.1593 0.0880 0.9833
vn -0.2088 -0.9780 -0.0000
vn 0.6020 0.7985 -0.0000
vn -0.1561 -0.3735 -0.9144
vn 0.0209 0.9589 -0.2830
vn 0.0209 0.9589 0.2830
vn -0.1561 -0.3735 0.9144
vn -0.1857 -0.8644 -0.4672
vn -0.1857 -0.8644 0.4672
vn 0.4092 0.6254 0.6643
vn 0.4092 0.6254 -0.6643
vn 0.1485 -0.6201 -0.7704
vn -0.2319 0.6863 0.6894
vn 0.1485 -0.6201 0.7704
vn -0.2319 0.6863 -0.6894
vn 0.1593 0.0880 -0.9833
vn 0.1593 0.0880 0.9833
vn 0.2088 -0.9780 -0.0000
vn -0.6020 0.7985 -0.0000
vn -0.0209 0.9589 -0.2830
vn 0.1561 -0.3735 -0.9144
vn 0.1561 -0.3735 0.9144
vn -0.0209 0.9589 0.2830
vn 0.1857 -0.8644 -0.4672
vn 0.1857 -0.8644 0.4672
vn -0.4092 0.6255 0.6643
vn -0.4092 0.6254 -0.6643
vt 0.358048 0.879003
vt 0.364789 0.874485
vt 0.370140 0.884373
vt 0.359366 0.887379
vt 0.372095 0.870905
vt 0.378402 0.881378
vt 0.382181 0.893936
vt 0.373382 0.896556
vt 0.361506 0.899161
vt 0.973948 0.586830
vt 0.978799 0.587856
vt 0.973822 0.595654
vt 0.968568 0.595092
vt 0.924967 0.893715
vt 0.926544 0.895588
vt 0.922087 0.902438
vt 0.916112 0.899502
vt 0.917349 0.910914
vt 0.909894 0.906425
vt 0.970969 0.606974
vt 0.965625 0.606774
vt 0.970956 0.619372
vt 0.965591 0.619729
vt 0.694765 0.898121
vt 0.695104 0.906598
vt 0.685027 0.904687
vt 0.685270 0.897842
vt 0.676707 0.904377
vt 0.675682 0.901358
vt 0.973635 0.630596
vt 0.968506 0.631867
vt 0.374787 0.908421
vt 0.363790 0.910276
vt 0.383229 0.906358
vt 0.959143 0.620696
vt 0.962075 0.631891
vt 0.373163 0.917820
vt 0.365425 0.917178
vt 0.872060 0.918701
vt 0.880063 0.916288
vt 0.881969 0.926912
vt 0.870674 0.926902
vt 0.888776 0.915142
vt 0.891414 0.926565
vt 0.881917 0.933214
vt 0.891576 0.933122
vt 0.891737 0.939679
vt 0.881866 0.939516
vt 0.870152 0.932869
vt 0.869630 0.938835
vt 0.978799 0.639190
vt 0.974146 0.641348
vt 0.673123 0.912277
vt 0.667384 0.909246
vt 0.664045 0.914542
vt 0.670815 0.917916
vt 0.668508 0.923556
vt 0.660705 0.919838
vt 0.971821 0.770318
vt 0.966473 0.768966
vt 0.968504 0.764148
vt 0.973886 0.765366
vt 0.974989 0.759264
vt 0.969523 0.758324
vt 0.970542 0.752500
vt 0.976092 0.753161
vt 0.658490 0.925255
vt 0.665526 0.928116
vt 0.662545 0.932676
vt 0.656274 0.930672
vt 0.659071 0.938389
vt 0.655662 0.939966
vt 0.970485 0.740884
vt 0.976073 0.740554
vt 0.869554 0.944649
vt 0.881289 0.945587
vt 0.880712 0.951658
vt 0.869477 0.950462
vt 0.890923 0.945974
vt 0.890108 0.952270
vt 0.983962 0.752704
vt 0.983618 0.741084
vt 0.877797 0.960879
vt 0.870064 0.957983
vt 0.578994 0.935572
vt 0.571255 0.936215
vt 0.569632 0.926816
vt 0.580629 0.928670
vt 0.973765 0.729314
vt 0.981829 0.730842
vt 0.561190 0.924753
vt 0.562238 0.912331
vt 0.571036 0.914950
vt 0.582913 0.917555
vt 0.968409 0.730638
vt 0.665007 0.943295
vt 0.659973 0.946627
vt 0.812800 0.378095
vt 0.814796 0.384305
vt 0.806048 0.390487
vt 0.802280 0.382760
vt 0.964442 0.722518
vt 0.969528 0.720701
vt 0.975749 0.214253
vt 0.980173 0.216178
vt 0.973425 0.222323
vt 0.968648 0.220834
vt 0.794872 0.395279
vt 0.791874 0.389620
vt 0.786939 0.398953
vt 0.784017 0.398006
vt 0.969119 0.231345
vt 0.963971 0.230789
vt 0.574279 0.902768
vt 0.585053 0.905774
vt 0.566017 0.899772
vt 0.572324 0.889299
vt 0.579629 0.892880
vt 0.586371 0.897397
vt 0.587817 0.887188
vt 0.594063 0.895405
vt 0.580784 0.882777
vt 0.957119 0.249383
vt 0.963402 0.249597
vt 0.964279 0.256046
vt 0.957884 0.255562
vt 0.598553 0.894896
vt 0.592317 0.886234
vt 0.596816 0.885281
vt 0.603044 0.894387
vt 0.967811 0.242779
vt 0.962524 0.243148
vt 0.787213 0.407219
vt 0.780367 0.407561
vt 0.780367 0.412243
vt 0.788075 0.412192
vt 0.788937 0.417165
vt 0.780367 0.416925
vt 0.968647 0.248955
vt 0.969483 0.255131
vt 0.966588 0.261721
vt 0.971714 0.260626
vt 0.973945 0.266121
vt 0.968896 0.267395
vt 0.942024 0.889727
vt 0.941227 0.896865
vt 0.935388 0.896371
vt 0.936097 0.890386
vt 0.980173 0.273407
vt 0.975619 0.275112
vt 0.345865 0.876502
vt 0.352102 0.867840
vt 0.356602 0.868793
vt 0.350355 0.877010
vt 0.960186 0.261054
vt 0.962488 0.266546
vt 0.363634 0.864383
vt 0.856838 0.925546
vt 0.865943 0.915142
vt 0.855015 0.937680
vt 0.855979 0.931497
vt 0.345170 0.913617
vt 0.340440 0.914128
vt 0.335610 0.902505
vt 0.341854 0.902065
vt 0.349686 0.912987
vt 0.346628 0.901815
vt 0.855616 0.949577
vt 0.855356 0.943760
vt 0.863677 0.959733
vt 0.594733 0.931381
vt 0.597791 0.920210
vt 0.599249 0.932011
vt 0.602565 0.920459
vt 0.599246 0.908027
vt 0.603944 0.907714
vt 0.345173 0.889632
vt 0.335610 0.889135
vt 0.340475 0.889319
vt 0.341375 0.875993
vt 0.676184 0.940600
vt 0.685975 0.933648
vt 0.681079 0.937124
vt 0.701159 0.940875
vt 0.695071 0.943751
vt 0.822932 0.397829
vt 0.816556 0.407852
vt 0.687293 0.919174
vt 0.686634 0.926411
vt 0.700524 0.924372
vt 0.700841 0.932623
vt 0.938954 0.929596
vt 0.931694 0.925240
vt 0.934553 0.912019
vt 0.941252 0.914922
vt 0.802006 0.409354
vt 0.820218 0.415370
vt 0.823879 0.422889
vt 0.807196 0.422446
vt 0.804601 0.415900
vt 0.947950 0.917825
vt 0.947066 0.897359
vt 0.946215 0.933952
vt 0.347602 0.866887
vt 0.947950 0.889067
vt 0.969755 0.775270
vt 0.964442 0.773784
vt 0.688984 0.946627
vt 0.608809 0.907530
vt 0.608809 0.920899
vt 0.603979 0.932523
vt 0.956353 0.243204
s 1
usemtl Material.010
f 1671/2551/1671 1699/2552/1699 1745/2553/1745 1698/2554/1698
f 1699/2552/1699 1680/2555/1680 1721/2556/1721 1745/2553/1745
f 1745/2553/1745 1721/2556/1721 1691/2557/1691 1724/2558/1724
f 1698/2554/1698 1745/2553/1745 1724/2558/1724 1679/2559/1679
f 1680/2560/1680 1700/2561/1700 1746/2562/1746 1721/2563/1721
f 1700/2564/1700 1672/2565/1672 1701/2566/1701 1746/2567/1746
f 1746/2567/1746 1701/2566/1701 1681/2568/1681 1722/2569/1722
f 1721/2563/1721 1746/2562/1746 1722/2570/1722 1691/2571/1691
f 1691/2571/1691 1722/2570/1722 1747/2572/1747 1723/2573/1723
f 1722/2574/1722 1681/2575/1681 1702/2576/1702 1747/2577/1747
f 1747/2577/1747 1702/2576/1702 1674/2578/1674 1703/2579/1703
f 1723/2573/1723 1747/2572/1747 1703/2580/1703 1682/2581/1682
f 1679/2559/1679 1724/2558/1724 1748/2582/1748 1697/2583/1697
f 1724/2558/1724 1691/2557/1691 1723/2584/1723 1748/2582/1748
f 1748/2585/1748 1723/2573/1723 1682/2581/1682 1704/2586/1704
f 1697/2583/1697 1748/2582/1748 1704/2587/1704 1673/2588/1673
f 1673/2589/1673 1704/2590/1704 1749/2591/1749 1706/2592/1706
f 1704/2590/1704 1682/2593/1682 1725/2594/1725 1749/2591/1749
f 1777/2595/1777 1773/2596/1773 1692/2597/1692 1728/2598/1728
f 1769/2599/1769 1777/2595/1777 1728/2598/1728 1683/2600/1683
f 1682/2581/1682 1703/2580/1703 1750/2601/1750 1725/2602/1725
f 1703/2579/1703 1674/2578/1674 1707/2603/1707 1750/2604/1750
f 1778/2605/1778 1770/2606/1770 1684/2607/1684 1726/2608/1726
f 1773/2609/1773 1778/2610/1778 1726/2611/1726 1692/2612/1692
f 1789/2613/1789 1793/2614/1793 1751/2615/1751 1727/2616/1727
f 1793/2617/1793 1786/2618/1786 1708/2619/1708 1751/2620/1751
f 1751/2620/1751 1708/2619/1708 1678/2621/1678 1709/2622/1709
f 1727/2616/1727 1751/2615/1751 1709/2623/1709 1685/2624/1685
f 1785/2625/1785 1794/2626/1794 1752/2627/1752 1705/2628/1705
f 1794/2626/1794 1789/2629/1789 1727/2630/1727 1752/2627/1752
f 1752/2631/1752 1727/2616/1727 1685/2624/1685 1710/2632/1710
f 1705/2628/1705 1752/2627/1752 1710/2633/1710 1677/2634/1677
f 1677/2635/1677 1710/2636/1710 1753/2637/1753 1712/2638/1712
f 1710/2632/1710 1685/2624/1685 1729/2639/1729 1753/2640/1753
f 1753/2637/1753 1729/2641/1729 1693/2642/1693 1732/2643/1732
f 1712/2638/1712 1753/2637/1753 1732/2643/1732 1686/2644/1686
f 1685/2624/1685 1709/2623/1709 1754/2645/1754 1729/2639/1729
f 1709/2622/1709 1678/2621/1678 1713/2646/1713 1754/2647/1754
f 1754/2648/1754 1713/2649/1713 1687/2650/1687 1730/2651/1730
f 1729/2639/1729 1754/2645/1754 1730/2652/1730 1693/2653/1693
f 1693/2654/1693 1730/2655/1730 1755/2656/1755 1731/2657/1731
f 1730/2651/1730 1687/2650/1687 1714/2658/1714 1755/2659/1755
f 1755/2659/1755 1714/2658/1714 1676/2660/1676 1715/2661/1715
f 1731/2657/1731 1755/2656/1755 1715/2662/1715 1688/2663/1688
f 1686/2644/1686 1732/2643/1732 1756/2664/1756 1711/2665/1711
f 1732/2643/1732 1693/2642/1693 1731/2666/1731 1756/2664/1756
f 1756/2664/1756 1731/2666/1731 1688/2667/1688 1716/2668/1716
f 1711/2665/1711 1756/2664/1756 1716/2668/1716 1675/2669/1675
f 1675/2669/1675 1716/2668/1716 1757/2670/1757 1718/2671/1718
f 1716/2668/1716 1688/2667/1688 1733/2672/1733 1757/2670/1757
f 1795/2673/1795 1790/2674/1790 1694/2675/1694 1736/2676/1736
f 1787/2677/1787 1795/2678/1795 1736/2679/1736 1689/2680/1689
f 1688/2663/1688 1715/2662/1715 1758/2681/1758 1733/2682/1733
f 1715/2661/1715 1676/2660/1676 1719/2683/1719 1758/2684/1758
f 1796/2685/1796 1788/2686/1788 1690/2687/1690 1734/2688/1734
f 1790/2674/1790 1796/2689/1796 1734/2690/1734 1694/2675/1694
f 1774/2691/1774 1779/2692/1779 1759/2693/1759 1735/2694/1735
f 1779/2695/1779 1772/2696/1772 1720/2697/1720 1759/2698/1759
f 1759/2698/1759 1720/2697/1720 1672/2565/1672 1700/2564/1700
f 1735/2694/1735 1759/2693/1759 1700/2699/1700 1680/2700/1680
f 1771/2701/1771 1780/2702/1780 1760/2703/1760 1717/2704/1717
f 1780/2705/1780 1774/2691/1774 1735/2694/1735 1760/2706/1760
f 1760/2703/1760 1735/2707/1735 1680/2555/1680 1699/2552/1699
f 1717/2704/1717 1760/2703/1760 1699/2552/1699 1671/2551/1671
f 1673/2589/1673 1706/2592/1706 1761/2708/1761 1697/2709/1697
f 1769/2599/1769 1683/2600/1683 1737/2710/1737 1781/2711/1781
f 1781/2712/1781 1737/2713/1737 1695/2714/1695 1775/2715/1775
f 1697/2583/1697 1761/2716/1761 1740/2717/1740 1679/2559/1679
f 1785/2625/1785 1705/2628/1705 1762/2718/1762 1797/2719/1797
f 1705/2628/1705 1677/2634/1677 1712/2720/1712 1762/2718/1762
f 1762/2721/1762 1712/2638/1712 1686/2644/1686 1738/2722/1738
f 1797/2723/1797 1762/2721/1762 1738/2722/1738 1791/2724/1791
f 1791/2724/1791 1738/2722/1738 1763/2725/1763 1798/2726/1798
f 1738/2722/1738 1686/2644/1686 1711/2665/1711 1763/2725/1763
f 1763/2725/1763 1711/2665/1711 1675/2669/1675 1718/2671/1718
f 1798/2726/1798 1763/2725/1763 1718/2671/1718 1787/2677/1787
f 1679/2559/1679 1740/2717/1740 1764/2727/1764 1698/2554/1698
f 1775/2715/1775 1695/2714/1695 1739/2728/1739 1782/2729/1782
f 1782/2729/1782 1739/2728/1739 1689/2730/1689 1771/2701/1771
f 1698/2554/1698 1764/2727/1764 1717/2704/1717 1671/2551/1671
f 1678/2621/1678 1708/2619/1708 1765/2731/1765 1713/2646/1713
f 1786/2618/1786 1684/2607/1684 1741/2732/1741 1799/2733/1799
f 1799/2733/1799 1741/2732/1741 1696/2734/1696 1792/2735/1792
f 1713/2649/1713 1765/2736/1765 1744/2737/1744 1687/2650/1687
f 1770/2606/1770 1707/2603/1707 1766/2738/1766 1783/2739/1783
f 1707/2603/1707 1674/2578/1674 1702/2576/1702 1766/2738/1766
f 1766/2738/1766 1702/2576/1702 1681/2575/1681 1742/2740/1742
f 1783/2739/1783 1766/2738/1766 1742/2740/1742 1776/2741/1776
f 1776/2742/1776 1742/2743/1742 1767/2744/1767 1784/2745/1784
f 1742/2743/1742 1681/2568/1681 1701/2566/1701 1767/2744/1767
f 1767/2744/1767 1701/2566/1701 1672/2565/1672 1720/2697/1720
f 1784/2745/1784 1767/2744/1767 1720/2697/1720 1772/2696/1772
f 1687/2650/1687 1744/2737/1744 1768/2746/1768 1714/2658/1714
f 1792/2747/1792 1696/2748/1696 1743/2749/1743 1800/2750/1800
f 1800/2750/1800 1743/2749/1743 1690/2687/1690 1788/2686/1788
f 1714/2658/1714 1768/2746/1768 1719/2683/1719 1676/2660/1676
f 1743/2751/1743 1784/2745/1784 1772/2696/1772 1690/2752/1690
f 1696/2753/1696 1776/2742/1776 1784/2745/1784 1743/2751/1743
f 1741/2732/1741 1783/2739/1783 1776/2741/1776 1696/2734/1696
f 1684/2607/1684 1770/2606/1770 1783/2739/1783 1741/2732/1741
f 1764/2727/1764 1782/2729/1782 1771/2701/1771 1717/2704/1717
f 1740/2717/1740 1775/2715/1775 1782/2729/1782 1764/2727/1764
f 1761/2716/1761 1781/2712/1781 1775/2715/1775 1740/2717/1740
f 1706/2592/1706 1769/2599/1769 1781/2711/1781 1761/2708/1761
f 1736/2676/1736 1694/2675/1694 1774/2691/1774 1780/2705/1780
f 1689/2730/1689 1736/2754/1736 1780/2702/1780 1771/2701/1771
f 1734/2755/1734 1690/2752/1690 1772/2696/1772 1779/2695/1779
f 1694/2675/1694 1734/2690/1734 1779/2692/1779 1774/2691/1774
f 1725/2756/1725 1750/2757/1750 1778/2610/1778 1773/2609/1773
f 1750/2604/1750 1707/2603/1707 1770/2606/1770 1778/2605/1778
f 1706/2592/1706 1749/2591/1749 1777/2595/1777 1769/2599/1769
f 1749/2591/1749 1725/2594/1725 1773/2596/1773 1777/2595/1777
f 1768/2746/1768 1800/2750/1800 1788/2686/1788 1719/2683/1719
f 1744/2737/1744 1792/2747/1792 1800/2750/1800 1768/2746/1768
f 1765/2731/1765 1799/2733/1799 1792/2735/1792 1744/2758/1744
f 1708/2619/1708 1786/2618/1786 1799/2733/1799 1765/2731/1765
f 1739/2759/1739 1798/2726/1798 1787/2677/1787 1689/2680/1689
f 1695/2760/1695 1791/2724/1791 1798/2726/1798 1739/2759/1739
f 1737/2761/1737 1797/2723/1797 1791/2724/1791 1695/2760/1695
f 1683/2600/1683 1785/2625/1785 1797/2719/1797 1737/2710/1737
f 1733/2682/1733 1758/2681/1758 1796/2689/1796 1790/2674/1790
f 1758/2684/1758 1719/2683/1719 1788/2686/1788 1796/2685/1796
f 1718/2671/1718 1757/2670/1757 1795/2678/1795 1787/2677/1787
f 1757/2762/1757 1733/2682/1733 1790/2674/1790 1795/2673/1795
f 1728/2598/1728 1692/2597/1692 1789/2629/1789 1794/2626/1794
f 1683/2600/1683 1728/2598/1728 1794/2626/1794 1785/2625/1785
f 1726/2608/1726 1684/2607/1684 1786/2618/1786 1793/2617/1793
f 1692/2612/1692 1726/2611/1726 1793/2614/1793 1789/2613/1789
o Torus
v 4.488460 5.275690 1.284256
v 4.504060 5.263407 1.289735
v 4.488356 5.251360 1.286508
v 4.474757 5.257417 1.286456
v 4.472645 5.263581 1.284944
v 4.480651 5.274119 1.285057
v 4.501996 5.268350 1.298236
v 4.501925 5.256497 1.295699
v 4.496208 5.252625 1.290234
v 4.474743 5.268518 1.297364
v 4.488250 5.272147 1.313307
v 4.496208 5.271636 1.306139
v 4.496193 5.250792 1.303498
v 4.488293 5.249116 1.303450
v 4.480504 5.251481 1.299262
v 4.474757 5.254736 1.306589
v 4.472673 5.259547 1.314103
v 4.480420 5.270540 1.312543
v 4.496213 5.266939 1.327714
v 4.501942 5.263623 1.322579
v 4.504066 5.258100 1.319096
v 4.501946 5.252773 1.314747
v 4.480518 5.248605 1.312640
v 4.474755 5.264839 1.317344
v 4.489401 5.334697 1.416966
v 4.496250 5.245980 1.320867
v 4.488419 5.244831 1.318787
v 4.474773 5.249561 1.324676
v 4.446118 5.311968 1.418555
v 4.464470 5.331723 1.408849
v 4.514108 5.313735 1.452418
v 4.532557 5.304582 1.434821
v 4.539190 5.282858 1.430440
v 4.532601 5.271863 1.403087
v 4.480504 5.244436 1.324474
v 4.439530 5.277591 1.441167
v 4.489401 5.300088 1.490860
v 4.514141 5.253860 1.399989
v 4.489401 5.256692 1.382270
v 4.464500 5.253304 1.401178
v 4.446218 5.264486 1.415432
v 4.464470 5.298467 1.481361
v 4.514580 5.277437 1.513043
v 4.532557 5.267561 1.496425
v 4.489401 5.238776 1.411386
v 4.446213 5.270592 1.492359
v 4.489401 5.257140 1.548049
v 4.539272 5.221070 1.507522
v 4.532532 5.227355 1.464004
v 4.514267 5.227883 1.434787
v 4.464500 5.227452 1.435056
v 4.446198 5.225541 1.466116
v 4.464470 5.256982 1.537816
v 4.514331 5.234020 1.558769
v 4.532506 5.226089 1.538101
v 4.489401 5.218258 1.433447
v 4.439577 5.222319 1.504595
v 4.446296 5.229634 1.535419
v 4.489732 5.210062 1.583808
v 4.514267 5.197608 1.457905
v 4.489202 5.195563 1.449371
v 4.464501 5.197196 1.458281
v 4.464696 5.208561 1.575530
v 4.514331 5.185616 1.584341
v 4.532589 5.181450 1.559799
v 4.532440 5.174858 1.491967
v 4.446309 5.182069 1.489420
v 4.439543 5.170815 1.527729
v 4.446177 5.184701 1.558874
v 4.489401 5.170945 1.596253
v 4.539179 5.143530 1.528247
v 4.514313 5.173470 1.465441
v 4.489401 5.173652 1.456048
v 4.464500 5.165556 1.466418
v 4.464418 5.158155 1.588646
v 4.489733 5.132085 1.595413
v 4.514313 5.146676 1.587590
v 4.532677 5.137837 1.560400
v 4.514445 5.150899 1.465415
v 4.489401 5.151091 1.455814
v 4.446270 5.140118 1.489924
v 4.446213 5.139305 1.561055
v 4.514384 5.110365 1.578090
v 4.532550 5.138184 1.487941
v 4.464501 5.134710 1.460143
v 4.439616 5.122865 1.519200
v 4.464489 5.122756 1.582470
v 4.488713 5.086132 1.573460
v 4.532550 5.105639 1.547078
v 4.532446 5.106109 1.469339
v 4.514301 5.120270 1.451297
v 4.489600 5.123480 1.442827
v 4.446251 5.105639 1.547078
v 4.464470 5.088655 1.564432
v 4.514384 5.067165 1.544885
v 4.532506 5.074470 1.521332
v 4.539226 5.070579 1.474484
v 4.464500 5.105731 1.437520
v 4.446273 5.091170 1.454010
v 4.439543 5.080110 1.484775
v 4.446245 5.074357 1.521112
v 4.489401 5.045139 1.528802
v 4.514141 5.094275 1.422299
v 4.489200 5.098555 1.416228
v 4.464219 5.049661 1.522445
v 4.514313 5.040292 1.506708
v 4.532623 5.043229 1.473781
v 4.532545 5.073857 1.424944
v 4.464357 5.083149 1.403171
v 4.446178 5.042827 1.472975
v 4.489401 5.020535 1.481898
v 4.514331 5.017744 1.458752
v 4.514445 5.075129 1.384521
v 4.489401 5.079000 1.377184
v 4.446270 5.056723 1.383201
v 4.439576 5.046015 1.421106
v 4.464694 5.018434 1.461220
v 4.489069 5.000864 1.424756
v 4.532506 5.018898 1.409188
v 4.539258 5.031837 1.372530
v 4.532529 5.050289 1.358953
v 4.464534 5.066989 1.358596
v 4.446296 5.018757 1.408649
v 4.514313 5.001729 1.402097
v 4.514313 5.064370 1.346443
v 4.489401 5.066559 1.329833
v 4.439576 5.026592 1.340905
v 4.464470 4.998104 1.385753
v 4.489401 4.986769 1.342488
v 4.514583 4.991771 1.337662
v 4.532623 5.006120 1.333266
v 4.514445 5.058191 1.308179
v 4.464534 5.057981 1.305612
v 4.446257 5.043839 1.310690
v 4.446118 5.004105 1.312016
v 4.539226 5.022424 1.250370
v 4.532545 5.042478 1.281888
v 4.489600 5.061776 1.278159
v 4.464489 4.990704 1.317969
v 4.489401 4.984787 1.274453
v 4.514331 4.990560 1.251320
v 4.532550 5.004080 1.271581
v 4.514313 5.056788 1.263737
v 4.464663 5.057205 1.247870
v 4.446270 5.044118 1.229510
v 4.439576 5.025548 1.213168
v 4.464418 4.990357 1.252548
v 4.489401 4.987321 1.228456
v 4.532493 5.045673 1.219939
v 4.446296 5.007828 1.212816
vn -0.1974 0.9728 0.1210
vn 0.9998 0.0171 0.0035
vn 0.2120 -0.9686 -0.1302
vn -0.9411 -0.3351 -0.0451
vn -0.9958 -0.0904 -0.0113
vn -0.3021 0.9460 0.1177
vn 0.8576 0.5043 0.1006
vn 0.8114 -0.5760 -0.0991
vn 0.3747 -0.9187 -0.1244
vn -0.7824 0.6165 0.0882
vn 0.2107 0.9702 -0.1197
vn 0.4924 0.8516 0.1796
vn 0.4198 -0.8897 -0.1796
vn 0.0472 -0.9753 -0.2157
vn -0.4094 -0.8921 -0.1914
vn -0.8528 -0.5098 -0.1135
vn -0.9915 -0.0563 -0.1171
vn -0.4700 0.8716 -0.1394
vn 0.5149 0.8394 -0.1738
vn 0.7609 0.6365 -0.1260
vn 0.9735 0.1336 -0.1857
vn 0.8040 -0.5749 -0.1519
vn -0.4237 -0.8720 -0.2451
vn -0.8030 0.5509 -0.2272
vn 0.2273 0.9738 -0.0021
vn 0.2950 -0.9528 -0.0713
vn -0.0002 -0.9939 -0.1105
vn -0.7388 -0.6580 -0.1456
vn -0.8532 0.5211 -0.0209
vn -0.3927 0.9172 -0.0677
vn 0.4884 0.8535 0.1816
vn 0.6422 0.7628 -0.0758
vn 0.9777 0.1754 -0.1157
vn 0.9336 -0.2011 -0.2966
vn -0.2085 -0.9759 -0.0646
vn -0.9959 0.0805 -0.0416
vn 0.0027 0.8595 0.5110
vn 0.4986 -0.8113 -0.3054
vn 0.0310 -0.9966 -0.0760
vn -0.4467 -0.8549 -0.2637
vn -0.9298 -0.2253 -0.2910
vn -0.4663 0.7666 0.4416
vn 0.4862 0.7014 0.5212
vn 0.8623 0.4006 0.3099
vn -0.0003 -0.7994 -0.6008
vn -0.8525 0.4188 0.3128
vn 0.0041 0.7165 0.6975
vn 0.9993 0.0229 0.0295
vn 0.8946 -0.3110 -0.3209
vn 0.5268 -0.6177 -0.5839
vn -0.5342 -0.6104 -0.5848
vn -0.8965 -0.2981 -0.3277
vn -0.5172 0.6213 0.5887
vn 0.5437 0.5164 0.6616
vn 0.8873 0.2714 0.3730
vn 0.0009 -0.6521 -0.7582
vn -0.9999 0.0125 0.0113
vn -0.8871 0.2838 0.3639
vn 0.0054 0.4669 0.8843
vn 0.5780 -0.3811 -0.7216
vn 0.0019 -0.4499 -0.8931
vn -0.5913 -0.3654 -0.7189
vn -0.5856 0.3723 0.7201
vn 0.6037 0.2207 0.7660
vn 0.9194 0.0967 0.3813
vn 0.9227 -0.0776 -0.3776
vn -0.9248 -0.1051 -0.3655
vn -0.9997 0.0029 0.0232
vn -0.9110 0.1172 0.3953
vn -0.0074 0.1517 0.9884
vn 0.9997 -0.0045 0.0259
vn 0.6424 -0.1108 -0.7583
vn -0.0006 -0.1578 -0.9875
vn -0.6333 -0.0302 -0.7733
vn -0.6206 0.0330 0.7834
vn 0.0082 -0.2251 0.9743
vn 0.6323 -0.0423 0.7736
vn 0.9184 -0.0753 0.3883
vn 0.6351 0.1702 -0.7534
vn -0.0017 0.2228 -0.9749
vn -0.9307 0.1135 -0.3477
vn -0.9207 -0.0795 0.3822
vn 0.6008 -0.3557 0.7159
vn 0.9275 0.1322 -0.3497
vn -0.6154 0.3594 -0.7015
vn -0.9999 -0.0030 0.0152
vn -0.6133 -0.2808 0.7383
vn 0.0037 -0.6084 0.7936
vn 0.9140 -0.2262 0.3368
vn 0.9068 0.2780 -0.3169
vn 0.6089 0.4723 -0.6373
vn -0.0033 0.6004 -0.7997
vn -0.9137 -0.2096 0.3481
vn -0.5817 -0.4932 0.6468
vn 0.5429 -0.6167 0.5700
vn 0.8941 -0.3278 0.3051
vn 0.9990 -0.0363 0.0250
vn -0.5652 0.6018 -0.5643
vn -0.9020 0.3396 -0.2666
vn -0.9996 -0.0228 0.0175
vn -0.8871 -0.3415 0.3106
vn -0.0031 -0.8307 0.5567
vn 0.5317 0.7032 -0.4719
vn -0.0061 0.8275 -0.5614
vn -0.5296 -0.6999 0.4792
vn 0.5109 -0.7461 0.4270
vn 0.8565 -0.4635 0.2272
vn 0.8693 0.4445 -0.2163
vn -0.4872 0.7842 -0.3843
vn -0.8550 -0.4642 0.2312
vn -0.0052 -0.9132 0.4076
vn 0.4620 -0.8309 0.3100
vn 0.4781 0.8218 -0.3099
vn -0.0007 0.9377 -0.3473
vn -0.8507 0.5031 -0.1525
vn -0.9996 -0.0284 0.0064
vn -0.4625 -0.8291 0.3142
vn -0.0057 -0.9690 0.2471
vn 0.8233 -0.5482 0.1468
vn 0.9995 -0.0297 0.0066
vn 0.8359 0.5362 -0.1171
vn -0.4544 0.8639 -0.2175
vn -0.8180 -0.5568 0.1444
vn 0.4294 -0.8852 0.1789
vn 0.4568 0.8681 -0.1941
vn 0.0007 0.9849 -0.1731
vn -0.9992 -0.0401 0.0071
vn -0.4271 -0.8903 0.1579
vn -0.0039 -0.9958 0.0915
vn 0.4131 -0.9073 0.0787
vn 0.8068 -0.5883 0.0539
vn 0.4206 0.9032 -0.0854
vn -0.4161 0.9058 -0.0807
vn -0.8163 0.5761 -0.0429
vn -0.7878 -0.6150 0.0332
vn 0.9972 0.0751 0.0054
vn 0.8520 0.5226 -0.0313
vn -0.0083 0.9986 -0.0517
vn -0.4041 -0.9135 0.0463
vn 0.0070 -1.0000 -0.0057
vn 0.3219 -0.9467 -0.0091
vn 0.7880 -0.6155 0.0139
vn 0.4139 0.9098 -0.0300
vn -0.4747 0.8801 -0.0067
vn -0.8466 0.5322 -0.0022
vn -0.9843 0.1767 -0.0003
vn -0.4221 -0.9063 -0.0215
vn 0.0048 -0.9985 -0.0550
vn 0.9552 0.2955 0.0144
vn -0.6596 -0.7510 -0.0294
vt 0.073114 0.934355
vt 0.071491 0.936849
vt 0.071550 0.932592
vt 0.673561 0.258921
vt 0.671775 0.257657
vt 0.673083 0.255737
vt 0.013655 0.721853
vt 0.012170 0.723473
vt 0.011401 0.722039
vt 0.073104 0.937368
vt 0.670489 0.544957
vt 0.673715 0.571488
vt 0.670489 0.572014
vt 0.670253 0.260755
vt 0.668445 0.259670
vt 0.669907 0.258055
vt 0.684480 0.268865
vt 0.672149 0.260713
vt 0.015734 0.721207
vt 0.015285 0.722840
vt 0.030826 0.737597
vt 0.025709 0.746550
vt 0.013021 0.725313
vt 0.065116 0.968005
vt 0.059077 0.962065
vt 0.063704 0.958372
vt 0.036967 0.745349
vt 0.023822 0.751598
vt 0.673372 0.274893
vt 0.668122 0.272522
vt 0.673257 0.268695
vt 0.039487 0.737954
vt 0.867864 0.598905
vt 0.859541 0.595144
vt 0.862471 0.590728
vt 0.679251 0.278793
vt 0.679312 0.270892
vt 0.037727 0.723280
vt 0.027716 0.732306
vt 0.048019 0.735857
vt 0.864137 0.604280
vt 0.625976 0.839394
vt 0.631415 0.842310
vt 0.624522 0.845158
vt 0.043701 0.724362
vt 0.048409 0.727949
vt 0.871686 0.609790
vt 0.632993 0.833619
vt 0.637277 0.842437
vt 0.056498 0.723369
vt 0.867296 0.616280
vt 0.200564 0.763791
vt 0.208832 0.772061
vt 0.205229 0.775506
vt 0.210237 0.758196
vt 0.216060 0.771830
vt 0.217793 0.763790
vt 0.054451 0.715791
vt 0.873690 0.620082
vt 0.203223 0.750798
vt 0.061197 0.709073
vt 0.199005 0.751222
vt 0.627704 0.819506
vt 0.633661 0.824202
vt 0.627595 0.826344
vt 0.639177 0.817049
vt 0.638909 0.829745
vt 0.045958 0.699123
vt 0.050041 0.710236
vt 0.043677 0.711543
vt 0.057179 0.702431
vt 0.868742 0.638226
vt 0.862951 0.631303
vt 0.868540 0.627173
vt 0.209583 0.747377
vt 0.215115 0.750699
vt 0.633449 0.814731
vt 0.051221 0.695584
vt 0.062088 0.698262
vt 0.862801 0.641458
vt 0.211227 0.737103
vt 0.627023 0.810877
vt 0.208604 0.726792
vt 0.871845 0.660854
vt 0.867354 0.652945
vt 0.874290 0.645958
vt 0.625628 0.802786
vt 0.632232 0.805492
vt 0.054313 0.681169
vt 0.056481 0.673587
vt 0.061042 0.687245
vt 0.858880 0.664535
vt 0.856876 0.656547
vt 0.861674 0.652207
vt 0.216602 0.725361
vt 0.219527 0.732006
vt 0.981602 0.163983
vt 0.975790 0.159660
vt 0.982148 0.155979
vt 0.039836 0.667892
vt 0.048399 0.669415
vt 0.048052 0.681184
vt 0.862163 0.673231
vt 0.854677 0.676111
vt 0.225425 0.714956
vt 0.224357 0.724401
vt 0.975503 0.168293
vt 0.970441 0.165301
vt 0.039556 0.659064
vt 0.048514 0.661261
vt 0.865234 0.680957
vt 0.858323 0.681863
vt 0.229556 0.719223
vt 0.981521 0.172769
vt 0.037711 0.651469
vt 0.867432 0.684994
vt 0.872532 0.673780
vt 0.227676 0.700792
vt 0.222151 0.710040
vt 0.217059 0.708629
vt 0.987039 0.176726
vt 0.986857 0.169945
vt 0.981972 0.181635
vt 0.975688 0.177722
vt 0.025130 0.649900
vt 0.027446 0.645892
vt 0.651672 0.271103
vt 0.646416 0.266345
vt 0.651306 0.261634
vt 0.236599 0.696843
vt 0.239631 0.700662
vt 0.236386 0.708497
vt 0.241347 0.712523
vt 0.234908 0.715346
vt 0.987511 0.184133
vt 0.008225 0.651448
vt 0.028249 0.658130
vt 0.646060 0.283486
vt 0.640255 0.279643
vt 0.646377 0.276356
vt 0.245521 0.706044
vt 0.009348 0.646053
vt 0.017178 0.642528
vt 0.669448 0.255338
vt 0.671412 0.255523
vt 0.008225 0.725056
vt 0.008864 0.723264
vt 0.069595 0.936895
vt 0.069682 0.932379
vt 0.009995 0.727102
vt 0.240958 0.776076
vt 0.244657 0.776112
vt 0.244199 0.777773
vt 0.240899 0.777592
vt 0.544620 0.601836
vt 0.542961 0.603606
vt 0.542961 0.600404
vt 0.241066 0.774188
vt 0.245521 0.774121
vt 0.244636 0.772553
vt 0.241735 0.772515
vt 0.668122 0.257406
vt 0.013330 0.727007
vt 0.063104 0.872490
vt 0.063104 0.850056
vt 0.065167 0.849204
vt 0.069671 0.869123
vt 0.066090 0.847795
vt 0.069667 0.957448
vt 0.705464 0.257899
vt 0.702305 0.281134
vt 0.700931 0.280347
vt 0.700931 0.255338
vt 0.680377 0.545557
vt 0.222897 0.792545
vt 0.222138 0.785710
vt 0.226418 0.781361
vt 0.668643 0.261850
vt 0.026736 0.727950
vt 0.071004 0.966951
vt 0.849279 0.592653
vt 0.854157 0.589121
vt 0.854852 0.598821
vt 0.212684 0.785211
vt 0.684356 0.282598
vt 0.633978 0.853198
vt 0.629214 0.849448
vt 0.073114 0.973229
vt 0.067316 0.974298
vt 0.859053 0.607688
vt 0.673114 0.280345
vt 0.620620 0.842238
vt 0.622192 0.833540
vt 0.627112 0.832845
vt 0.222175 0.771274
vt 0.872224 0.600146
vt 0.876248 0.611277
vt 0.861808 0.618887
vt 0.622772 0.826383
vt 0.215881 0.757226
vt 0.878580 0.624745
vt 0.874553 0.631239
vt 0.622866 0.819545
vt 0.216159 0.741089
vt 0.879008 0.635299
vt 0.199879 0.741201
vt 0.622207 0.809980
vt 0.056752 0.691745
vt 0.878530 0.646334
vt 0.202588 0.730796
vt 0.637261 0.801490
vt 0.042883 0.682810
vt 0.620620 0.801515
vt 0.876427 0.660484
vt 0.865190 0.663357
vt 0.868953 0.671240
vt 0.630298 0.797951
vt 0.987511 0.155055
vt 0.986996 0.162816
vt 0.033562 0.669058
vt 0.971456 0.150865
vt 0.208455 0.719173
vt 0.639835 0.258087
vt 0.645657 0.255338
vt 0.640345 0.266808
vt 0.853684 0.689315
vt 0.849279 0.685194
vt 0.970660 0.178251
vt 0.022840 0.661619
vt 0.635184 0.277340
vt 0.635184 0.268284
vt 0.976427 0.187257
vt 0.971739 0.191545
vt 0.010065 0.657653
vt 0.651534 0.280877
s 1
usemtl Material.011
f 1810/2763/1810 1818/2764/1818 1806/2765/1806
f 1822/2766/1822 1813/2767/1813 1808/2768/1808
f 1823/2769/1823 1816/2770/1816 1815/2771/1815
f 1824/2772/1824 1818/2764/1818 1810/2763/1810
f 1825/2773/1825 1819/2774/1819 1811/2775/1811
f 1827/2776/1827 1823/2777/1823 1814/2778/1814
f 1834/2779/1834 1826/2780/1826 1822/2766/1822
f 1835/2781/1835 1828/2782/1828 1823/2769/1823
f 1836/2783/1836 1829/2784/1829 1817/2785/1817
f 1837/2786/1837 1831/2787/1831 1825/2788/1825
f 1829/2784/1829 1842/2789/1842 1830/2790/1830
f 1845/2791/1845 1840/2792/1840 1839/2793/1839
f 1846/2794/1846 1842/2789/1842 1829/2784/1829
f 1847/2795/1847 1843/2796/1843 1837/2797/1837
f 1850/2798/1850 1845/2791/1845 1838/2799/1838
f 1852/2800/1852 1836/2783/1836 1841/2801/1841
f 1846/2794/1846 1853/2802/1853 1842/2789/1842
f 1847/2795/1847 1854/2803/1854 1843/2796/1843
f 1856/2804/1856 1851/2805/1851 1845/2806/1845
f 1852/2800/1852 1857/2807/1857 1836/2783/1836
f 1858/2808/1858 1853/2802/1853 1846/2794/1846
f 1859/2809/1859 1854/2803/1854 1847/2795/1847
f 1862/2810/1862 1852/2811/1852 1851/2805/1851
f 1858/2808/1858 1863/2812/1863 1853/2802/1853
f 1859/2809/1859 1864/2813/1864 1854/2803/1854
f 1865/2814/1865 1848/2815/1848 1855/2816/1855
f 1848/2815/1848 1866/2817/1866 1849/2818/1849
f 1866/2817/1866 1860/2819/1860 1849/2818/1849
f 1869/2820/1869 1863/2812/1863 1858/2808/1858
f 1870/2821/1870 1864/2813/1864 1859/2809/1859
f 1871/2822/1871 1866/2817/1866 1848/2815/1848
f 1869/2820/1869 1875/2823/1875 1863/2812/1863
f 1878/2824/1878 1871/2822/1871 1865/2814/1865
f 1880/2825/1880 1874/2826/1874 1873/2827/1873
f 1874/2826/1874 1881/2828/1881 1867/2829/1867
f 1881/2830/1881 1868/2831/1868 1867/2832/1867
f 1882/2833/1882 1875/2823/1875 1869/2820/1869
f 1883/2834/1883 1878/2835/1878 1877/2836/1877
f 1884/2837/1884 1879/2838/1879 1866/2817/1866
f 1880/2825/1880 1885/2839/1885 1874/2826/1874
f 1885/2839/1885 1881/2828/1881 1874/2826/1874
f 1881/2830/1881 1886/2840/1886 1868/2831/1868
f 1882/2833/1882 1887/2841/1887 1875/2823/1875
f 1883/2834/1883 1889/2842/1889 1878/2835/1878
f 1871/2822/1871 1890/2843/1890 1884/2837/1884
f 1892/2844/1892 1885/2839/1885 1880/2825/1880
f 1897/2845/1897 1890/2843/1890 1871/2822/1871
f 1902/2846/1902 1895/2847/1895 1888/2848/1888
f 1904/2849/1904 1898/2850/1898 1892/2844/1892
f 1901/2851/1901 1905/2852/1905 1894/2853/1894
f 1907/2854/1907 1897/2855/1897 1896/2856/1896
f 1897/2845/1897 1908/2857/1908 1890/2843/1890
f 1908/2857/1908 1903/2858/1903 1890/2843/1890
f 1914/2859/1914 1909/2860/1909 1904/2861/1904
f 1916/2862/1916 1910/2863/1910 1900/2864/1900
f 1912/2865/1912 1919/2866/1919 1907/2854/1907
f 1921/2867/1921 1913/2868/1913 1908/2857/1908
f 1922/2869/1922 1915/2870/1915 1909/2860/1909
f 1923/2871/1923 1917/2872/1917 1910/2863/1910
f 1918/2873/1918 1924/2874/1924 1912/2865/1912
f 1924/2874/1924 1919/2866/1919 1912/2865/1912
f 1921/2867/1921 1925/2875/1925 1913/2868/1913
f 1926/2876/1926 1922/2869/1922 1914/2859/1914
f 1923/2871/1923 1928/2877/1928 1917/2872/1917
f 1928/2878/1928 1918/2873/1918 1917/2879/1917
f 1931/2880/1931 1920/2881/1920 1919/2882/1919
f 1932/2883/1932 1926/2876/1926 1925/2884/1925
f 1938/2885/1938 1933/2886/1933 1926/2876/1926
f 1935/2887/1935 1939/2888/1939 1928/2877/1928
f 1939/2889/1939 1929/2890/1929 1928/2891/1928
f 1942/2892/1942 1936/2893/1936 1931/2880/1931
f 1937/2894/1937 1943/2895/1943 1932/2896/1932
f 1943/2897/1943 1938/2885/1938 1932/2883/1932
f 1946/2898/1946 1935/2887/1935 1927/2899/1927
f 1948/2900/1948 1941/2901/1941 1940/2902/1940
f 1936/2893/1936 1949/2903/1949 1937/2894/1937
f 1950/2904/1950 1947/2905/1947 1935/2887/1935
f 1803/2906/1803 1809/2907/1809 1813/2767/1813 1814/2778/1814
f 1808/2768/1808 1813/2767/1813 1809/2907/1809
f 1817/2785/1817 1805/2908/1805 1804/2909/1804 1816/2770/1816
f 1811/2910/1811 1801/2911/1801 1806/2765/1806 1818/2764/1818
f 1805/2908/1805 1817/2785/1817 1810/2912/1810
f 1820/2913/1820 1807/2914/1807 1812/2915/1812 1819/2916/1819
f 1811/2917/1811 1819/2918/1819 1812/2919/1812
f 1821/2920/1821 1802/2921/1802 1807/2914/1807 1820/2913/1820
f 1808/2922/1808 1802/2921/1802 1821/2920/1821 1822/2923/1822
f 1814/2778/1814 1813/2767/1813 1826/2780/1826 1827/2776/1827
f 1814/2778/1814 1823/2777/1823 1815/2924/1815
f 1817/2785/1817 1824/2925/1824 1810/2912/1810
f 1822/2766/1822 1826/2780/1826 1813/2767/1813
f 1830/2926/1830 1818/2927/1818 1824/2928/1824 1829/2929/1829
f 1823/2769/1823 1828/2782/1828 1816/2770/1816
f 1816/2770/1816 1828/2782/1828 1817/2785/1817
f 1817/2930/1817 1829/2929/1829 1824/2928/1824
f 1811/2910/1811 1818/2764/1818 1830/2931/1830 1825/2788/1825
f 1832/2932/1832 1820/2933/1820 1819/2934/1819 1831/2935/1831
f 1825/2773/1825 1831/2936/1831 1819/2774/1819
f 1821/2920/1821 1820/2913/1820 1832/2937/1832 1833/2938/1833
f 1822/2923/1822 1821/2920/1821 1833/2938/1833 1834/2939/1834
f 1839/2793/1839 1827/2776/1827 1826/2780/1826 1838/2799/1838
f 1827/2776/1827 1835/2940/1835 1823/2777/1823
f 1828/2782/1828 1836/2783/1836 1817/2785/1817
f 1834/2779/1834 1838/2799/1838 1826/2780/1826
f 1835/2940/1835 1827/2776/1827 1839/2793/1839 1840/2792/1840
f 1841/2801/1841 1828/2782/1828 1835/2781/1835 1840/2941/1840
f 1825/2788/1825 1830/2931/1830 1842/2942/1842 1837/2786/1837
f 1828/2782/1828 1841/2801/1841 1836/2783/1836
f 1832/2943/1832 1831/2944/1831 1843/2796/1843 1844/2945/1844
f 1837/2797/1837 1843/2796/1843 1831/2944/1831
f 1849/2818/1849 1834/2939/1834 1833/2938/1833 1848/2815/1848
f 1832/2937/1832 1844/2946/1844 1833/2938/1833
f 1838/2799/1838 1845/2791/1845 1839/2793/1839
f 1836/2783/1836 1846/2794/1846 1829/2784/1829
f 1844/2946/1844 1848/2815/1848 1833/2938/1833
f 1838/2799/1838 1834/2779/1834 1849/2947/1849 1850/2798/1850
f 1852/2811/1852 1841/2948/1841 1840/2949/1840 1851/2805/1851
f 1845/2806/1845 1851/2805/1851 1840/2949/1840
f 1837/2786/1837 1842/2942/1842 1853/2950/1853 1847/2951/1847
f 1844/2945/1844 1843/2796/1843 1854/2803/1854 1855/2952/1855
f 1846/2794/1846 1836/2783/1836 1857/2807/1857 1858/2808/1858
f 1844/2946/1844 1855/2816/1855 1848/2815/1848
f 1850/2798/1850 1856/2953/1856 1845/2791/1845
f 1856/2804/1856 1850/2954/1850 1860/2955/1860 1861/2956/1861
f 1849/2818/1849 1860/2819/1860 1850/2957/1850
f 1862/2810/1862 1851/2805/1851 1856/2804/1856 1861/2956/1861
f 1847/2795/1847 1853/2958/1853 1863/2959/1863 1859/2809/1859
f 1855/2952/1855 1854/2803/1854 1864/2813/1864 1865/2960/1865
f 1857/2807/1857 1852/2800/1852 1867/2832/1867 1868/2831/1868
f 1862/2810/1862 1867/2829/1867 1852/2811/1852
f 1869/2820/1869 1858/2808/1858 1857/2807/1857 1868/2831/1868
f 1861/2956/1861 1860/2955/1860 1872/2961/1872 1873/2827/1873
f 1865/2814/1865 1871/2822/1871 1848/2815/1848
f 1866/2817/1866 1872/2962/1872 1860/2819/1860
f 1862/2810/1862 1861/2956/1861 1873/2827/1873 1874/2826/1874
f 1870/2821/1870 1859/2809/1859 1863/2959/1863 1875/2963/1875
f 1862/2810/1862 1874/2826/1874 1867/2829/1867
f 1877/2836/1877 1864/2813/1864 1870/2821/1870 1876/2964/1876
f 1865/2960/1865 1864/2813/1864 1877/2836/1877 1878/2835/1878
f 1873/2827/1873 1872/2961/1872 1879/2965/1879 1880/2825/1880
f 1866/2817/1866 1879/2838/1879 1872/2962/1872
f 1891/2966/1891 1879/2838/1879 1884/2837/1884 1890/2843/1890
f 1868/2831/1868 1882/2833/1882 1869/2820/1869
f 1875/2963/1875 1876/2964/1876 1870/2821/1870
f 1876/2964/1876 1883/2834/1883 1877/2836/1877
f 1871/2822/1871 1884/2837/1884 1866/2817/1866
f 1868/2831/1868 1886/2840/1886 1882/2833/1882
f 1875/2963/1875 1887/2967/1887 1876/2964/1876
f 1876/2964/1876 1888/2848/1888 1883/2834/1883
f 1878/2824/1878 1889/2968/1889 1871/2822/1871
f 1880/2825/1880 1879/2965/1879 1891/2969/1891 1892/2844/1892
f 1887/2841/1887 1882/2833/1882 1893/2970/1893 1894/2853/1894
f 1886/2840/1886 1893/2970/1893 1882/2833/1882
f 1888/2848/1888 1876/2964/1876 1887/2967/1887 1894/2971/1894
f 1889/2842/1889 1883/2834/1883 1895/2847/1895 1896/2856/1896
f 1888/2848/1888 1895/2847/1895 1883/2834/1883
f 1897/2845/1897 1871/2822/1871 1889/2968/1889 1896/2972/1896
f 1899/2973/1899 1881/2828/1881 1885/2839/1885 1898/2850/1898
f 1892/2844/1892 1898/2850/1898 1885/2839/1885
f 1886/2840/1886 1881/2830/1881 1899/2974/1899 1900/2864/1900
f 1893/2970/1893 1886/2840/1886 1900/2864/1900 1901/2851/1901
f 1904/2849/1904 1892/2844/1892 1891/2969/1891 1903/2975/1903
f 1893/2970/1893 1901/2851/1901 1894/2853/1894
f 1890/2843/1890 1903/2858/1903 1891/2966/1891
f 1888/2848/1888 1894/2971/1894 1905/2976/1905 1902/2846/1902
f 1896/2856/1896 1895/2847/1895 1906/2977/1906 1907/2854/1907
f 1902/2846/1902 1906/2977/1906 1895/2847/1895
f 1906/2977/1906 1902/2846/1902 1911/2978/1911 1912/2865/1912
f 1904/2849/1904 1909/2979/1909 1898/2850/1898
f 1898/2850/1898 1909/2979/1909 1899/2973/1899
f 1900/2864/1900 1910/2863/1910 1901/2851/1901
f 1901/2851/1901 1910/2863/1910 1905/2852/1905
f 1904/2861/1904 1903/2980/1903 1913/2981/1913 1914/2859/1914
f 1906/2977/1906 1912/2865/1912 1907/2854/1907
f 1908/2857/1908 1913/2868/1913 1903/2858/1903
f 1916/2862/1916 1900/2864/1900 1899/2974/1899 1915/2982/1915
f 1909/2860/1909 1915/2870/1915 1899/2983/1899
f 1902/2846/1902 1905/2976/1905 1917/2879/1917 1911/2978/1911
f 1910/2863/1910 1917/2872/1917 1905/2852/1905
f 1897/2845/1897 1907/2984/1907 1919/2882/1919 1920/2881/1920
f 1911/2978/1911 1918/2873/1918 1912/2865/1912
f 1921/2867/1921 1908/2857/1908 1897/2845/1897 1920/2881/1920
f 1914/2859/1914 1913/2981/1913 1925/2884/1925 1926/2876/1926
f 1914/2859/1914 1922/2869/1922 1909/2860/1909
f 1916/2862/1916 1923/2871/1923 1910/2863/1910
f 1917/2879/1917 1918/2873/1918 1911/2978/1911
f 1924/2985/1924 1918/2986/1918 1929/2890/1929 1930/2987/1930
f 1915/2982/1915 1927/2899/1927 1916/2862/1916
f 1916/2862/1916 1927/2899/1927 1923/2871/1923
f 1919/2866/1919 1924/2874/1924 1930/2988/1930 1931/2989/1931
f 1915/2870/1915 1922/2869/1922 1933/2886/1933 1934/2990/1934
f 1921/2867/1921 1932/2896/1932 1925/2875/1925
f 1926/2876/1926 1933/2886/1933 1922/2869/1922
f 1921/2867/1921 1920/2881/1920 1936/2893/1936 1937/2894/1937
f 1915/2982/1915 1934/2991/1934 1927/2899/1927
f 1927/2899/1927 1935/2887/1935 1923/2871/1923
f 1923/2871/1923 1935/2887/1935 1928/2877/1928
f 1928/2891/1928 1929/2890/1929 1918/2986/1918
f 1931/2880/1931 1936/2893/1936 1920/2881/1920
f 1930/2987/1930 1929/2890/1929 1940/2902/1940 1941/2901/1941
f 1921/2867/1921 1937/2894/1937 1932/2896/1932
f 1932/2883/1932 1938/2885/1938 1926/2876/1926
f 1942/2992/1942 1931/2993/1931 1930/2987/1930 1941/2901/1941
f 1934/2990/1934 1933/2886/1933 1944/2994/1944 1945/2995/1945
f 1938/2885/1938 1944/2994/1944 1933/2886/1933
f 1946/2898/1946 1927/2899/1927 1934/2991/1934 1945/2996/1945
f 1929/2890/1929 1939/2889/1939 1947/2997/1947 1940/2902/1940
f 1935/2887/1935 1947/2905/1947 1939/2888/1939
f 1947/2997/1947 1948/2900/1948 1940/2902/1940
o Plane
v 6.457732 2.458344 0.032334
v 3.141006 2.505898 -3.209363
v 3.388696 2.713786 3.408434
v 3.573960 2.904203 3.386295
v 3.802889 3.127852 3.282483
v 4.016919 3.347077 3.007443
v 4.211983 3.526526 2.924580
v 4.321263 3.637277 3.008545
v 4.474339 3.820708 3.169614
v 4.617890 3.974452 3.269238
v 4.797132 4.048825 3.164956
v 4.874760 4.003228 2.980801
v 4.966593 3.941758 2.736423
v 5.220357 3.888468 2.659765
v 5.961790 3.879600 2.916374
v 6.003850 3.875794 2.859254
v 5.659694 3.860614 2.122545
v 5.717095 3.906492 1.880513
v 6.151258 4.020690 1.760510
v 6.349432 4.024990 1.621601
v 6.319202 3.879221 1.457596
v 6.016388 3.402422 1.049966
v 5.953340 3.238194 0.888699
v 5.945934 3.076920 0.720946
v 6.001327 2.861981 0.499903
v 2.996731 2.651677 -3.101014
v 2.627899 3.038460 -2.803955
v 2.524290 3.309076 -2.746842
v 2.395756 3.494390 -2.721648
v 2.093463 3.573983 -2.839398
v 1.864496 3.871393 -3.085050
v 1.470036 3.950773 -2.680636
v 1.048123 3.849924 -2.897293
v 0.645790 3.890780 -2.861515
v 0.317083 3.878056 -2.738535
v 0.422360 3.890074 -2.568338
v 0.412803 3.810060 -2.242881
v 0.606923 3.902553 -1.644709
v 0.388317 3.959318 -1.587767
v 0.006891 3.991518 -1.377245
v 0.231246 3.623915 -1.039409
v 0.400952 3.376218 -0.811592
v 0.442978 3.216382 -0.647660
v 0.383785 2.945531 -0.371228
v 0.081827 2.423507 0.108039
v -0.059197 2.846897 0.473858
v -0.044919 3.096637 0.722639
v 0.270502 3.742740 1.440642
v 0.228530 4.093847 1.937208
v 0.431931 4.052599 2.055715
v 0.336088 3.853065 2.388269
v 0.282396 3.904471 2.877872
v 0.114563 3.793047 3.299677
v 0.523669 3.818318 3.264944
v 0.711483 3.853812 3.209005
v 1.467267 3.753562 2.862059
v 1.571724 3.904293 3.022202
v 2.102542 3.523333 2.952623
v 2.258176 3.374084 2.864776
v 2.512622 3.139198 2.922522
v 3.164130 2.476521 3.397263
v 6.407063 2.938171 -0.312176
v 6.402311 3.124137 -0.494056
v 6.321132 3.224819 -0.608784
v 6.112264 3.364083 -0.769085
v 6.039296 3.506386 -0.931375
v 6.110293 3.634228 -1.056643
v 6.254131 3.825675 -1.214155
v 6.307250 3.973120 -1.366398
v 6.139230 4.003473 -1.523870
v 5.921446 3.938511 -1.574229
v 5.748857 3.771052 -1.706485
v 5.635239 3.778777 -2.115077
v 5.903275 3.898392 -2.745854
v 5.877477 3.896184 -2.793159
v 5.317524 3.853435 -2.669667
v 5.112176 3.809925 -2.588831
v 4.932507 4.003809 -2.730017
v 4.829625 4.052041 -2.926857
v 4.637697 3.966214 -3.030501
v 4.508766 3.826454 -2.935158
v 4.324430 3.706769 -2.740768
v 4.137666 3.621301 -2.691933
v 3.904820 3.468126 -2.769276
v 3.811730 3.159293 -3.080555
v 3.635115 2.995248 -3.175373
v 3.417505 2.783891 -3.215606
v 2.918243 2.722361 3.231094
v 2.625247 3.443863 2.927646
v 1.861797 3.804981 3.257457
v 1.680798 3.923258 3.226885
v 1.495055 4.042360 2.528139
v 1.301818 4.059370 2.332162
v 0.930705 4.147254 2.155746
v 0.722150 4.199696 2.067644
v 0.114879 4.044253 1.780809
v 0.146156 3.892550 1.599883
v 0.401493 3.595044 1.274481
v 0.390038 3.449705 1.097838
v 0.047901 3.207193 0.843913
v -0.023107 3.260698 0.558870
v -0.016312 3.094234 0.396446
v 3.280231 2.935472 3.348906
v 2.544512 3.706508 2.870508
v 2.365842 3.819224 2.880416
v 2.227293 3.928047 2.981993
v 1.736046 4.169818 2.962979
v 1.717700 4.281505 2.683714
v 1.066640 4.420368 2.092415
v 0.394434 4.342967 1.750442
v 0.249710 4.247166 1.317625
v 0.184927 4.038762 1.465703
v 0.362034 3.809064 0.830814
v 0.057171 3.580319 0.562613
v 0.017424 3.422486 0.396465
v 0.044649 3.086802 0.249060
v 3.275801 3.322221 3.292619
v 3.148623 3.447636 3.222819
v 2.706173 3.858729 2.918963
v 2.551645 4.048101 2.862686
v 2.383637 4.200571 2.913823
v 2.329381 4.427412 3.000829
v 2.012197 4.386767 3.002650
v 1.934303 4.660836 2.635896
v 1.594603 4.315551 2.447502
v 1.459029 4.717172 2.158326
v 1.089815 4.562045 2.018189
v 0.955362 4.575706 1.917839
v 0.824169 4.587026 1.788317
v 0.400037 4.490716 1.389862
v 0.324406 4.283569 1.005097
v 0.421026 4.169526 0.832138
v 0.329538 4.006788 0.680819
v 0.164362 3.888041 0.548428
v 0.073535 3.748180 0.402144
v 0.088560 3.600176 0.215461
v 3.642677 3.296656 3.291701
v 3.479244 3.462161 3.282999
v 3.313979 3.621869 3.246814
v 3.147518 3.794190 3.165012
v 2.699634 4.184326 2.897779
v 2.528109 4.377869 2.872434
v 2.380095 4.525303 2.974128
v 2.194593 4.609298 2.861868
v 1.697513 4.692879 2.384782
v 1.213205 4.735690 1.938135
v 0.741690 4.662062 1.522720
v 0.404663 4.573564 1.058522
v 0.361738 4.469938 0.872117
v 0.409807 4.325280 0.697966
v 0.153011 4.069252 0.410646
v 0.124077 3.910555 0.243206
v 0.164443 3.739871 0.090415
v 0.322251 3.283557 -0.194544
v 0.383677 3.224787 -0.326248
v 3.620410 3.613651 3.185922
v 3.475821 3.781409 3.197293
v 3.312677 3.946639 3.182528
v 3.154619 4.099587 3.107940
v 3.017438 4.315114 2.998028
v 2.673225 4.552966 2.921266
v 2.501984 4.706245 2.891850
v 1.083410 4.800968 1.484627
v 0.619114 4.762253 1.017344
v 0.537303 4.744533 0.924634
v 0.492293 4.610568 0.740480
v 0.342971 4.519058 0.587439
v 0.260188 4.363369 0.419276
v 0.201596 4.233061 0.253007
v 0.191443 4.070198 0.087918
v 0.269566 3.896091 -0.045537
v 0.340460 3.639663 -0.195285
v 0.403793 3.553892 -0.330399
v 0.436929 3.384602 -0.486761
v 3.749582 3.730396 3.025501
v 3.448919 4.093428 3.096427
v 3.313261 4.269583 3.100953
v 3.157057 4.420004 3.018423
v 2.993787 4.579629 2.967384
v 2.829032 4.724825 2.893386
v 2.662435 4.784673 2.741786
v 2.039612 4.787147 2.457878
v 1.468129 4.837806 1.889323
v 0.601629 4.797864 0.690017
v 0.410196 4.681948 0.432403
v 0.242205 4.373723 0.133671
v 0.403937 3.956915 -0.274770
v 0.440591 3.714242 -0.494927
v 0.434045 3.594677 -0.663445
v 4.008835 3.744761 2.899109
v 3.733875 4.064339 2.920701
v 3.451616 4.403317 2.972188
v 3.313501 4.595195 2.994542
v 3.154742 4.745736 2.905172
v 2.986646 4.829151 2.760940
v 2.491434 4.886902 2.259518
v 1.021812 4.887250 0.780489
v 0.532989 4.811930 0.299610
v 0.383598 4.743712 0.105415
v 0.323523 4.555797 -0.052563
v 0.314897 4.379631 -0.204574
v 0.422265 4.043682 -0.506967
v 4.070514 4.018729 2.909009
v 3.918717 4.193967 2.888727
v 3.636662 4.575902 2.920835
v 3.318902 4.836408 2.765414
v 2.506104 4.900134 2.137236
v 1.648705 4.900128 1.444974
v 0.517375 4.827076 -0.051265
v 0.403707 4.703208 -0.214703
v 0.334820 4.540406 -0.368296
v 0.388314 4.372094 -0.519653
v 0.391160 4.360074 -0.518290
v 0.361389 4.026114 -0.828505
v 0.324936 3.818264 -0.892337
v 4.197237 4.159567 2.994392
v 4.091909 4.346097 2.917794
v 3.940012 4.520404 2.940034
v 3.799752 4.698348 2.887176
v 3.720314 4.759353 2.806894
v 3.178193 4.886470 2.475410
v 1.146004 4.903135 0.601784
v 0.780142 4.882732 0.133349
v 0.689360 4.847002 -0.215352
v 0.532106 4.802649 -0.380816
v 0.454752 4.647200 -0.535245
v 0.322642 4.524714 -0.681829
v 0.213318 4.314563 -1.080509
v 0.074770 3.813565 -1.185788
v 4.146777 4.620058 2.924857
v 3.981101 4.766479 2.753678
v 0.693719 4.828464 -0.545984
v 0.492908 4.749861 -0.752646
v 0.284245 4.507466 -0.995646
v 0.196023 4.354067 -1.125209
v 4.480481 4.525534 2.867260
v 3.164667 4.932365 1.609844
v 0.796712 4.805967 -0.908016
v 0.437696 4.548470 -1.206610
v 0.156716 4.024040 -1.526854
v 4.693316 4.383084 2.780568
v 4.590948 4.573387 2.694050
v 4.323277 4.809391 2.391071
v 3.641903 4.895172 2.326178
v 1.035559 4.831361 -1.213186
v 0.613556 4.557242 -1.309908
v 0.541593 4.353540 -1.395372
v 4.901875 4.106973 2.610444
v 4.706747 4.559402 2.490032
v 4.540255 4.724286 2.495689
v 2.452952 4.937315 0.944194
v 1.661431 4.931577 0.141241
v 1.000800 4.896551 -0.398893
v 1.621383 4.900790 -1.212669
v 0.707290 4.722402 -1.203840
v 0.792779 4.521532 -1.396928
v 0.675726 4.002133 -1.601560
v 5.004093 4.120099 2.461882
v 1.042599 4.746615 -1.515063
v 0.874608 4.089873 -1.687492
v 5.163621 4.120598 2.293283
v 5.010130 4.526990 2.210063
v 4.938581 4.755645 2.099168
v 1.140988 4.443008 -1.848224
v 1.011319 4.106825 -1.874738
v 5.303537 4.109025 2.108209
v 5.172553 4.333807 2.183752
v 4.508085 4.899251 1.703245
v 1.278103 4.756371 -1.767462
v 1.124703 4.141242 -2.091033
v 5.452760 4.111192 1.934386
v 5.239370 4.752586 1.799541
v 4.926748 4.845361 1.807307
v 2.417369 4.937401 -0.710228
v 5.629109 4.113537 1.798919
v 5.508416 4.534377 1.657584
v 5.445302 4.749033 1.594009
v 5.292336 4.826924 1.437266
v 3.818975 4.939457 0.928031
v 1.406075 4.848848 -1.589674
v 1.798760 4.729184 -2.244396
v 1.429748 4.107102 -2.363420
v 1.460440 4.109923 -2.391948
v 5.715562 4.568597 1.558491
v 5.608157 4.729969 1.429876
v 5.997782 4.307541 1.601680
v 5.864685 4.562500 1.450669
v 5.767200 4.697849 1.263888
v 3.148056 4.933034 -1.363734
v 2.536850 4.896636 -1.999593
v 2.112570 4.793238 -2.298362
v 1.982928 4.652867 -2.532269
v 1.859754 4.548095 -2.544039
v 1.559227 4.025042 -2.938511
v 6.052828 4.533099 1.243321
v 5.924334 4.661852 1.096655
v 5.780410 4.762173 0.942527
v 5.637945 4.788122 1.050813
v 5.331532 4.889684 0.754381
v 5.178188 4.900425 0.786936
v 2.349738 4.768105 -2.507937
v 2.200959 4.659823 -2.650889
v 2.031800 4.459261 -2.814318
v 1.667696 4.027212 -3.078533
v 6.021810 4.389015 1.064836
v 6.016541 4.548552 0.915894
v 5.933934 4.714036 0.774554
v 5.784968 4.794075 0.614535
v 4.686101 4.931975 0.111829
v 3.942297 4.937465 -0.664306
v 3.207648 4.887574 -2.222594
v 2.676592 4.805619 -2.512576
v 2.515450 4.741158 -2.668174
v 2.386071 4.570551 -2.759912
v 2.210782 4.342047 -2.867479
v 5.968554 4.265600 0.946116
v 5.989259 4.563372 0.606422
v 5.929713 4.723067 0.446953
v 5.844416 4.809314 0.278714
v 5.593066 4.877391 0.123639
v 3.041903 4.840609 -2.550225
v 2.842677 4.750447 -2.667343
v 2.682146 4.584131 -2.704397
v 2.529865 4.411482 -2.670628
v 2.381264 4.241699 -2.726783
v 2.267272 3.844994 -2.766095
v 5.955479 3.713687 0.867253
v 5.936590 4.137789 0.672182
v 5.964763 4.470431 0.732377
v 6.015451 4.576708 0.286468
v 5.964361 4.749877 0.125741
v 5.796758 4.820379 -0.034658
v 5.630070 4.845080 -0.200374
v 5.315538 4.896031 -0.444379
v 4.615996 4.898451 -1.365519
v 3.260396 4.827338 -2.558689
v 3.163310 4.757515 -2.673291
v 2.562547 4.132150 -2.684547
v 2.385990 3.912070 -2.709896
v 5.929785 3.735013 0.736337
v 5.938991 3.904519 0.576814
v 6.009042 4.226005 0.349550
v 6.087717 4.423957 0.113355
v 5.927079 4.708135 -0.192295
v 5.785680 4.782110 -0.362049
v 3.722627 4.897731 -2.037088
v 3.655427 4.791235 -2.506443
v 3.488854 4.734274 -2.659534
v 3.324412 4.606729 -2.762470
v 3.138897 4.511403 -2.786956
v 2.970922 4.318814 -2.776316
v 2.708599 3.923976 -2.724737
v 2.554214 3.751541 -2.701140
v 2.394442 3.582545 -2.711230
v 5.935681 3.405919 0.728169
v 5.950114 3.574995 0.568715
v 6.009408 3.868517 0.399905
v 6.145563 4.091301 0.142438
v 6.139120 4.255201 -0.021716
v 6.021452 4.386285 -0.173025
v 5.920447 4.676104 -0.519502
v 5.792419 4.754560 -0.671647
v 5.404006 4.816098 -1.083605
v 4.929324 4.845364 -1.575265
v 3.953384 4.766091 -2.519961
v 3.816715 4.712461 -2.654673
v 3.644206 4.568751 -2.711553
v 3.322125 4.331755 -2.855683
v 2.892061 4.083921 -2.794551
v 2.645724 3.537194 -2.741187
v 5.966516 3.245919 0.562128
v 6.215502 3.931986 -0.011757
v 6.146746 4.080997 -0.176273
v 5.951614 4.552244 -0.357103
v 5.917336 4.632504 -0.837297
v 5.767644 4.680147 -1.008552
v 5.612987 4.720284 -1.176730
v 5.384826 4.730236 -1.370869
v 4.983760 4.748590 -1.820332
v 4.126679 4.636161 -2.635410
v 3.941933 4.532712 -2.732314
v 3.776977 4.383751 -2.664693
v 3.613934 4.242947 -2.752181
v 3.476885 4.115810 -2.890534
v 3.285971 4.013036 -2.948402
v 2.742796 3.309304 -2.811647
v 6.027400 3.340884 0.401840
v 6.233709 3.666423 0.034159
v 6.258453 3.749089 -0.194516
v 5.996756 4.081154 -0.438305
v 5.956162 4.172063 -0.638876
v 5.998465 4.413221 -0.869941
v 5.693663 4.528078 -1.280078
v 5.489498 4.499217 -1.386567
v 5.112509 4.744566 -1.685823
v 4.340736 4.635743 -2.526521
v 4.259190 4.481452 -2.749015
v 3.927919 4.207183 -2.677621
v 3.478005 3.801357 -2.993289
v 3.297170 3.662197 -3.023896
v 6.271358 3.599917 -0.332278
v 6.122468 3.717807 -0.466617
v 5.995416 3.999586 -0.790213
v 6.076480 4.157448 -0.940647
v 6.046871 4.457330 -0.998162
v 5.883168 4.502166 -1.212603
v 5.350503 4.447075 -1.564490
v 5.210588 4.429328 -1.797787
v 5.163902 4.365008 -2.016025
v 4.961229 4.490672 -2.124877
v 4.539771 4.709866 -2.226995
v 4.556295 4.495259 -2.496812
v 4.387932 4.316060 -2.851194
v 4.110516 4.283334 -2.804167
v 4.077513 4.031191 -2.706385
v 3.865129 3.930846 -2.706736
v 3.581961 3.872223 -2.907065
v 3.475585 3.481831 -3.077910
v 3.266232 3.389547 -3.064539
v 6.289075 3.279699 -0.050336
v 6.334917 3.408102 -0.223313
v 5.993870 3.779457 -0.704921
v 5.983420 4.291601 -1.350204
v 5.599490 4.035837 -1.579316
v 5.440566 4.076066 -1.683890
v 5.319629 4.107332 -1.880156
v 5.254395 4.165602 -2.095536
v 5.119592 4.179830 -2.284485
v 4.947236 4.157206 -2.438838
v 4.513780 4.143641 -2.944674
v 3.648209 3.606266 -2.984427
v 3.636859 3.314718 -3.093165
v 3.472450 3.159297 -3.147522
v 3.241510 3.030090 -3.124270
vn 0.8865 0.1855 0.4238
vn -0.3547 0.2245 -0.9076
vn -0.1692 0.1775 0.9695
vn -0.0073 0.1831 0.9831
vn 0.3923 0.2724 0.8786
vn 0.4442 0.3198 0.8369
vn -0.1270 -0.0025 0.9919
vn -0.4836 -0.1398 0.8641
vn -0.5886 -0.0431 0.8073
vn -0.1765 0.3501 0.9199
vn 0.4901 0.6354 0.5966
vn 0.7805 0.5614 0.2752
vn 0.6662 0.6391 0.3844
vn 0.0978 0.8286 0.5512
vn 0.1666 0.9668 0.1936
vn 0.2855 0.9566 0.0579
vn 0.6052 0.7941 0.0558
vn 0.4304 0.6046 0.6703
vn 0.2883 0.5773 0.7640
vn 0.8426 0.5218 0.1335
vn 0.8720 0.1212 -0.4742
vn 0.9367 -0.0051 -0.3500
vn 0.9948 0.0076 -0.1018
vn 0.9861 0.0363 0.1620
vn 0.8410 0.0768 0.5355
vn 0.3673 0.7610 -0.5348
vn -0.4025 0.1743 -0.8987
vn -0.2213 0.1158 -0.9683
vn 0.0779 0.0669 -0.9947
vn 0.5129 -0.0846 -0.8542
vn 0.4286 0.0795 -0.9000
vn -0.6149 0.7146 -0.3336
vn -0.0706 0.8907 -0.4491
vn -0.0854 0.9526 -0.2920
vn -0.1867 0.9684 -0.1652
vn -0.3869 0.9211 0.0439
vn -0.4806 0.8765 0.0286
vn -0.4290 0.7703 -0.4719
vn -0.1093 0.4477 -0.8875
vn -0.8859 0.4639 -0.0026
vn -0.8223 -0.0957 0.5609
vn -0.9597 -0.0407 0.2782
vn -0.9989 0.0265 -0.0376
vn -0.9156 0.0712 -0.3958
vn -0.8873 0.0571 -0.4577
vn -0.9557 0.0587 -0.2883
vn -0.9590 0.2632 0.1047
vn -0.7332 0.1056 -0.6718
vn -0.5547 0.6707 0.4923
vn -0.3833 0.7082 0.5929
vn -0.4132 0.8962 0.1612
vn -0.0663 0.9594 0.2742
vn -0.0132 0.9657 0.2595
vn -0.0545 0.9771 0.2058
vn -0.0909 0.9694 0.2282
vn -0.3145 0.7618 0.5664
vn -0.8147 0.5204 0.2557
vn 0.4144 -0.1670 0.8946
vn 0.0097 0.0096 0.9999
vn -0.3770 0.1419 0.9153
vn -0.3428 0.1838 0.9213
vn 0.9692 0.1690 0.1793
vn 0.9606 0.2777 -0.0081
vn 0.8396 0.4131 -0.3527
vn 0.8409 0.3780 -0.3873
vn 0.9917 0.0848 0.0967
vn 0.8966 -0.0685 0.4374
vn 0.8748 0.0448 0.4824
vn 0.8880 0.4590 -0.0292
vn 0.3473 0.6147 -0.7082
vn 0.1289 0.5133 -0.8485
vn 0.5050 0.6673 -0.5474
vn 0.7730 0.6256 0.1053
vn 0.4912 0.8672 0.0823
vn 0.2848 0.9463 -0.1529
vn 0.0196 0.8083 -0.5885
vn 0.3136 0.6560 -0.6865
vn 0.7349 0.6062 -0.3040
vn 0.5019 0.6765 -0.5390
vn -0.2204 0.2957 -0.9295
vn -0.5069 -0.1158 -0.8542
vn -0.3654 -0.1914 -0.9109
vn 0.1320 0.0421 -0.9904
vn 0.5802 0.2764 -0.7661
vn 0.3799 0.3104 -0.8714
vn 0.0387 0.2207 -0.9746
vn -0.1709 0.1956 -0.9657
vn -0.4278 0.1685 0.8880
vn -0.3607 0.1254 0.9242
vn 0.3333 0.1134 0.9360
vn -0.3858 0.5516 0.7395
vn -0.3365 0.7592 0.5572
vn -0.3199 0.7431 0.5878
vn -0.2816 0.7532 0.5944
vn -0.4091 0.7224 0.5575
vn -0.8609 0.5024 0.0799
vn -0.9451 -0.0899 -0.3142
vn -0.9823 -0.1095 -0.1522
vn -0.9166 0.1944 0.3494
vn -0.8481 0.3536 0.3946
vn -0.9811 0.1928 0.0130
vn -0.9661 0.0836 -0.2441
vn -0.2484 0.1595 0.9554
vn -0.1326 0.0333 0.9906
vn 0.2759 -0.1020 0.9558
vn 0.5521 -0.1730 0.8156
vn -0.7255 0.5804 0.3697
vn -0.7340 0.5474 0.4020
vn -0.3965 0.4169 0.8179
vn -0.5647 0.7243 0.3955
vn -0.9318 0.3451 -0.1128
vn -0.9617 0.0639 -0.2664
vn -0.8717 0.2621 0.4141
vn -0.9125 0.2957 0.2828
vn -0.9819 0.1432 -0.1241
vn -0.9086 0.0591 -0.4134
vn -0.2018 0.1581 0.9666
vn -0.3711 0.1549 0.9156
vn -0.3567 0.0642 0.9320
vn 0.0140 -0.0127 0.9998
vn 0.4095 -0.1118 0.9054
vn 0.2715 0.1759 0.9462
vn -0.2888 0.5683 0.7705
vn -0.4724 0.7118 0.5198
vn -0.6834 0.3837 0.6211
vn -0.4385 0.6683 0.6009
vn -0.4756 0.5316 0.7009
vn -0.4338 0.6446 0.6295
vn -0.4466 0.7353 0.5097
vn -0.7087 0.6784 0.1936
vn -0.9677 0.0042 -0.2520
vn -0.9999 -0.0071 0.0111
vn -0.8271 0.2494 0.5037
vn -0.8433 0.3193 0.4322
vn -0.9747 0.2233 0.0126
vn -0.9367 0.0940 -0.3373
vn 0.2258 0.2552 0.9402
vn 0.0839 0.2386 0.9675
vn -0.0963 0.1978 0.9755
vn -0.3265 0.1598 0.9316
vn -0.2408 0.0162 0.9704
vn 0.1189 -0.0815 0.9896
vn 0.0611 0.3316 0.9414
vn -0.2773 0.7066 0.6511
vn -0.5183 0.6253 0.5834
vn -0.4017 0.8092 0.4288
vn -0.4384 0.8441 0.3088
vn -0.8245 0.5644 0.0409
vn -0.9662 0.2471 -0.0736
vn -0.9760 0.0956 0.1958
vn -0.9263 0.2894 0.2412
vn -0.9683 0.1728 -0.1805
vn -0.8905 0.0644 -0.4505
vn -0.8861 0.0554 -0.4602
vn -0.9429 0.0658 -0.3266
vn 0.4300 0.3280 0.8411
vn 0.2745 0.2901 0.9168
vn -0.0154 0.2402 0.9706
vn -0.2413 0.2231 0.9445
vn -0.2807 0.1514 0.9478
vn -0.0732 0.1698 0.9828
vn -0.0936 0.6592 0.7461
vn -0.2590 0.9493 0.1783
vn -0.3917 0.8955 0.2113
vn -0.6144 0.7846 0.0827
vn -0.8641 0.4980 0.0728
vn -0.9075 0.3249 0.2662
vn -0.9200 0.2999 0.2523
vn -0.9603 0.2776 -0.0263
vn -0.9148 0.1598 -0.3709
vn -0.8552 0.0973 -0.5092
vn -0.8925 0.0464 -0.4487
vn -0.9537 0.0371 -0.2986
vn -0.9916 0.0283 -0.1262
vn 0.5062 0.3119 0.8041
vn 0.3532 0.3035 0.8850
vn 0.1157 0.2966 0.9480
vn -0.1078 0.2560 0.9607
vn -0.1277 0.3268 0.9364
vn -0.1124 0.6362 0.7633
vn -0.1187 0.8884 0.4435
vn -0.2068 0.9182 0.3378
vn -0.2132 0.9509 0.2245
vn -0.5040 0.8561 0.1141
vn -0.7795 0.5972 0.1889
vn -0.9657 0.2339 -0.1123
vn -0.9574 -0.0178 -0.2883
vn -0.9932 -0.0129 -0.1159
vn -0.9821 -0.0350 0.1853
vn 0.0788 0.1324 0.9881
vn 0.3040 0.1674 0.9378
vn 0.2853 0.2359 0.9290
vn 0.0951 0.4240 0.9007
vn -0.0194 0.6923 0.7214
vn -0.0747 0.9091 0.4098
vn -0.1093 0.9826 0.1503
vn -0.1638 0.9828 0.0848
vn -0.4170 0.9023 0.1092
vn -0.7395 0.6728 0.0226
vn -0.9289 0.3544 -0.1077
vn -0.9839 -0.0022 -0.1787
vn -0.9954 -0.0864 0.0420
vn -0.2536 -0.0099 0.9673
vn -0.0592 -0.0214 0.9980
vn 0.1113 0.2006 0.9733
vn 0.0662 0.8994 0.4321
vn -0.0586 0.9948 0.0837
vn -0.0853 0.9941 0.0665
vn -0.4683 0.8821 -0.0510
vn -0.7828 0.6091 -0.1273
vn -0.9592 0.2522 -0.1280
vn -0.9987 -0.0243 0.0452
vn -0.9910 -0.1301 0.0316
vn -0.9181 -0.0610 0.3917
vn -0.8474 -0.0112 0.5309
vn -0.4875 -0.0061 0.8731
vn -0.2779 -0.0168 0.9605
vn 0.0051 0.1416 0.9899
vn -0.0416 0.6020 0.7974
vn 0.0433 0.8295 0.5568
vn -0.0097 0.9897 0.1431
vn -0.0866 0.9957 0.0323
vn -0.1680 0.9857 0.0148
vn -0.2535 0.9653 -0.0633
vn -0.5265 0.8430 -0.1106
vn -0.8035 0.5945 -0.0323
vn -0.9449 0.2852 0.1610
vn -0.8981 0.0998 0.4282
vn -0.8244 0.0449 0.5642
vn 0.0964 0.5960 0.7972
vn 0.1184 0.8794 0.4610
vn -0.3042 0.9490 -0.0831
vn -0.5702 0.8174 -0.0822
vn -0.7676 0.6317 -0.1083
vn -0.8885 0.4587 0.0105
vn 0.4322 0.7022 0.5657
vn -0.0004 0.9995 0.0319
vn -0.2218 0.9658 -0.1343
vn -0.5146 0.6834 -0.5178
vn -0.4193 0.6070 -0.6751
vn 0.7600 0.5493 0.3475
vn 0.6152 0.6529 0.4419
vn 0.1716 0.9494 0.2631
vn 0.0564 0.9894 0.1336
vn -0.2294 0.9596 -0.1630
vn -0.3602 0.5592 -0.7467
vn -0.2547 0.4820 -0.8383
vn 0.7016 0.5786 0.4159
vn 0.6886 0.5221 0.5032
vn 0.3964 0.8165 0.4198
vn -0.0157 0.9998 0.0157
vn -0.0311 0.9995 0.0005
vn -0.1128 0.9925 -0.0466
vn -0.0713 0.9958 -0.0569
vn -0.4257 0.8013 -0.4203
vn -0.4865 0.4288 -0.7612
vn -0.4486 0.6618 -0.6007
vn 0.4675 0.6284 0.6217
vn -0.5230 0.7053 -0.4786
vn -0.6673 0.6231 -0.4080
vn 0.4415 0.7103 0.5482
vn 0.6234 0.4753 0.6209
vn 0.4383 0.7657 0.4707
vn -0.7520 0.4032 -0.5214
vn -0.6836 0.6876 -0.2448
vn 0.6771 0.6503 0.3445
vn 0.7025 0.3662 0.6102
vn 0.0667 0.9942 0.0841
vn -0.4790 0.7348 -0.4802
vn -0.5080 0.7840 -0.3569
vn 0.6815 0.5836 0.4416
vn 0.5096 0.7218 0.4683
vn 0.1839 0.9651 0.1862
vn -0.0158 0.9998 -0.0158
vn 0.4354 0.4977 0.7502
vn 0.5124 0.4339 0.7411
vn 0.4514 0.7581 0.4707
vn 0.2197 0.9649 0.1438
vn 0.0138 0.9998 0.0146
vn -0.1887 0.9634 -0.1902
vn -0.4352 0.7731 -0.4615
vn -0.3520 0.7598 -0.5466
vn -0.4427 0.6938 -0.5681
vn 0.4207 0.5911 0.6882
vn 0.4037 0.8340 0.3761
vn 0.3605 0.5564 0.7487
vn 0.5059 0.7212 0.4732
vn 0.4273 0.8619 0.2729
vn -0.0007 0.9995 -0.0311
vn -0.0583 0.9914 -0.1168
vn -0.1804 0.9394 -0.2914
vn -0.3832 0.7837 -0.4889
vn -0.5927 0.6447 -0.4828
vn -0.6697 0.6595 -0.3414
vn 0.8040 0.5881 0.0884
vn 0.6551 0.7409 0.1483
vn 0.4305 0.8922 0.1365
vn 0.2849 0.9487 0.1373
vn 0.1680 0.9787 0.1181
vn 0.0996 0.9931 0.0613
vn -0.1787 0.9053 -0.3855
vn -0.2198 0.7625 -0.6086
vn -0.2391 0.6451 -0.7257
vn -0.1975 0.5785 -0.7914
vn 0.9429 0.1077 -0.3151
vn 0.9641 0.2554 -0.0729
vn 0.7344 0.6771 0.0460
vn 0.4237 0.9025 0.0774
vn 0.0339 0.9994 -0.0000
vn 0.0155 0.9998 -0.0157
vn 0.0094 0.9936 -0.1122
vn -0.0907 0.9147 -0.3939
vn -0.0557 0.6822 -0.7290
vn 0.1258 0.3495 -0.9285
vn 0.3286 0.2258 -0.9171
vn 0.9500 -0.0607 -0.3062
vn 0.9797 0.1986 0.0288
vn 0.7575 0.6455 0.0969
vn 0.4713 0.8788 0.0748
vn 0.1741 0.9847 -0.0044
vn -0.0272 0.8990 -0.4372
vn -0.0909 0.6167 -0.7820
vn -0.0541 0.2331 -0.9709
vn 0.1405 -0.0028 -0.9901
vn 0.4546 -0.0460 -0.8895
vn 0.4455 -0.0550 -0.8936
vn 0.9839 0.0035 -0.1787
vn 0.9974 -0.0607 0.0398
vn 0.9994 -0.0249 -0.0248
vn 0.9453 0.2954 0.1385
vn 0.7376 0.6749 -0.0224
vn 0.4623 0.8816 -0.0948
vn 0.2762 0.9567 -0.0917
vn 0.1378 0.9889 -0.0552
vn 0.0716 0.9951 -0.0679
vn 0.0738 0.9009 -0.4278
vn 0.0050 0.6568 -0.7541
vn -0.0142 0.0252 -0.9996
vn 0.1887 -0.0044 -0.9820
vn 0.9998 0.0019 0.0220
vn 0.9877 -0.0026 0.1565
vn 0.9535 0.0366 0.2992
vn 0.9589 0.2783 0.0559
vn 0.7857 0.6000 -0.1508
vn 0.4890 0.8669 -0.0964
vn 0.0596 0.9897 -0.1303
vn 0.0903 0.9035 -0.4190
vn 0.1247 0.6800 -0.7225
vn 0.0630 0.4598 -0.8858
vn -0.1186 0.3313 -0.9360
vn -0.2335 0.1713 -0.9571
vn -0.2835 0.0518 -0.9576
vn -0.0481 0.0667 -0.9966
vn 0.1782 0.0569 -0.9823
vn 0.9998 0.0173 -0.0046
vn 0.9740 0.0306 0.2246
vn 0.9135 0.0475 0.4041
vn 0.9346 0.1481 0.3233
vn 0.9442 0.3191 -0.0818
vn 0.9174 0.2825 -0.2802
vn 0.8280 0.5588 -0.0471
vn 0.5070 0.8538 -0.1185
vn 0.2564 0.9507 -0.1747
vn 0.2130 0.9567 -0.1983
vn 0.1640 0.8825 -0.4408
vn 0.0747 0.6271 -0.7753
vn 0.1485 0.3027 -0.9414
vn 0.0654 0.2819 -0.9572
vn -0.3436 0.1342 -0.9295
vn -0.2720 0.1122 -0.9557
vn 0.9758 0.0393 0.2152
vn 0.9702 0.1814 0.1604
vn 0.9033 0.3099 -0.2966
vn 0.9502 0.2926 -0.1069
vn 0.7245 0.6752 -0.1385
vn 0.4893 0.8151 -0.3100
vn 0.4427 0.7711 -0.4576
vn 0.5136 0.6980 -0.4990
vn 0.4265 0.7834 -0.4520
vn 0.2081 0.6833 -0.6999
vn -0.0672 0.2691 -0.9608
vn 0.0387 0.0312 -0.9988
vn 0.3917 0.2028 -0.8974
vn 0.3541 0.3210 -0.8784
vn -0.0765 0.2408 -0.9676
vn -0.3897 0.1306 -0.9117
vn 0.9027 0.0697 0.4247
vn 0.9359 0.0837 0.3421
vn 0.9498 0.2772 -0.1448
vn 0.9328 0.2251 -0.2815
vn 0.9949 0.0578 0.0831
vn 0.9417 0.1902 0.2775
vn 0.4425 0.5197 -0.7308
vn 0.5479 0.4135 -0.7272
vn 0.5589 0.7141 -0.4214
vn 0.3668 0.7787 -0.5091
vn 0.1345 0.5864 -0.7988
vn -0.1499 -0.0287 -0.9883
vn 0.2172 0.2818 -0.9346
vn -0.1759 0.1859 -0.9667
vn 0.8949 0.3587 -0.2654
vn 0.8179 0.3704 -0.4403
vn 0.9596 0.0490 0.2769
vn 0.8976 0.0701 0.4351
vn 0.8604 0.5091 0.0219
vn 0.5010 0.6577 -0.5625
vn 0.7189 0.3791 -0.5826
vn 0.8355 0.3822 -0.3949
vn 0.7656 0.4991 -0.4059
vn 0.5473 0.5966 -0.5869
vn 0.3867 0.8065 -0.4473
vn 0.5801 0.6913 -0.4307
vn 0.0241 0.4799 -0.8770
vn -0.3364 0.0414 -0.9408
vn -0.3225 -0.1401 -0.9361
vn 0.2446 0.1347 -0.9602
vn 0.4464 0.2932 -0.8454
vn 0.0636 0.2430 -0.9679
vn -0.2781 0.1670 -0.9459
vn 0.9282 0.1283 0.3493
vn 0.9803 0.1769 0.0882
vn 0.9769 0.1951 -0.0868
vn 0.3870 0.6309 -0.6725
vn 0.4638 0.5677 -0.6802
vn 0.7499 0.5323 -0.3927
vn 0.8113 0.5746 -0.1076
vn 0.5616 0.7746 -0.2909
vn 0.3097 0.7196 -0.6215
vn 0.4841 0.6466 -0.5896
vn -0.0841 0.3478 -0.9338
vn 0.4899 0.3447 -0.8008
vn 0.1985 0.2757 -0.9405
vn -0.0348 0.2081 -0.9775
vn -0.3051 0.1961 -0.9319
vt 0.635879 0.776263
vt 0.638895 0.773254
vt 0.638797 0.776807
vt 0.633552 0.869721
vt 0.629215 0.872315
vt 0.628744 0.869649
vt 0.629190 0.878390
vt 0.627865 0.878003
vt 0.628492 0.875244
vt 0.636664 0.897633
vt 0.629709 0.897456
vt 0.628752 0.894667
vt 0.632295 0.929967
vt 0.627865 0.930512
vt 0.629014 0.924272
vt 0.832085 0.559305
vt 0.826906 0.557464
vt 0.832853 0.556490
vt 0.972423 0.963690
vt 0.968403 0.965041
vt 0.972380 0.960264
vt 0.240591 0.967868
vt 0.237448 0.966078
vt 0.238034 0.962498
vt 0.636741 0.568196
vt 0.633777 0.567167
vt 0.637350 0.564181
vt 0.833921 0.570302
vt 0.825775 0.570399
vt 0.837343 0.565115
vt 0.832528 0.561964
vt 0.836826 0.559143
vt 0.969893 0.958682
vt 0.971300 0.959145
vt 0.831849 0.115281
vt 0.830150 0.117684
vt 0.830253 0.111183
vt 0.827769 0.117213
vt 0.653437 0.564885
vt 0.651042 0.562570
vt 0.653829 0.561909
vt 0.647852 0.563707
vt 0.645403 0.562744
vt 0.648515 0.560910
vt 0.639753 0.565264
vt 0.640162 0.562045
vt 0.835469 0.556364
vt 0.838816 0.556295
vt 0.838691 0.553359
vt 0.836365 0.550773
vt 0.835371 0.548079
vt 0.841391 0.547172
vt 0.403735 0.598418
vt 0.404848 0.603866
vt 0.399814 0.597964
vt 0.642668 0.562261
vt 0.643341 0.558737
vt 0.841025 0.564388
vt 0.842107 0.560289
vt 0.835418 0.543868
vt 0.841040 0.544538
vt 0.390520 0.592217
vt 0.394212 0.592602
vt 0.396631 0.598544
vt 0.645431 0.559162
vt 0.646441 0.555971
vt 0.844085 0.561459
vt 0.844880 0.556594
vt 0.383501 0.585330
vt 0.385398 0.587038
vt 0.381409 0.586982
vt 0.393787 0.602476
vt 0.408350 0.611538
vt 0.402025 0.614276
vt 0.410024 0.613363
vt 0.408040 0.615364
vt 0.646749 0.552631
vt 0.648866 0.553268
vt 0.640773 0.554007
vt 0.643617 0.552698
vt 0.633336 0.555967
vt 0.634733 0.553282
vt 0.637623 0.553338
vt 0.631982 0.553353
vt 0.847069 0.560203
vt 0.850616 0.557773
vt 0.847472 0.552856
vt 0.844472 0.552781
vt 0.847592 0.549761
vt 0.382250 0.593058
vt 0.408532 0.620467
vt 0.648945 0.550217
vt 0.850717 0.561565
vt 0.850292 0.555829
vt 0.850305 0.552855
vt 0.408323 0.623273
vt 0.404180 0.620988
vt 0.638590 0.550249
vt 0.638658 0.548135
vt 0.641152 0.547692
vt 0.371067 0.584769
vt 0.373189 0.585934
vt 0.368841 0.586549
vt 0.854543 0.570399
vt 0.852895 0.561596
vt 0.855817 0.561948
vt 0.384457 0.610825
vt 0.407675 0.627961
vt 0.407469 0.632169
vt 0.404664 0.635123
vt 0.634139 0.903778
vt 0.629769 0.899623
vt 0.635563 0.901448
vt 0.356174 0.578907
vt 0.356258 0.583413
vt 0.354297 0.581394
vt 0.358129 0.585168
vt 0.401006 0.629518
vt 0.393099 0.621362
vt 0.638078 0.898825
vt 0.965555 0.802866
vt 0.966050 0.798351
vt 0.970598 0.802145
vt 0.356673 0.587038
vt 0.363161 0.588244
vt 0.366832 0.592311
vt 0.366343 0.594269
vt 0.639015 0.894757
vt 0.970598 0.799097
vt 0.403831 0.639143
vt 0.395222 0.643889
vt 0.630799 0.891894
vt 0.630846 0.892426
vt 0.358029 0.592513
vt 0.353101 0.597048
vt 0.354248 0.602477
vt 0.374806 0.600903
vt 0.363910 0.611692
vt 0.390465 0.640942
vt 0.384358 0.630469
vt 0.530880 0.764823
vt 0.530993 0.766961
vt 0.527851 0.763836
vt 0.522440 0.768543
vt 0.397456 0.645625
vt 0.631127 0.886664
vt 0.639177 0.885755
vt 0.525164 0.763515
vt 0.522098 0.764884
vt 0.635060 0.884983
vt 0.630663 0.883905
vt 0.524436 0.760097
vt 0.363084 0.629263
vt 0.354841 0.619804
vt 0.349355 0.596773
vt 0.344074 0.601723
vt 0.373059 0.639812
vt 0.379713 0.648561
vt 0.638543 0.875613
vt 0.638974 0.881426
vt 0.635969 0.877986
vt 0.531970 0.753931
vt 0.530540 0.758627
vt 0.526783 0.756451
vt 0.522098 0.760058
vt 0.524174 0.757543
vt 0.345318 0.604554
vt 0.345840 0.613342
vt 0.636350 0.875436
vt 0.633677 0.875355
vt 0.341551 0.600996
vt 0.339275 0.602344
vt 0.636164 0.872819
vt 0.402746 0.918768
vt 0.400213 0.907484
vt 0.404516 0.917693
vt 0.347757 0.628043
vt 0.366901 0.646239
vt 0.386176 0.651426
vt 0.381470 0.652586
vt 0.384042 0.655271
vt 0.635594 0.869674
vt 0.403677 0.908455
vt 0.405123 0.910980
vt 0.402531 0.905899
vt 0.338702 0.611077
vt 0.340499 0.608797
vt 0.339696 0.612130
vt 0.343710 0.619243
vt 0.372764 0.651161
vt 0.381232 0.655674
vt 0.383065 0.657452
vt 0.632966 0.770070
vt 0.632882 0.769406
vt 0.410379 0.915402
vt 0.407562 0.910088
vt 0.628647 0.975884
vt 0.624413 0.984280
vt 0.620349 0.976594
vt 0.625420 0.972326
vt 0.340045 0.617306
vt 0.356278 0.639389
vt 0.629598 0.773030
vt 0.633561 0.774840
vt 0.412371 0.914529
vt 0.411069 0.910974
vt 0.403665 0.902236
vt 0.406653 0.901454
vt 0.408967 0.906249
vt 0.346178 0.628178
vt 0.339952 0.621584
vt 0.364546 0.647758
vt 0.636311 0.780029
vt 0.412588 0.908780
vt 0.415460 0.913807
vt 0.343426 0.633912
vt 0.340054 0.625770
vt 0.350481 0.641518
vt 0.370516 0.654273
vt 0.368758 0.655806
vt 0.365524 0.653215
vt 0.372951 0.656290
vt 0.617984 0.954868
vt 0.619248 0.957071
vt 0.617879 0.959950
vt 0.734087 0.974308
vt 0.736886 0.970847
vt 0.736886 0.977452
vt 0.410082 0.903726
vt 0.412455 0.903460
vt 0.413392 0.906234
vt 0.338054 0.627774
vt 0.355517 0.646656
vt 0.361322 0.652845
vt 0.672221 0.405148
vt 0.671865 0.407988
vt 0.670329 0.406718
vt 0.617215 0.962046
vt 0.618928 0.963748
vt 0.621352 0.965331
vt 0.624048 0.963656
vt 0.624153 0.967912
vt 0.414494 0.908717
vt 0.416936 0.908470
vt 0.417881 0.911224
vt 0.341093 0.635200
vt 0.338306 0.631753
vt 0.344216 0.638357
vt 0.347021 0.641526
vt 0.349742 0.644787
vt 0.354878 0.651049
vt 0.362478 0.653942
vt 0.360704 0.655605
vt 0.616113 0.960567
vt 0.616299 0.964527
vt 0.626079 0.968467
vt 0.416099 0.905619
vt 0.415174 0.902497
vt 0.419075 0.904753
vt 0.413580 0.894333
vt 0.416033 0.893389
vt 0.417250 0.896378
vt 0.411660 0.886288
vt 0.412820 0.882274
vt 0.415106 0.886187
vt 0.414095 0.878524
vt 0.418943 0.879860
vt 0.415441 0.874900
vt 0.416890 0.871257
vt 0.419502 0.871261
vt 0.420232 0.869328
vt 0.356442 0.655523
vt 0.669104 0.409708
vt 0.670508 0.410608
vt 0.670283 0.413321
vt 0.422671 0.913144
vt 0.424047 0.909651
vt 0.425897 0.912346
vt 0.419702 0.907132
vt 0.419980 0.895326
vt 0.422462 0.897949
vt 0.888892 0.263787
vt 0.891019 0.261430
vt 0.888371 0.267108
vt 0.419229 0.884314
vt 0.418363 0.882338
vt 0.421178 0.872134
vt 0.423695 0.877729
vt 0.351502 0.649876
vt 0.351806 0.655447
vt 0.357315 0.657514
vt 0.856909 0.115787
vt 0.858642 0.117780
vt 0.857623 0.120435
vt 0.861199 0.119247
vt 0.862904 0.120951
vt 0.862438 0.123246
vt 0.617679 0.972883
vt 0.618927 0.970105
vt 0.428706 0.906516
vt 0.422559 0.880700
vt 0.425022 0.872512
vt 0.349340 0.657522
vt 0.351304 0.659060
vt 0.856171 0.125264
vt 0.429923 0.911261
vt 0.422081 0.886218
vt 0.423154 0.884326
vt 0.634138 0.128692
vt 0.645246 0.117672
vt 0.634138 0.133981
vt 0.649261 0.124809
vt 0.649738 0.128534
vt 0.645587 0.130143
vt 0.664405 0.419233
vt 0.667211 0.418099
vt 0.666744 0.420355
vt 0.672986 0.421712
vt 0.669816 0.421071
vt 0.861383 0.128276
vt 0.863423 0.127373
vt 0.863011 0.129624
vt 0.618722 0.980335
vt 0.826987 0.562865
vt 0.826797 0.554451
vt 0.826633 0.551590
vt 0.831197 0.551095
vt 0.826610 0.549403
vt 0.652304 0.570774
vt 0.649620 0.570245
vt 0.652918 0.567840
vt 0.638748 0.570605
vt 0.639203 0.568007
vt 0.641793 0.565156
vt 0.632837 0.571107
vt 0.628124 0.570976
vt 0.630060 0.971826
vt 0.627193 0.972564
vt 0.628192 0.970109
vt 0.630127 0.969709
vt 0.628535 0.967211
vt 0.638895 0.781289
vt 0.667027 0.131911
vt 0.666188 0.131268
vt 0.666321 0.128476
vt 0.675125 0.131561
vt 0.638402 0.770380
vt 0.667961 0.125981
vt 0.679000 0.129972
vt 0.670056 0.123636
vt 0.681529 0.130476
vt 0.681529 0.125956
vt 0.671968 0.118731
vt 0.680150 0.120945
vt 0.672174 0.118232
vt 0.675626 0.116826
vt 0.672171 0.112698
vt 0.630399 0.551691
vt 0.634021 0.550556
vt 0.631137 0.554121
vt 0.627865 0.901818
vt 0.632295 0.933376
vt 0.630223 0.556796
vt 0.631964 0.558986
vt 0.628406 0.560127
vt 0.832760 0.553993
vt 0.430549 0.578907
vt 0.430607 0.581222
vt 0.430549 0.587303
vt 0.832420 0.545660
vt 0.832407 0.548332
vt 0.826832 0.546454
vt 0.826748 0.543820
vt 0.834621 0.542380
vt 0.829930 0.540611
vt 0.833141 0.539800
vt 0.833807 0.119208
vt 0.834205 0.113271
vt 0.836170 0.117977
vt 0.837753 0.117611
vt 0.831114 0.120365
vt 0.828943 0.121696
vt 0.405876 0.596483
vt 0.407785 0.598773
vt 0.907260 0.121675
vt 0.908320 0.117360
vt 0.911010 0.124922
vt 0.909215 0.128761
vt 0.906695 0.129746
vt 0.414017 0.600518
vt 0.414099 0.604581
vt 0.412831 0.606141
vt 0.646358 0.568513
vt 0.644030 0.567353
vt 0.643731 0.562051
vt 0.641225 0.567094
vt 0.411450 0.607735
vt 0.408616 0.606570
vt 0.835733 0.111377
vt 0.408338 0.603796
vt 0.236939 0.963387
vt 0.837980 0.567335
vt 0.837914 0.570271
vt 0.392412 0.586140
vt 0.389726 0.587517
vt 0.387592 0.585518
vt 0.389729 0.583941
vt 0.837739 0.542058
vt 0.393194 0.588607
vt 0.391818 0.589579
vt 0.833862 0.108900
vt 0.836180 0.107540
vt 0.836835 0.110340
vt 0.652145 0.558782
vt 0.654039 0.558919
vt 0.828711 0.112172
vt 0.409920 0.609373
vt 0.649240 0.558192
vt 0.647074 0.558473
vt 0.979710 0.556405
vt 0.981763 0.555222
vt 0.981925 0.559619
vt 0.979127 0.559619
vt 0.840961 0.567340
vt 0.840905 0.570335
vt 0.841702 0.556143
vt 0.841685 0.553165
vt 0.841542 0.550440
vt 0.840418 0.542267
vt 0.398141 0.596247
vt 0.411089 0.611805
vt 0.650421 0.555911
vt 0.652808 0.555867
vt 0.980453 0.553501
vt 0.845009 0.565835
vt 0.843837 0.570395
vt 0.844016 0.564423
vt 0.844321 0.547212
vt 0.843503 0.544804
vt 0.410685 0.615623
vt 0.409937 0.617582
vt 0.650843 0.553012
vt 0.846841 0.547430
vt 0.379255 0.588906
vt 0.377199 0.586688
vt 0.379292 0.585094
vt 0.409966 0.621775
vt 0.411194 0.619757
vt 0.635269 0.550675
vt 0.849586 0.550430
vt 0.375067 0.589232
vt 0.375214 0.584466
vt 0.646690 0.547586
vt 0.648463 0.547828
vt 0.644072 0.547790
vt 0.851737 0.570195
vt 0.852977 0.558798
vt 0.853220 0.555902
vt 0.852550 0.553515
vt 0.410157 0.627998
vt 0.409608 0.630111
vt 0.409745 0.625899
vt 0.642171 0.545777
vt 0.644397 0.544957
vt 0.629603 0.921242
vt 0.631482 0.922968
vt 0.631314 0.925103
vt 0.855700 0.559270
vt 0.855265 0.556760
vt 0.364620 0.586462
vt 0.366853 0.584568
vt 0.410738 0.631835
vt 0.409247 0.634158
vt 0.638260 0.902002
vt 0.637189 0.904792
vt 0.362706 0.584551
vt 0.360482 0.586494
vt 0.360883 0.582844
vt 0.407622 0.636911
vt 0.411283 0.636429
vt 0.358272 0.588462
vt 0.969881 0.793278
vt 0.967732 0.793742
vt 0.356085 0.590481
vt 0.355306 0.589662
vt 0.644509 0.419106
vt 0.646366 0.416052
vt 0.647955 0.418832
vt 0.647179 0.420142
vt 0.522693 0.771054
vt 0.525551 0.770293
vt 0.531156 0.768587
vt 0.353347 0.593038
vt 0.642036 0.417498
vt 0.647955 0.405702
vt 0.639639 0.415716
vt 0.647228 0.405148
vt 0.637057 0.414210
vt 0.638995 0.411000
vt 0.530608 0.762529
vt 0.530458 0.760465
vt 0.630407 0.881101
vt 0.394102 0.648542
vt 0.635255 0.412745
vt 0.635586 0.410967
vt 0.389947 0.652719
vt 0.390210 0.648488
vt 0.532792 0.757041
vt 0.524698 0.755409
vt 0.531349 0.751594
vt 0.338378 0.606602
vt 0.335610 0.598182
vt 0.389869 0.656207
vt 0.387087 0.658090
vt 0.407216 0.916637
vt 0.399679 0.904159
vt 0.401358 0.903144
vt 0.379272 0.654593
vt 0.377212 0.652490
vt 0.388156 0.659060
vt 0.406451 0.907356
vt 0.630417 0.769140
vt 0.401206 0.901610
vt 0.375024 0.654631
vt 0.377082 0.656180
vt 0.621623 0.956603
vt 0.620579 0.954666
vt 0.622618 0.952665
vt 0.623552 0.954541
vt 0.623900 0.958169
vt 0.623747 0.956228
vt 0.629521 0.772890
vt 0.629160 0.770371
vt 0.405225 0.898945
vt 0.404514 0.896002
vt 0.402682 0.896676
vt 0.338176 0.619364
vt 0.374966 0.657153
vt 0.620939 0.958956
vt 0.623969 0.958308
vt 0.632080 0.776278
vt 0.408841 0.901263
vt 0.408108 0.898375
vt 0.407276 0.895486
vt 0.404686 0.893126
vt 0.406644 0.892571
vt 0.338181 0.623563
vt 0.626939 0.966057
vt 0.625494 0.962079
vt 0.735226 0.969160
vt 0.411696 0.900570
vt 0.410138 0.897399
vt 0.409481 0.892005
vt 0.407086 0.889818
vt 0.408744 0.889154
vt 0.858701 0.108875
vt 0.858879 0.111118
vt 0.856430 0.110023
vt 0.855310 0.107540
vt 0.860373 0.107818
vt 0.860576 0.113004
vt 0.418903 0.913890
vt 0.412378 0.891262
vt 0.411429 0.889226
vt 0.336949 0.629324
vt 0.671965 0.409344
vt 0.672924 0.411586
vt 0.617823 0.966243
vt 0.857603 0.113678
vt 0.619989 0.967882
vt 0.415197 0.890904
vt 0.412814 0.889356
vt 0.349895 0.648130
vt 0.672986 0.413715
vt 0.861910 0.116808
vt 0.862946 0.118717
vt 0.616872 0.968717
vt 0.419707 0.892789
vt 0.419147 0.891079
vt 0.667679 0.414958
vt 0.616277 0.971137
vt 0.422360 0.888975
vt 0.891019 0.269328
vt 0.425720 0.869607
vt 0.429923 0.864383
vt 0.421002 0.867327
vt 0.667297 0.411604
vt 0.855310 0.123541
vt 0.863602 0.125147
vt 0.618681 0.977011
vt 0.616803 0.975320
vt 0.425447 0.894150
vt 0.426608 0.898485
vt 0.424537 0.891966
vt 0.640271 0.112698
vt 0.638286 0.116154
vt 0.636109 0.114973
vt 0.636675 0.112776
vt 0.642523 0.115407
vt 0.634649 0.126218
vt 0.639361 0.131359
vt 0.647908 0.122234
vt 0.616113 0.977720
vt 0.429092 0.867290
vt 0.542961 0.582522
vt 0.544703 0.579148
vt 0.544703 0.583954
vt 0.827007 0.559531
vt 0.970446 0.967996
vt 0.968403 0.969281
vt 0.825660 0.541879
vt 0.972562 0.968424
vt 0.838860 0.121366
vt 0.834601 0.124582
vt 0.827769 0.128754
vt 0.886763 0.129288
vt 0.884525 0.131122
vt 0.884525 0.117680
vt 0.885141 0.117360
vt 0.890244 0.122701
vt 0.889558 0.128236
vt 0.696827 0.550050
vt 0.698323 0.544957
vt 0.699093 0.545244
vt 0.699093 0.551751
vt 0.636284 0.571001
vt 0.912404 0.129746
vt 0.654039 0.571070
vt 0.236939 0.972114
s 1
usemtl Material.012
f 2165/2998/2165 2179/2999/2179 1991/3000/1991
f 2185/3001/2185 2190/3002/2190 1990/3003/1990
f 2207/3004/2207 1988/3005/1988 1989/3006/1989
f 2243/3007/2243 2244/3008/2244 1982/3009/1982
f 2276/3010/2276 1981/3011/1981 2265/3012/2265
f 2371/3013/2371 2014/3014/2014 2351/3015/2351
f 2373/3016/2373 2374/3017/2374 2356/3018/2356
f 2034/3019/2034 2381/3020/2381 2367/3021/2367
f 2383/3022/2383 2384/3023/2384 2369/3024/2369
f 1975/3025/1975 1951/3026/1951 2337/3027/2337
f 2370/3028/2370 2371/3013/2371 2338/3029/2338
f 2374/3017/2374 2344/3030/2344 2343/3031/2343
f 2358/3032/2358 2359/3033/2359 2345/3034/2345
f 2359/3033/2359 2360/3035/2360 2345/3034/2345
f 2363/3036/2363 2364/3037/2364 2347/3038/2347
f 2365/3039/2365 2366/3040/2366 2348/3041/2348
f 2368/3042/2368 2369/3024/2369 2350/3043/2350
f 2338/3029/2338 2339/3044/2339 2322/3045/2322
f 2322/3045/2322 2339/3044/2339 2323/3046/2323
f 2340/3047/2340 2341/3048/2341 2324/3049/2324
f 2360/3050/2360 2361/3051/2361 2329/3052/2329
f 2349/3053/2349 2350/3043/2350 2335/3054/2335
f 2306/3055/2306 2337/3027/2337 2307/3056/2307
f 2324/3049/2324 2342/3057/2342 2311/3058/2311
f 2313/3059/2313 2328/3060/2328 2314/3061/2314
f 2334/3062/2334 2335/3054/2335 2318/3063/2318
f 2291/3064/2291 2307/3056/2307 2292/3065/2292
f 2311/3066/2311 2312/3067/2312 2295/3068/2295
f 2313/3059/2313 2314/3061/2314 2285/3069/2285
f 2315/3070/2315 2296/3071/2296 2314/3061/2314
f 2315/3070/2315 2316/3072/2316 2297/3073/2297
f 2318/3063/2318 2300/3074/2300 2299/3075/2299
f 2335/3054/2335 2319/3076/2319 2301/3077/2301
f 2320/3078/2320 2303/3079/2303 2302/3080/2302
f 2320/3078/2320 2304/3081/2304 2303/3079/2303
f 2278/3082/2278 2292/3065/2292 2279/3083/2279
f 2280/3084/2280 2293/3085/2293 2281/3086/2281
f 2313/3059/2313 2285/3069/2285 2284/3087/2284
f 2296/3071/2296 2297/3073/2297 2286/3088/2286
f 2299/3075/2299 2300/3074/2300 2287/3089/2287
f 2266/3090/2266 2278/3082/2278 2279/3083/2279
f 2267/3091/2267 2280/3084/2280 2268/3092/2268
f 2286/3088/2286 2271/3093/2271 2261/3094/2261
f 2288/3095/2288 2275/3096/2275 2274/3097/2274
f 2268/3098/2268 2269/3099/2269 2258/3100/2258
f 1970/3101/1970 2255/3102/2255 2245/3103/2245
f 2285/3069/2285 2296/3071/2296 2260/3104/2260
f 2262/3105/2262 2251/3106/2251 2241/3107/2241
f 2265/3108/2265 2254/3109/2254 2253/3110/2253
f 1970/3111/1970 2236/3112/2236 1969/3113/1969
f 1970/3111/1970 2237/3114/2237 2236/3112/2236
f 2296/3071/2296 2240/3115/2240 2239/3116/2239
f 2253/3110/2253 2243/3007/2243 2242/3117/2242
f 1969/3118/1969 2236/3119/2236 1968/3120/1968
f 2237/3114/2237 2234/3121/2234 2236/3112/2236
f 2248/3122/2248 2249/3123/2249 2250/3124/2250
f 2242/3117/2242 2243/3007/2243 2231/3125/2231
f 1968/3120/1968 2236/3119/2236 2225/3126/2225
f 2241/3107/2241 2231/3127/2231 2230/3128/2230
f 2243/3007/2243 2232/3129/2232 2231/3125/2231
f 2243/3007/2243 2233/3130/2233 2232/3129/2232
f 2228/3131/2228 2250/3124/2250 2223/3132/2223
f 2218/3133/2218 2259/3134/2259 2229/3135/2229
f 2239/3116/2239 2204/3136/2204 2224/3137/2224
f 2216/3138/2216 2221/3139/2221 2217/3140/2217
f 2217/3140/2217 2221/3139/2221 2222/3141/2222
f 2250/3124/2250 2218/3133/2218 2223/3132/2223
f 2260/3104/2260 2224/3137/2224 2229/3135/2229
f 2230/3128/2230 2231/3127/2231 2219/3142/2219
f 2231/3125/2231 2220/3143/2220 2219/3144/2219
f 2212/3145/2212 2222/3141/2222 2213/3146/2213
f 2219/3144/2219 2220/3143/2220 2214/3147/2214
f 2214/3147/2214 2220/3143/2220 2215/3148/2215
f 2217/3140/2217 2212/3145/2212 2199/3149/2199
f 2229/3135/2229 2201/3150/2201 2187/3151/2187
f 2213/3152/2213 2223/3132/2223 2200/3153/2200
f 2201/3150/2201 2224/3137/2224 2202/3154/2202
f 2224/3137/2224 2204/3136/2204 2203/3155/2203
f 2205/3156/2205 2209/3157/2209 2206/3158/2206
f 1962/3159/1962 2198/3160/2198 2191/3161/2191
f 2199/3149/2199 2200/3162/2200 2192/3163/2192
f 2193/3164/2193 2218/3133/2218 2194/3165/2194
f 2218/3133/2218 2187/3151/2187 2194/3165/2194
f 2218/3133/2218 2229/3135/2229 2187/3151/2187
f 2202/3154/2202 2224/3137/2224 2203/3155/2203
f 2205/3156/2205 2206/3158/2206 2196/3166/2196
f 2206/3158/2206 2197/3167/2197 2196/3166/2196
f 2206/3158/2206 2207/3004/2207 2197/3167/2197
f 2192/3168/2192 2200/3153/2200 2186/3169/2186
f 2205/3156/2205 2196/3166/2196 2189/3170/2189
f 1961/3171/1961 2180/3172/2180 1960/3173/1960
f 2187/3151/2187 2201/3150/2201 2157/3174/2157
f 2202/3154/2202 2203/3155/2203 2172/3175/2172
f 2203/3155/2203 2188/3176/2188 2182/3177/2182
f 2182/3177/2182 2188/3176/2188 2183/3178/2183
f 2184/3179/2184 2189/3170/2189 2185/3001/2185
f 2180/3172/2180 2167/3180/2167 2166/3181/2166
f 2180/3172/2180 2168/3182/2168 2167/3180/2167
f 2169/3183/2169 2181/3184/2181 2170/3185/2170
f 2187/3151/2187 2157/3174/2157 2171/3186/2171
f 2172/3175/2172 2203/3155/2203 2173/3187/2173
f 2176/3188/2176 2183/3178/2183 2177/3189/2177
f 2178/3190/2178 2185/3191/2185 2179/2999/2179
f 1958/3192/1958 2166/3181/2166 2153/3193/2153
f 1994/3194/1994 1995/3195/1995 2066/3196/2066 2104/3197/2104
f 2194/3165/2194 2171/3186/2171 2156/3198/2156
f 2157/3174/2157 2201/3150/2201 2158/3199/2158
f 2163/3200/2163 2178/3190/2178 2164/3201/2164
f 1957/3202/1957 1958/3192/1958 2140/3203/2140
f 2155/3204/2155 2142/3205/2142 2141/3206/2141
f 2171/3186/2171 2146/3207/2146 2145/3208/2145
f 2158/3199/2158 2172/3175/2172 2147/3209/2147
f 2164/3201/2164 2165/2998/2165 2139/3210/2139
f 2140/3203/2140 2125/3211/2125 1956/3212/1956
f 2146/3207/2146 2132/3213/2132 2131/3214/2131
f 2132/3213/2132 2146/3207/2146 2157/3174/2157
f 2157/3174/2157 2158/3199/2158 2133/3215/2133
f 2148/3216/2148 2135/3217/2135 2134/3218/2134
f 2148/3216/2148 2149/3219/2149 2135/3217/2135
f 2149/3220/2149 2150/3221/2150 2136/3222/2136
f 1956/3223/1956 2106/3224/2106 1955/3225/1955
f 2126/3226/2126 2108/3227/2108 2107/3228/2107
f 2131/3214/2131 2132/3213/2132 2112/3229/2112
f 2158/3199/2158 2113/3230/2113 2133/3215/2133
f 2147/3209/2147 2114/3231/2114 2113/3230/2113
f 2134/3232/2134 2116/3233/2116 2115/3234/2115
f 2119/3235/2119 2136/3222/2136 2120/3236/2120
f 2121/3237/2121 2137/3238/2137 2122/3239/2122
f 2106/3240/2106 2088/3241/2088 2087/3242/2087
f 2132/3213/2132 2074/3243/2074 2094/3244/2094
f 2132/3213/2132 2095/3245/2095 2074/3243/2074
f 2076/3246/2076 2133/3215/2133 2096/3247/2096
f 2096/3247/2096 2113/3230/2113 2097/3248/2097
f 2114/3231/2114 2115/3249/2115 2098/3250/2098
f 2118/3251/2118 2119/3235/2119 2101/3252/2101
f 2122/3239/2122 2123/3253/2123 2104/3197/2104
f 2089/3254/2089 2090/3255/2090 2068/3256/2068
f 2091/3257/2091 2070/3258/2070 2069/3259/2069
f 2094/3260/2094 2074/3261/2074 2073/3262/2073
f 2074/3261/2074 2095/3263/2095 2075/3264/2075
f 2095/3263/2095 2076/3265/2076 2075/3264/2075
f 2096/3266/2096 2077/3267/2077 2076/3265/2076
f 2077/3267/2077 2096/3266/2096 2078/3268/2078
f 2097/3248/2097 2114/3231/2114 2080/3269/2080
f 2098/3270/2098 2099/3271/2099 2081/3272/2081
f 1954/3273/1954 2053/3274/2053 1953/3275/1953
f 1954/3273/1954 2067/3276/2067 2053/3274/2053
f 2069/3259/2069 2054/3277/2054 2039/3278/2039
f 2071/3279/2071 2072/3280/2072 2056/3281/2056
f 2073/3262/2073 2074/3261/2074 2057/3282/2057
f 2057/3282/2057 2074/3261/2074 2058/3283/2058
f 2076/3265/2076 2059/3284/2059 2043/3285/2043
f 2079/3286/2079 2097/3248/2097 2060/3287/2060
f 2080/3269/2080 2098/3250/2098 2061/3288/2061
f 2082/3289/2082 2083/3290/2083 2063/3291/2063
f 2083/3290/2083 2084/3292/2084 2063/3291/2063
f 2084/3292/2084 2085/3293/2085 2064/3294/2064
f 2065/3295/2065 2086/3296/2086 2066/3196/2066
f 2067/3276/2067 2068/3256/2068 2038/3297/2038
f 2058/3283/2058 2075/3264/2075 2042/3298/2042
f 2059/3284/2059 2044/3299/2044 2043/3285/2043
f 2079/3286/2079 2060/3287/2060 1999/3300/1999
f 2060/3287/2060 2080/3269/2080 2046/3301/2046
f 2063/3291/2063 2084/3292/2084 2049/3302/2049
f 2053/3274/2053 2038/3297/2038 2011/3303/2011
f 2041/3304/2041 2057/3282/2057 2007/3305/2007
f 2004/3306/2004 2043/3307/2043 2003/3308/2003
f 2045/3309/2045 2000/3310/2000 2001/3311/2001
f 2046/3312/2046 2062/3313/2062 2047/3314/2047
f 2047/3314/2047 2048/3315/2048 1998/3316/1998
f 2050/3317/2050 2051/3318/2051 1997/3319/1997
f 1996/3320/1996 2066/3196/2066 1995/3195/1995
f 1951/3026/1951 2012/3321/2012 2370/3028/2370
f 2015/3322/2015 2016/3323/2016 2372/3324/2372
f 2016/3323/2016 2017/3325/2017 2372/3324/2372
f 2030/3326/2030 2031/3327/2031 2380/3328/2380
f 2035/3329/2035 2382/3330/2382 2381/3331/2381
f 2037/3332/2037 1952/3333/1952 2384/3023/2384
f 1993/3334/1993 1994/3194/1994 2105/3335/2105 2124/3336/2124
f 2104/3197/2104 2105/3335/2105 1994/3194/1994
f 1992/3337/1992 1993/3334/1993 2124/3336/2124 2139/3338/2139
f 1992/3339/1992 2139/3210/2139 2165/2998/2165 1991/3000/1991
f 1988/3340/1988 2207/3341/2207 2210/3342/2210 1987/3343/1987
f 2179/2999/2179 2185/3191/2185 1990/3344/1990
f 2207/3004/2207 1989/3006/1989 2190/3002/2190
f 1987/3343/1987 2210/3342/2210 2215/3345/2215 1986/3346/1986
f 1986/3346/1986 2215/3345/2215 2220/3347/2220 1985/3348/1985
f 1984/3349/1984 1985/3348/1985 2220/3347/2220 2232/3350/2232
f 1983/3351/1983 1984/3349/1984 2232/3350/2232 2233/3352/2233
f 1982/3353/1982 1983/3351/1983 2233/3352/2233 2243/3354/2243
f 1980/3355/1980 2276/3356/2276 2304/3081/2304 1979/3357/1979
f 2265/3108/2265 1981/3358/1981 2254/3109/2254
f 2276/3010/2276 1980/3359/1980 1981/3011/1981
f 1979/3357/1979 2304/3081/2304 2320/3078/2320 1978/3360/1978
f 1978/3360/1978 2320/3078/2320 2336/3361/2336 1977/3362/1977
f 2015/3322/2015 2352/3363/2352 2351/3015/2351 2014/3014/2014
f 1952/3364/1952 1976/3365/1976 1977/3366/1977
f 2354/3367/2354 2353/3368/2353 2017/3325/2017 2018/3369/2018
f 2352/3363/2352 2015/3322/2015 2372/3324/2372
f 2372/3324/2372 2017/3325/2017 2353/3368/2353
f 2019/3370/2019 2355/3371/2355 2354/3367/2354 2018/3369/2018
f 2373/3372/2373 2356/3373/2356 2355/3371/2355 2019/3370/2019
f 2376/3374/2376 2358/3032/2358 2357/3375/2357 2375/3376/2375
f 2374/3377/2374 2375/3376/2375 2357/3375/2357
f 2377/3378/2377 2359/3033/2359 2358/3032/2358 2376/3374/2376
f 2360/3035/2360 2359/3033/2359 2377/3378/2377 2378/3379/2378
f 2361/3051/2361 2360/3050/2360 2378/3380/2378 2379/3381/2379
f 2362/3382/2362 2361/3383/2361 2379/3384/2379 2028/3385/2028
f 2364/3037/2364 2363/3036/2363 2380/3328/2380 2031/3327/2031
f 2362/3382/2362 2028/3385/2028 2029/3386/2029
f 2029/3387/2029 2380/3388/2380 2363/3389/2363
f 2365/3039/2365 2364/3037/2364 2031/3327/2031 2032/3390/2032
f 2366/3040/2366 2365/3039/2365 2032/3390/2032 2033/3391/2033
f 2367/3392/2367 2366/3040/2366 2033/3391/2033 2034/3393/2034
f 2369/3024/2369 2368/3042/2368 2382/3330/2382 2383/3022/2383
f 2381/3331/2381 2382/3330/2382 2368/3042/2368
f 2351/3015/2351 2339/3044/2339 2338/3029/2338 2371/3013/2371
f 2337/3027/2337 1951/3026/1951 2370/3028/2370
f 2372/3324/2372 2340/3047/2340 2339/3044/2339 2352/3363/2352
f 2339/3044/2339 2351/3015/2351 2352/3363/2352
f 2353/3368/2353 2341/3048/2341 2340/3047/2340 2372/3324/2372
f 2354/3367/2354 2342/3057/2342 2341/3048/2341 2353/3368/2353
f 2347/3394/2347 2346/3395/2346 2029/3387/2029 2363/3389/2363
f 2342/3057/2342 2354/3367/2354 2355/3371/2355
f 2356/3018/2356 2374/3017/2374 2343/3031/2343
f 2344/3396/2344 2374/3377/2374 2357/3375/2357
f 2362/3397/2362 2029/3387/2029 2346/3395/2346
f 2350/3043/2350 2349/3053/2349 2381/3331/2381 2368/3042/2368
f 2364/3037/2364 2365/3039/2365 2348/3041/2348
f 2367/3021/2367 2381/3020/2381 2349/3398/2349
f 2337/3027/2337 2321/3399/2321 1974/3400/1974 1975/3025/1975
f 2384/3023/2384 1952/3333/1952 1977/3362/1977
f 2356/3401/2356 2326/3402/2326 2325/3403/2325 2355/3404/2355
f 2337/3027/2337 2370/3028/2370 2338/3029/2338
f 2323/3046/2323 2339/3044/2339 2340/3047/2340
f 2324/3049/2324 2341/3048/2341 2342/3057/2342
f 2342/3057/2342 2355/3371/2355 2325/3405/2325
f 2343/3406/2343 2327/3407/2327 2326/3402/2326 2356/3401/2356
f 2328/3408/2328 2327/3409/2327 2343/3410/2343 2344/3396/2344
f 2358/3032/2358 2345/3034/2345 2328/3408/2328 2357/3375/2357
f 2328/3408/2328 2344/3396/2344 2357/3375/2357
f 2331/3411/2331 2330/3412/2330 2347/3038/2347 2364/3037/2364
f 2345/3034/2345 2360/3035/2360 2329/3413/2329
f 2361/3051/2361 2362/3397/2362 2346/3395/2346
f 2346/3395/2346 2347/3394/2347 2330/3414/2330
f 2332/3415/2332 2331/3411/2331 2364/3037/2364 2348/3041/2348
f 2333/3416/2333 2332/3415/2332 2348/3041/2348 2366/3040/2366
f 2334/3417/2334 2333/3418/2333 2366/3419/2366 2367/3420/2367
f 2335/3054/2335 2334/3062/2334 2367/3392/2367 2349/3053/2349
f 2321/3399/2321 2305/3421/2305 1973/3422/1973 1974/3400/1974
f 2369/3024/2369 2384/3023/2384 2336/3361/2336
f 2384/3023/2384 1977/3362/1977 2336/3361/2336
f 2337/3027/2337 2306/3055/2306 2305/3421/2305 2321/3399/2321
f 2322/3045/2322 2308/3423/2308 2307/3056/2307 2338/3029/2338
f 2307/3056/2307 2337/3027/2337 2338/3029/2338
f 2323/3046/2323 2309/3424/2309 2308/3423/2308 2322/3045/2322
f 2340/3047/2340 2310/3425/2310 2309/3424/2309 2323/3046/2323
f 2325/3405/2325 2312/3426/2312 2311/3058/2311 2342/3057/2342
f 2310/3425/2310 2340/3047/2340 2324/3049/2324
f 2327/3407/2327 2313/3059/2313 2312/3067/2312 2326/3402/2326
f 2312/3067/2312 2325/3403/2325 2326/3402/2326
f 2315/3070/2315 2314/3061/2314 2329/3052/2329 2361/3051/2361
f 2313/3059/2313 2327/3407/2327 2328/3060/2328
f 2328/3060/2328 2345/3427/2345 2314/3061/2314
f 2345/3427/2345 2329/3052/2329 2314/3061/2314
f 2316/3072/2316 2315/3070/2315 2330/3414/2330 2331/3428/2331
f 2361/3051/2361 2346/3395/2346 2315/3070/2315
f 2346/3395/2346 2330/3414/2330 2315/3070/2315
f 2317/3429/2317 2316/3430/2316 2331/3411/2331 2332/3415/2332
f 2318/3063/2318 2317/3429/2317 2332/3415/2332 2333/3416/2333
f 2369/3024/2369 2320/3078/2320 2319/3076/2319 2350/3043/2350
f 2333/3418/2333 2334/3417/2334 2318/3431/2318
f 2335/3054/2335 2350/3043/2350 2319/3076/2319
f 2305/3421/2305 2277/3432/2277 1972/3433/1972 1973/3422/1973
f 2369/3024/2369 2336/3361/2336 2320/3078/2320
f 2306/3055/2306 2290/3434/2290 2277/3432/2277 2305/3421/2305
f 2307/3056/2307 2291/3064/2291 2290/3434/2290 2306/3055/2306
f 2309/3424/2309 2293/3085/2293 2292/3065/2292 2308/3423/2308
f 2292/3065/2292 2307/3056/2307 2308/3423/2308
f 2324/3049/2324 2294/3435/2294 2293/3085/2293 2310/3425/2310
f 2293/3085/2293 2309/3424/2309 2310/3425/2310
f 2295/3436/2295 2294/3435/2294 2324/3049/2324 2311/3058/2311
f 2317/3437/2317 2298/3438/2298 2297/3073/2297 2316/3072/2316
f 2299/3075/2299 2298/3439/2298 2317/3429/2317 2318/3063/2318
f 2301/3077/2301 2300/3074/2300 2318/3063/2318 2335/3054/2335
f 2291/3064/2291 2278/3082/2278 2277/3432/2277 2290/3434/2290
f 2319/3076/2319 2320/3078/2320 2302/3080/2302
f 2293/3085/2293 2280/3084/2280 2279/3083/2279 2292/3065/2292
f 2278/3082/2278 2291/3064/2291 2292/3065/2292
f 2294/3435/2294 2282/3440/2282 2281/3086/2281 2293/3085/2293
f 2283/3441/2283 2282/3442/2282 2294/3443/2294 2295/3068/2295
f 2312/3067/2312 2284/3087/2284 2283/3441/2283 2295/3068/2295
f 2287/3444/2287 2286/3088/2286 2298/3438/2298 2299/3445/2299
f 2284/3087/2284 2312/3067/2312 2313/3059/2313
f 2285/3069/2285 2314/3061/2314 2296/3071/2296
f 2296/3071/2296 2315/3070/2315 2297/3073/2297
f 2297/3073/2297 2298/3438/2298 2286/3088/2286
f 2289/3446/2289 2288/3095/2288 2302/3080/2302 2303/3079/2303
f 2301/3077/2301 2319/3076/2319 2288/3095/2288
f 2319/3076/2319 2302/3080/2302 2288/3095/2288
f 2276/3356/2276 2289/3446/2289 2303/3079/2303 2304/3081/2304
f 2281/3086/2281 2269/3447/2269 2268/3092/2268 2280/3084/2280
f 1972/3433/1972 2277/3432/2277 2266/3090/2266
f 2277/3432/2277 2278/3082/2278 2266/3090/2266
f 2267/3091/2267 2279/3083/2279 2280/3084/2280
f 2282/3442/2282 2270/3448/2270 2269/3099/2269 2281/3449/2281
f 2272/3450/2272 2271/3451/2271 2287/3089/2287 2300/3074/2300
f 2270/3448/2270 2282/3442/2282 2283/3441/2283
f 2270/3448/2270 2283/3441/2283 2284/3087/2284
f 2296/3071/2296 2286/3088/2286 2261/3094/2261
f 2286/3088/2286 2287/3444/2287 2271/3093/2271
f 2273/3452/2273 2272/3450/2272 2300/3074/2300 2301/3077/2301
f 2274/3097/2274 2273/3452/2273 2301/3077/2301 2288/3095/2288
f 2276/3356/2276 2275/3096/2275 2288/3095/2288 2289/3446/2289
f 2255/3102/2255 1971/3453/1971 1972/3433/1972 2266/3090/2266
f 2279/3083/2279 2256/3454/2256 2255/3102/2255 2266/3090/2266
f 2267/3091/2267 2257/3455/2257 2256/3454/2256 2279/3083/2279
f 2258/3456/2258 2257/3455/2257 2267/3091/2267 2268/3092/2268
f 2273/3457/2273 2263/3458/2263 2262/3105/2262 2272/3459/2272
f 2259/3134/2259 2284/3087/2284 2285/3069/2285
f 2271/3093/2271 2272/3459/2272 2262/3105/2262
f 2264/3460/2264 2263/3461/2263 2273/3452/2273 2274/3097/2274
f 2265/3012/2265 2264/3462/2264 2274/3463/2274 2275/3464/2275
f 2246/3465/2246 2245/3103/2245 2255/3102/2255 2256/3454/2256
f 2275/3464/2275 2276/3010/2276 2265/3012/2265
f 1970/3101/1970 1971/3453/1971 2255/3102/2255
f 2247/3466/2247 2246/3465/2246 2256/3454/2256 2257/3455/2257
f 2248/3122/2248 2247/3467/2247 2257/3468/2257 2258/3100/2258
f 2249/3123/2249 2248/3122/2248 2258/3100/2258 2269/3099/2269
f 2270/3448/2270 2250/3124/2250 2249/3123/2249 2269/3099/2269
f 2284/3087/2284 2259/3134/2259 2250/3124/2250 2270/3448/2270
f 2241/3107/2241 2240/3115/2240 2271/3093/2271 2262/3105/2262
f 2259/3134/2259 2285/3069/2285 2260/3104/2260
f 2296/3071/2296 2261/3094/2261 2240/3115/2240
f 2261/3094/2261 2271/3093/2271 2240/3115/2240
f 2264/3469/2264 2252/3470/2252 2251/3106/2251 2263/3458/2263
f 2262/3105/2262 2263/3458/2263 2251/3106/2251
f 2253/3110/2253 2252/3471/2252 2264/3472/2264 2265/3108/2265
f 2246/3473/2246 2238/3474/2238 2237/3114/2237 2245/3475/2245
f 2237/3114/2237 1970/3111/1970 2245/3475/2245
f 2247/3467/2247 2248/3122/2248 2238/3474/2238 2246/3473/2246
f 2242/3476/2242 2241/3107/2241 2251/3106/2251 2252/3470/2252
f 2260/3104/2260 2296/3071/2296 2239/3116/2239
f 2254/3109/2254 2244/3008/2244 2243/3007/2243 2253/3110/2253
f 2252/3470/2252 2253/3477/2253 2242/3476/2242
f 2238/3474/2238 2235/3478/2235 2234/3121/2234 2237/3114/2237
f 2226/3479/2226 2225/3126/2225 2236/3119/2236 2234/3480/2234
f 2235/3478/2235 2238/3474/2238 2248/3122/2248
f 2241/3107/2241 2242/3476/2242 2231/3127/2231
f 2235/3478/2235 2227/3481/2227 2226/3482/2226 2234/3121/2234
f 2248/3122/2248 2228/3131/2228 2227/3481/2227 2235/3478/2235
f 2221/3483/2221 1967/3484/1967 1968/3485/1968 2225/3486/2225
f 2228/3131/2228 2248/3122/2248 2250/3124/2250
f 2218/3133/2218 2250/3124/2250 2259/3134/2259
f 2229/3135/2229 2259/3134/2259 2260/3104/2260
f 2240/3115/2240 2241/3107/2241 2230/3128/2230
f 2227/3487/2227 2222/3141/2222 2221/3139/2221 2226/3488/2226
f 2221/3139/2221 2225/3489/2225 2226/3488/2226
f 2228/3131/2228 2223/3132/2223 2222/3490/2222 2227/3481/2227
f 2216/3491/2216 1966/3492/1966 1967/3484/1967 2221/3483/2221
f 2260/3104/2260 2239/3116/2239 2224/3137/2224
f 2204/3136/2204 2239/3116/2239 2240/3115/2240
f 2211/3493/2211 1965/3494/1965 1966/3492/1966 2216/3491/2216
f 2204/3136/2204 2240/3115/2240 2230/3128/2230
f 2231/3125/2231 2232/3129/2232 2220/3143/2220
f 2211/3493/2211 2208/3495/2208 1964/3496/1964 1965/3494/1965
f 2211/3497/2211 2216/3138/2216 2217/3140/2217
f 2217/3140/2217 2222/3141/2222 2212/3145/2212
f 2213/3152/2213 2222/3490/2222 2223/3132/2223
f 2199/3149/2199 2208/3498/2208 2211/3497/2211 2217/3140/2217
f 2215/3148/2215 2210/3499/2210 2209/3157/2209 2214/3147/2214
f 2201/3150/2201 2229/3135/2229 2224/3137/2224
f 2230/3128/2230 2219/3142/2219 2209/3500/2209
f 2209/3157/2209 2219/3144/2219 2214/3147/2214
f 2208/3495/2208 2198/3501/2198 1963/3502/1963 1964/3496/1964
f 2200/3162/2200 2199/3149/2199 2212/3145/2212 2213/3146/2213
f 2208/3498/2208 2199/3149/2199 2198/3160/2198
f 2209/3500/2209 2205/3503/2205 2195/3504/2195 2230/3128/2230
f 2204/3136/2204 2230/3128/2230 2195/3504/2195
f 2210/3499/2210 2207/3004/2207 2206/3158/2206 2209/3157/2209
f 2199/3149/2199 2192/3163/2192 2191/3161/2191 2198/3160/2198
f 1962/3159/1962 1963/3505/1963 2198/3160/2198
f 2188/3176/2188 2203/3155/2203 2204/3136/2204 2195/3504/2195
f 2200/3153/2200 2223/3132/2223 2193/3164/2193
f 2223/3132/2223 2218/3133/2218 2193/3164/2193
f 2191/3161/2191 2186/3506/2186 1961/3507/1961 1962/3159/1962
f 2190/3002/2190 2189/3170/2189 2197/3167/2197 2207/3004/2207
f 2191/3161/2191 2192/3163/2192 2186/3506/2186
f 2188/3176/2188 2195/3504/2195 2205/3503/2205
f 2189/3170/2189 2196/3166/2196 2197/3167/2197
f 2181/3184/2181 2180/3508/2180 2200/3153/2200 2193/3164/2193
f 1961/3509/1961 2186/3169/2186 2180/3508/2180
f 2186/3169/2186 2200/3153/2200 2180/3508/2180
f 2189/3510/2189 2184/3511/2184 2183/3178/2183 2205/3503/2205
f 2181/3184/2181 2193/3164/2193 2194/3165/2194
f 2194/3165/2194 2187/3151/2187 2171/3186/2171
f 2183/3178/2183 2188/3176/2188 2205/3503/2205
f 2166/3181/2166 1959/3512/1959 1960/3173/1960 2180/3172/2180
f 2185/3001/2185 2189/3170/2189 2190/3002/2190
f 2181/3513/2181 2169/3514/2169 2168/3182/2168 2180/3172/2180
f 2175/3515/2175 2174/3516/2174 2203/3155/2203 2182/3177/2182
f 2170/3185/2170 2181/3184/2181 2194/3165/2194
f 2176/3188/2176 2175/3515/2175 2182/3177/2182 2183/3178/2183
f 2184/3511/2184 2178/3517/2178 2177/3189/2177 2183/3178/2183
f 2154/3518/2154 2153/3193/2153 2166/3181/2166 2167/3180/2167
f 2178/3190/2178 2184/3519/2184 2185/3191/2185
f 1959/3512/1959 2166/3181/2166 1958/3192/1958
f 2155/3204/2155 2154/3518/2154 2167/3180/2167 2168/3182/2168
f 2202/3154/2202 2172/3175/2172 2158/3199/2158 2201/3150/2201
f 2168/3182/2168 2169/3514/2169 2155/3204/2155
f 2155/3204/2155 2169/3514/2169 2170/3520/2170
f 2170/3185/2170 2194/3165/2194 2156/3198/2156
f 2174/3516/2174 2159/3521/2159 2173/3187/2173 2203/3155/2203
f 2160/3522/2160 2159/3521/2159 2174/3516/2174 2175/3515/2175
f 2161/3523/2161 2160/3524/2160 2175/3525/2175 2176/3526/2176
f 2162/3527/2162 2161/3523/2161 2176/3526/2176 2177/3528/2177
f 2178/3190/2178 2163/3200/2163 2162/3529/2162 2177/3530/2177
f 2165/2998/2165 2164/3201/2164 2178/3190/2178 2179/2999/2179
f 2141/3206/2141 2140/3203/2140 2153/3193/2153 2154/3518/2154
f 2140/3203/2140 1958/3192/1958 2153/3193/2153
f 2143/3531/2143 2142/3205/2142 2155/3204/2155 2170/3520/2170
f 2141/3206/2141 2154/3518/2154 2155/3204/2155
f 2144/3532/2144 2143/3531/2143 2170/3520/2170 2156/3533/2156
f 2145/3208/2145 2144/3534/2144 2156/3198/2156 2171/3186/2171
f 2173/3187/2173 2148/3216/2148 2147/3209/2147 2172/3175/2172
f 2171/3186/2171 2157/3174/2157 2146/3207/2146
f 2159/3521/2159 2149/3219/2149 2148/3216/2148 2173/3187/2173
f 2160/3522/2160 2150/3535/2150 2149/3219/2149 2159/3521/2159
f 2161/3523/2161 2151/3536/2151 2150/3221/2150 2160/3524/2160
f 2162/3527/2162 2163/3537/2163 2151/3536/2151 2161/3523/2161
f 2164/3201/2164 2139/3210/2139 2152/3538/2152 2163/3200/2163
f 2126/3226/2126 2125/3211/2125 2140/3203/2140 2141/3206/2141
f 1957/3202/1957 2140/3203/2140 1956/3212/1956
f 2127/3539/2127 2126/3226/2126 2141/3206/2141 2142/3205/2142
f 2128/3540/2128 2127/3539/2127 2142/3205/2142 2143/3531/2143
f 2129/3541/2129 2128/3540/2128 2143/3531/2143 2144/3532/2144
f 2145/3542/2145 2130/3543/2130 2129/3541/2129 2144/3532/2144
f 2131/3214/2131 2130/3544/2130 2145/3208/2145 2146/3207/2146
f 2163/3537/2163 2137/3238/2137 2136/3222/2136 2151/3536/2151
f 2147/3209/2147 2148/3216/2148 2134/3218/2134
f 2136/3222/2136 2150/3221/2150 2151/3536/2151
f 2139/3338/2139 2138/3545/2138 2137/3238/2137 2152/3546/2152
f 2137/3238/2137 2163/3537/2163 2152/3546/2152
f 2107/3228/2107 2106/3240/2106 2125/3211/2125 2126/3226/2126
f 1956/3223/1956 2125/3547/2125 2106/3224/2106
f 2109/3548/2109 2108/3227/2108 2126/3226/2126 2127/3539/2127
f 2110/3549/2110 2109/3548/2109 2127/3539/2127 2128/3540/2128
f 2111/3550/2111 2110/3549/2110 2129/3541/2129 2130/3543/2130
f 2128/3540/2128 2129/3541/2129 2110/3549/2110
f 2131/3551/2131 2112/3552/2112 2111/3550/2111 2130/3543/2130
f 2115/3249/2115 2114/3231/2114 2147/3209/2147 2134/3218/2134
f 2132/3213/2132 2157/3174/2157 2133/3215/2133
f 2113/3230/2113 2158/3199/2158 2147/3209/2147
f 2135/3553/2135 2117/3554/2117 2116/3555/2116 2134/3556/2134
f 2149/3557/2149 2118/3558/2118 2117/3554/2117 2135/3553/2135
f 2136/3222/2136 2119/3235/2119 2118/3251/2118 2149/3220/2149
f 2137/3238/2137 2121/3237/2121 2120/3236/2120 2136/3222/2136
f 2138/3545/2138 2123/3253/2123 2122/3239/2122 2137/3238/2137
f 2139/3338/2139 2124/3336/2124 2123/3253/2123 2138/3545/2138
f 2089/3254/2089 2088/3241/2088 2106/3240/2106 2107/3228/2107
f 1955/3559/1955 2106/3240/2106 2087/3242/2087
f 2090/3255/2090 2089/3254/2089 2107/3228/2107 2108/3227/2108
f 2091/3257/2091 2090/3255/2090 2109/3548/2109 2110/3549/2110
f 2108/3227/2108 2109/3548/2109 2090/3255/2090
f 2092/3560/2092 2091/3257/2091 2110/3549/2110 2111/3550/2111
f 2093/3561/2093 2092/3560/2092 2111/3550/2111 2112/3552/2112
f 2094/3244/2094 2093/3562/2093 2112/3229/2112 2132/3213/2132
f 2076/3246/2076 2095/3245/2095 2132/3213/2132 2133/3215/2133
f 2116/3233/2116 2099/3271/2099 2098/3270/2098 2115/3234/2115
f 2096/3247/2096 2133/3215/2133 2113/3230/2113
f 2097/3248/2097 2113/3230/2113 2114/3231/2114
f 2117/3563/2117 2100/3564/2100 2099/3271/2099 2116/3233/2116
f 2120/3236/2120 2102/3565/2102 2101/3252/2101 2119/3235/2119
f 2100/3566/2100 2117/3554/2117 2118/3558/2118
f 2121/3237/2121 2103/3567/2103 2102/3565/2102 2120/3236/2120
f 2124/3336/2124 2105/3335/2105 2104/3197/2104 2123/3253/2123
f 2103/3567/2103 2121/3237/2121 2122/3239/2122
f 2067/3276/2067 1954/3273/1954 2087/3242/2087 2088/3241/2088
f 1955/3559/1955 2087/3242/2087 1954/3273/1954
f 2068/3256/2068 2067/3276/2067 2088/3241/2088 2089/3254/2089
f 2071/3568/2071 2070/3258/2070 2091/3257/2091 2092/3560/2092
f 2069/3259/2069 2090/3255/2090 2091/3257/2091
f 2072/3569/2072 2071/3568/2071 2092/3560/2092 2093/3561/2093
f 2073/3262/2073 2072/3569/2072 2093/3561/2093 2094/3260/2094
f 2097/3248/2097 2079/3286/2079 2078/3570/2078 2096/3247/2096
f 2100/3564/2100 2082/3571/2082 2081/3272/2081 2099/3271/2099
f 2080/3269/2080 2114/3231/2114 2098/3250/2098
f 2118/3558/2118 2083/3290/2083 2082/3289/2082 2100/3566/2100
f 2084/3292/2084 2083/3290/2083 2118/3558/2118 2101/3572/2101
f 2102/3573/2102 2085/3293/2085 2084/3292/2084 2101/3572/2101
f 2103/3567/2103 2086/3296/2086 2085/3574/2085 2102/3565/2102
f 2055/3575/2055 2054/3277/2054 2069/3259/2069 2070/3258/2070
f 2086/3296/2086 2103/3567/2103 2122/3239/2122
f 2086/3296/2086 2122/3239/2122 2104/3197/2104
f 2068/3256/2068 2090/3255/2090 2039/3278/2039
f 2090/3255/2090 2069/3259/2069 2039/3278/2039
f 2056/3576/2056 2055/3575/2055 2070/3258/2070 2071/3568/2071
f 2081/3272/2081 2062/3313/2062 2061/3577/2061 2098/3270/2098
f 2058/3283/2058 2074/3261/2074 2075/3264/2075
f 2075/3264/2075 2076/3265/2076 2043/3285/2043
f 2076/3265/2076 2077/3267/2077 2059/3284/2059
f 2059/3284/2059 2077/3267/2077 2078/3268/2078
f 2060/3287/2060 2097/3248/2097 2080/3269/2080
f 2086/3296/2086 2065/3295/2065 2064/3578/2064 2085/3574/2085
f 2062/3313/2062 2081/3272/2081 2082/3571/2082
f 2041/3304/2041 2040/3579/2040 2072/3569/2072 2073/3262/2073
f 2066/3196/2066 2086/3296/2086 2104/3197/2104
f 2053/3274/2053 2067/3276/2067 2038/3297/2038
f 2056/3281/2056 2072/3280/2072 2040/3580/2040
f 2045/3581/2045 2044/3299/2044 2059/3284/2059 2078/3268/2078
f 2041/3304/2041 2073/3262/2073 2057/3282/2057
f 2042/3298/2042 2075/3264/2075 2043/3285/2043
f 1999/3582/1999 2045/3581/2045 2078/3268/2078 2079/3583/2079
f 2061/3577/2061 2062/3313/2062 2046/3312/2046 2080/3584/2080
f 2082/3571/2082 2048/3315/2048 2047/3314/2047 2062/3313/2062
f 2064/3294/2064 2050/3317/2050 2049/3302/2049 2084/3292/2084
f 2048/3585/2048 2082/3289/2082 2063/3291/2063
f 2065/3586/2065 2051/3318/2051 2050/3317/2050 2064/3294/2064
f 2066/3196/2066 2052/3587/2052 2051/3588/2051 2065/3295/2065
f 2009/3589/2009 2010/3590/2010 2039/3278/2039 2054/3277/2054
f 2011/3303/2011 1953/3275/1953 2053/3274/2053
f 2038/3297/2038 2068/3256/2068 2010/3590/2010
f 2068/3256/2068 2039/3278/2039 2010/3590/2010
f 2055/3575/2055 2008/3591/2008 2009/3589/2009 2054/3277/2054
f 2056/3576/2056 2040/3579/2040 2008/3591/2008 2055/3575/2055
f 2058/3592/2058 2006/3593/2006 2007/3594/2007 2057/3595/2057
f 2042/3596/2042 2005/3597/2005 2006/3593/2006 2058/3592/2058
f 2043/3307/2043 2004/3306/2004 2005/3597/2005 2042/3596/2042
f 2002/3598/2002 2003/3308/2003 2043/3307/2043 2044/3599/2044
f 2001/3311/2001 2002/3598/2002 2044/3599/2044 2045/3309/2045
f 2052/3587/2052 1996/3320/1996 1997/3600/1997 2051/3588/2051
f 2045/3581/2045 1999/3582/1999 2000/3601/2000
f 1999/3300/1999 2060/3287/2060 2046/3301/2046
f 2048/3602/2048 2063/3603/2063 2049/3604/2049
f 2013/3605/2013 2371/3013/2371 2370/3028/2370 2012/3321/2012
f 1996/3320/1996 2052/3587/2052 2066/3196/2066
f 2374/3017/2374 2373/3016/2373 2021/3606/2021 2022/3607/2022
f 2371/3013/2371 2013/3605/2013 2014/3014/2014
f 2019/3370/2019 2020/3608/2020 2373/3372/2373
f 2020/3609/2020 2021/3606/2021 2373/3016/2373
f 2375/3376/2375 2374/3377/2374 2022/3610/2022 2023/3611/2023
f 2376/3374/2376 2375/3376/2375 2023/3611/2023 2024/3612/2024
f 2377/3613/2377 2376/3614/2376 2024/3615/2024 2025/3616/2025
f 2026/3617/2026 2378/3618/2378 2377/3613/2377 2025/3616/2025
f 2027/3619/2027 2379/3620/2379 2378/3621/2378 2026/3622/2026
f 2383/3022/2383 2382/3330/2382 2035/3329/2035 2036/3623/2036
f 2379/3384/2379 2027/3624/2027 2028/3385/2028
f 2029/3625/2029 2030/3326/2030 2380/3328/2380
f 2034/3019/2034 2035/3626/2035 2381/3020/2381
f 2384/3023/2384 2383/3022/2383 2036/3623/2036 2037/3332/2037
o Cube.008
v 4.451512 2.256099 -0.065191
v 4.451512 2.797077 -0.065191
v 3.276851 2.256099 -1.239851
v 3.276851 2.797077 -1.239851
v 5.433384 2.275728 -1.115868
v 5.430170 2.968141 -1.080330
v 4.325316 2.275728 -2.223936
v 4.289778 2.968141 -2.220722
v 3.769608 2.181682 -0.574540
v 4.469563 2.587061 0.125415
v 3.769608 2.847304 -0.574540
v 3.089564 2.587061 -1.254584
v 3.615643 2.181682 -1.780662
v 3.615643 2.875191 -1.780662
v 4.179842 2.637514 -2.415612
v 4.898207 2.152516 -1.705352
v 4.877435 3.083003 -1.684581
v 5.630591 2.637514 -0.964863
v 4.995641 2.181682 -0.400663
v 4.995641 2.875191 -0.400663
v 3.572871 2.587061 -0.377804
v 3.389440 2.592638 -2.006864
v 5.711762 2.256302 -2.704856
v 5.228481 2.592638 -0.167823
v 4.295686 2.011991 -1.100618
v 4.295686 3.002081 -1.100618
v 4.994121 3.049194 -2.409465
v 5.259758 2.663268 -2.556062
v 5.265941 2.393649 -2.495278
v 5.682601 2.393649 -2.078618
v 5.487812 2.333021 -2.303807
v 5.360696 3.125713 -2.176691
v 5.599555 3.049194 -1.804032
v 5.742633 2.663268 -2.073186
v 5.622481 2.706851 -2.440689
v 5.704263 2.179269 -2.681450
v 5.863242 2.179269 -2.522470
v 5.819371 2.122425 -2.637578
v 5.886648 2.256302 -2.529970
v 5.844135 2.222353 -2.662343
v 3.444054 2.204831 -0.953770
v 4.155874 2.204831 -0.241950
v 4.466471 2.401874 0.068648
v 4.466471 2.720958 0.068648
v 4.155874 2.828299 -0.241950
v 3.444054 2.828299 -0.953770
v 3.145763 2.720958 -1.252060
v 3.145763 2.401874 -1.252060
v 3.926610 2.205844 -2.029563
v 3.381223 2.204831 -1.487520
v 3.381223 2.831785 -1.487520
v 3.922168 2.916235 -2.029162
v 4.186395 2.822642 -2.365919
v 4.209046 2.440511 -2.366347
v 5.197231 2.180969 -1.379174
v 4.578251 2.180969 -1.998154
v 4.545878 3.055021 -1.988004
v 5.187082 3.055021 -1.346801
v 5.580206 2.822642 -0.972107
v 5.580634 2.440511 -0.994758
v 4.701931 2.204831 -0.166813
v 5.243852 2.205844 -0.712322
v 5.243450 2.916235 -0.707880
v 4.701931 2.831785 -0.166813
v 4.007752 2.587061 -0.041136
v 3.621978 2.738528 -0.426911
v 3.243670 2.587061 -0.805218
v 3.621978 2.381169 -0.426911
v 3.154444 2.587758 -1.666288
v 3.442230 2.755260 -1.954074
v 3.734781 2.606614 -2.255469
v 3.442230 2.381866 -1.954074
v 5.569439 2.369507 -1.613476
v 5.209611 2.280143 -2.021181
v 4.695504 3.031399 -2.352200
v 5.144388 3.139757 -1.955959
v 5.476256 2.606614 -0.513994
v 5.174861 2.755260 -0.221443
v 4.887075 2.587758 0.066343
v 5.174861 2.381866 -0.221443
v 3.917378 2.054347 -1.478926
v 4.593027 2.050701 -1.398237
v 4.681460 2.054347 -0.714844
v 4.007900 2.054347 -0.812832
v 3.917378 2.965075 -1.478926
v 4.007900 2.936491 -0.812832
v 4.681460 2.965075 -0.714844
v 4.590431 3.041249 -1.395640
v 5.088637 2.920548 -2.484045
v 5.229045 2.491515 -2.550375
v 5.597204 2.345516 -2.179215
v 5.364465 2.345516 -2.411955
v 5.168331 3.106712 -2.330020
v 5.515784 3.106712 -1.982567
v 5.672583 2.920548 -1.900100
v 5.738467 2.491515 -2.040953
v 5.497306 2.701251 -2.522237
v 5.506413 2.963400 -2.324345
v 5.704522 2.701251 -2.315022
v 5.577287 2.414408 -2.648895
v 4.708993 2.680351 -2.502181
v 5.703686 2.680351 -1.507488
v 5.550962 3.031399 -1.496741
v 4.811862 2.369508 -2.371053
v 5.721771 2.190915 -2.710986
v 5.856183 2.133642 -2.583690
v 5.765482 2.133641 -2.674391
v 5.892778 2.190915 -2.539979
v 5.780789 2.228498 -2.702172
v 5.883965 2.228498 -2.598997
v 5.870465 2.110334 -2.688673
v 5.565993 2.286207 -2.611543
v 5.831179 2.414408 -2.395003
v 5.746788 2.438437 -2.564996
v 5.692717 2.241447 -2.510648
v 5.794027 2.286207 -2.383509
v 4.039304 2.390430 -0.095333
v 4.039304 2.730050 -0.095333
v 3.297760 2.730050 -0.836877
v 3.297760 2.390430 -0.836877
v 3.211603 2.390517 -1.630605
v 3.211603 2.732141 -1.630605
v 3.771507 2.782654 -2.199201
v 3.774338 2.396370 -2.199254
v 5.670529 2.501031 -1.534907
v 4.664555 2.877334 -2.460435
v 5.411554 2.299590 -1.795299
v 4.885782 3.116097 -2.184508
v 5.419229 2.396370 -0.554363
v 5.419175 2.782654 -0.551532
v 4.850593 2.732141 0.008385
v 4.850593 2.390517 0.008385
v 3.651545 2.091327 -1.190662
v 4.222043 2.088551 -1.751676
v 4.953778 2.088551 -1.019941
v 4.393089 2.091327 -0.449118
v 4.217996 3.007094 -1.750407
v 3.651545 2.905246 -1.190662
v 4.393089 2.905246 -0.449118
v 4.952509 3.007094 -1.015894
v 5.805701 2.436388 -2.479732
v 5.348725 2.953401 -2.433148
v 5.616107 2.953401 -2.165765
v 5.550005 2.345843 -2.643744
v 5.376765 3.116097 -1.693524
v 4.987462 2.299590 -2.219391
v 4.736146 2.501031 -2.469290
v 5.661769 2.877334 -1.463221
v 5.815591 2.121382 -2.721030
v 5.902822 2.121382 -2.633799
v 5.661613 2.436388 -2.623821
v 5.750890 2.250615 -2.441306
v 5.826299 2.345843 -2.367450
v 5.623531 2.250615 -2.568666
vn -0.0801 -0.7885 0.6097
vn -0.0602 0.9112 0.4076
vn -0.6165 -0.7843 0.0686
vn -0.4134 0.9090 0.0523
vn 0.5654 -0.8229 0.0555
vn 0.3820 0.8903 0.2479
vn -0.0693 -0.8188 -0.5699
vn -0.2623 0.8848 -0.3851
vn -0.3809 -0.8430 0.3798
vn -0.0963 0.0492 0.9941
vn -0.2560 0.9324 0.2551
vn -0.9954 0.0490 0.0818
vn -0.3370 -0.8797 -0.3355
vn -0.3041 0.9373 -0.1700
vn -0.2653 -0.0025 -0.9642
vn 0.1784 -0.9675 -0.1793
vn -0.0896 0.9920 0.0889
vn 0.9697 -0.0003 0.2444
vn 0.3272 -0.8860 0.3286
vn 0.1627 0.9408 0.2972
vn -0.7070 0.0508 0.7054
vn -0.7169 0.0377 -0.6961
vn -0.0580 0.2428 -0.9683
vn 0.6961 0.0381 0.7170
vn -0.0043 -1.0000 0.0032
vn -0.0898 0.9920 0.0890
vn -0.0800 0.7452 -0.6620
vn -0.0449 0.1872 -0.9813
vn -0.2721 -0.7822 -0.5605
vn 0.5620 -0.7863 0.2567
vn -0.0657 -0.9957 0.0651
vn 0.2599 0.9298 -0.2606
vn 0.6583 0.7502 0.0613
vn 0.9812 0.1916 0.0241
vn 0.5926 0.5449 -0.5932
vn -0.6380 -0.7173 -0.2801
vn 0.2805 -0.7186 0.6364
vn -0.2404 -0.9405 0.2403
vn 0.9684 0.2436 0.0543
vn 0.6420 0.4192 -0.6420
vn -0.5036 -0.8279 0.2470
vn -0.2516 -0.8289 0.4996
vn -0.0882 -0.4964 0.8636
vn -0.0819 0.6467 0.7584
vn -0.1651 0.9256 0.3407
vn -0.3438 0.9250 0.1619
vn -0.7623 0.6435 0.0699
vn -0.8672 -0.4924 0.0750
vn -0.1868 -0.8610 -0.4731
vn -0.4957 -0.8542 -0.1568
vn -0.3579 0.9310 -0.0721
vn -0.2771 0.9230 -0.2670
vn -0.3011 0.5337 -0.7902
vn -0.1961 -0.4914 -0.8486
vn 0.3193 -0.9450 -0.0709
vn 0.0655 -0.9444 -0.3222
vn -0.1769 0.9830 -0.0500
vn 0.0481 0.9839 0.1720
vn 0.7914 0.5428 0.2813
vn 0.8499 -0.4963 0.1773
vn 0.1473 -0.8599 0.4888
vn 0.4663 -0.8667 0.1768
vn 0.2604 0.9274 0.2685
vn 0.0650 0.9339 0.3516
vn -0.4851 0.0498 0.8730
vn -0.5216 0.6763 0.5202
vn -0.8772 0.0498 0.4775
vn -0.6027 -0.5247 0.6012
vn -0.9241 0.0468 -0.3792
vn -0.5576 0.6721 -0.4873
vn -0.4783 0.0180 -0.8780
vn -0.5863 -0.5624 -0.5831
vn 0.6124 -0.7890 0.0495
vn 0.1447 -0.9787 -0.1455
vn -0.2118 0.8236 -0.5261
vn -0.0311 0.9990 0.0306
vn 0.8821 0.0187 0.4706
vn 0.4828 0.6786 0.5535
vn 0.3713 0.0472 0.9273
vn 0.5791 -0.5707 0.5822
vn -0.1316 -0.9832 -0.1267
vn 0.1122 -0.9872 -0.1132
vn 0.1224 -0.9843 0.1273
vn -0.1613 -0.9738 0.1603
vn -0.1820 0.9832 -0.0111
vn -0.1443 0.9791 0.1434
vn 0.0078 0.9839 0.1788
vn -0.0720 0.9949 0.0712
vn 0.0035 0.4211 -0.9070
vn -0.2444 -0.2991 -0.9224
vn 0.1278 -0.9770 0.1709
vn -0.1759 -0.9760 -0.1284
vn 0.0856 0.8792 -0.4687
vn 0.4668 0.8795 -0.0927
vn 0.9040 0.4268 -0.0253
vn 0.9280 -0.3004 0.2203
vn 0.2801 0.4770 -0.8331
vn 0.5297 0.6616 -0.5307
vn 0.8304 0.4778 -0.2866
vn -0.0767 0.2541 -0.9641
vn -0.1381 0.0239 -0.9901
vn 0.9936 0.0287 0.1095
vn 0.5242 0.8296 0.1922
vn -0.0665 -0.7862 -0.6144
vn -0.3680 -0.2873 -0.8844
vn 0.0457 -0.8823 0.4685
vn -0.4687 -0.8822 -0.0457
vn 0.8849 -0.2876 0.3665
vn 0.3099 0.3532 -0.8827
vn 0.8826 0.3532 -0.3101
vn 0.5428 -0.6409 -0.5428
vn -0.5586 -0.7401 -0.3745
vn 0.9643 0.2566 0.0651
vn 0.5922 0.5461 -0.5925
vn -0.3104 -0.8986 0.3101
vn 0.3759 -0.7442 0.5522
vn -0.4236 -0.5042 0.7525
vn -0.3646 0.6591 0.6578
vn -0.6618 0.6582 0.3590
vn -0.7566 -0.5035 0.4171
vn -0.7818 -0.5347 -0.3208
vn -0.6979 0.6667 -0.2616
vn -0.4248 0.6249 -0.6550
vn -0.3764 -0.5428 -0.7508
vn 0.9064 -0.4089 0.1063
vn -0.1810 0.4210 -0.8888
vn 0.3098 -0.9498 -0.0433
vn -0.1346 0.9816 -0.1352
vn 0.7500 -0.5502 0.3671
vn 0.6539 0.6322 0.4156
vn 0.2527 0.6718 0.6963
vn 0.3114 -0.5420 0.7806
vn -0.2759 -0.9607 0.0323
vn -0.0114 -0.9692 -0.2461
vn 0.2421 -0.9702 0.0068
vn -0.0364 -0.9617 0.2718
vn -0.1646 0.9856 -0.0399
vn -0.2251 0.9730 0.0502
vn -0.0531 0.9736 0.2221
vn 0.0367 0.9863 0.1610
vn 0.8101 0.4975 -0.3103
vn 0.2653 0.5857 -0.7659
vn 0.7626 0.5865 -0.2730
vn -0.4306 -0.2373 -0.8708
vn 0.1346 0.9826 0.1283
vn 0.0372 -0.9495 -0.3115
vn -0.1323 -0.4068 -0.9039
vn 0.8891 0.4312 0.1537
vn 0.0824 -0.5646 -0.8212
vn 0.8212 -0.5646 -0.0824
vn 0.3073 0.4974 -0.8113
vn -0.1358 -0.8947 0.4254
vn 0.8765 -0.2381 0.4184
vn -0.4273 -0.8939 0.1357
vt 0.413899 0.690102
vt 0.419563 0.687518
vt 0.420535 0.701967
vt 0.412558 0.701095
vt 0.425465 0.686363
vt 0.426998 0.701810
vt 0.426188 0.719028
vt 0.419391 0.718627
vt 0.410767 0.716914
vt 0.428548 0.687131
vt 0.430098 0.701556
vt 0.596135 0.669553
vt 0.596571 0.665053
vt 0.606041 0.659547
vt 0.609813 0.664618
vt 0.618552 0.649225
vt 0.623330 0.654387
vt 0.429453 0.718194
vt 0.426620 0.733401
vt 0.423414 0.734624
vt 0.629258 0.637533
vt 0.633999 0.641684
vt 0.634884 0.628724
vt 0.639212 0.628707
vt 0.978755 0.364737
vt 0.982275 0.365908
vt 0.986478 0.377132
vt 0.983445 0.376961
vt 0.417057 0.733813
vt 0.409219 0.731664
vt 0.972660 0.366596
vt 0.977444 0.377778
vt 0.966161 0.371870
vt 0.971512 0.378912
vt 0.978487 0.389903
vt 0.970142 0.387499
vt 0.985038 0.390060
vt 0.984080 0.402560
vt 0.977103 0.401870
vt 0.968118 0.398609
vt 0.988159 0.389212
vt 0.631723 0.620707
vt 0.637440 0.616670
vt 0.624460 0.611138
vt 0.630367 0.606221
vt 0.141810 0.819841
vt 0.146700 0.820812
vt 0.147436 0.830180
vt 0.141940 0.829535
vt 0.148991 0.841993
vt 0.143135 0.841915
vt 0.614874 0.602940
vt 0.620085 0.598166
vt 0.603278 0.596460
vt 0.606991 0.592484
vt 0.151568 0.855817
vt 0.145583 0.856652
vt 0.974570 0.412349
vt 0.966161 0.408987
vt 0.135737 0.831538
vt 0.136901 0.843485
vt 0.139695 0.857906
vt 0.640987 0.049649
vt 0.634138 0.047215
vt 0.643670 0.035869
vt 0.649097 0.038090
vt 0.877036 0.337361
vt 0.882908 0.338654
vt 0.878943 0.355715
vt 0.873557 0.354448
vt 0.702937 0.052964
vt 0.696977 0.051901
vt 0.693114 0.035933
vt 0.697135 0.036530
vt 0.882381 0.357927
vt 0.879961 0.372962
vt 0.877247 0.371826
vt 0.871740 0.372230
vt 0.155114 0.871005
vt 0.149009 0.873392
vt 0.157043 0.857404
vt 0.160418 0.870605
vt 0.162126 0.880137
vt 0.158282 0.884055
vt 0.150758 0.890776
vt 0.686356 0.048227
vt 0.685924 0.033317
vt 0.673018 0.043752
vt 0.676830 0.030139
vt 0.680230 0.017981
vt 0.685190 0.019764
vt 0.689113 0.021239
vt 0.594764 0.603319
vt 0.584031 0.596666
vt 0.590394 0.591810
vt 0.583916 0.612580
vt 0.575574 0.603627
vt 0.568940 0.596570
vt 0.575219 0.591924
vt 0.580937 0.589742
vt 0.705215 0.067716
vt 0.697906 0.066066
vt 0.879467 0.322512
vt 0.885685 0.324128
vt 0.880598 0.310199
vt 0.886786 0.312249
vt 0.703530 0.080744
vt 0.695788 0.078564
vt 0.871038 0.336576
vt 0.873599 0.322650
vt 0.561530 0.635590
vt 0.566082 0.631729
vt 0.571779 0.643803
vt 0.566344 0.649123
vt 0.579449 0.653817
vt 0.573855 0.659806
vt 0.875091 0.310905
vt 0.875744 0.301696
vt 0.880642 0.300675
vt 0.588646 0.661553
vt 0.583982 0.667359
vt 0.421472 0.675510
vt 0.425097 0.677221
vt 0.698036 0.092124
vt 0.691206 0.089583
vt 0.886443 0.302927
vt 0.415478 0.677635
vt 0.409219 0.684639
vt 0.635039 0.081607
vt 0.634138 0.073122
vt 0.646227 0.077260
vt 0.644092 0.087014
vt 0.636157 0.061364
vt 0.649196 0.065159
vt 0.665543 0.069885
vt 0.661956 0.082309
vt 0.658985 0.092571
vt 0.653484 0.052874
vt 0.659610 0.040512
vt 0.669245 0.057019
vt 0.685103 0.061994
vt 0.682213 0.074682
vt 0.678270 0.086502
vt 0.674850 0.095885
vt 0.685797 0.096247
vt 0.605051 0.611212
vt 0.614430 0.620135
vt 0.602014 0.631697
vt 0.592848 0.622045
vt 0.622729 0.629632
vt 0.611021 0.641215
vt 0.598542 0.652566
vt 0.589509 0.643766
vt 0.581094 0.633928
vt 0.573850 0.623149
vt 0.868363 0.382599
vt 0.869363 0.379298
vt 0.877273 0.386021
vt 0.876638 0.388245
vt 0.878417 0.383658
vt 0.882962 0.388769
vt 0.883521 0.390981
vt 0.883303 0.392688
vt 0.160629 0.891557
vt 0.153112 0.897692
vt 0.164953 0.884701
vt 0.569911 0.589121
vt 0.564790 0.592417
vt 0.161986 0.895572
vt 0.154100 0.900922
vt 0.860452 0.377298
vt 0.861826 0.373184
vt 0.563887 0.602669
vt 0.561190 0.597391
vt 0.857494 0.366298
vt 0.860357 0.361564
vt 0.864208 0.365487
vt 0.868414 0.263722
vt 0.871394 0.261430
vt 0.871920 0.271325
vt 0.870143 0.272634
vt 0.145258 0.890415
vt 0.144083 0.902118
vt 0.141830 0.901492
vt 0.139553 0.907235
vt 0.137530 0.907826
vt 0.871573 0.278714
vt 0.870568 0.278346
vt 0.568017 0.611851
vt 0.562492 0.618267
vt 0.561190 0.608467
vt 0.667599 0.028031
vt 0.660379 0.026490
vt 0.671109 0.016045
vt 0.675133 0.016863
vt 0.656760 0.024885
vt 0.143615 0.874639
vt 0.140140 0.876726
vt 0.142529 0.891502
vt 0.865507 0.338374
vt 0.867442 0.352088
vt 0.862101 0.351816
vt 0.870847 0.282048
vt 0.869706 0.280357
vt 0.138998 0.909438
vt 0.135737 0.911035
vt 0.139212 0.911117
vt 0.135737 0.912526
vt 0.979127 0.486054
vt 0.981268 0.485675
vt 0.982173 0.487488
vt 0.979929 0.487969
vt 0.982092 0.489510
vt 0.979985 0.490042
vt 0.886784 0.394082
vt 0.886786 0.392568
vt 0.884986 0.389355
vt 0.980221 0.491833
vt 0.979127 0.491793
vt 0.145226 0.904447
vt 0.145854 0.906627
vt 0.685440 0.010131
vt 0.687529 0.011067
vt 0.682755 0.009098
vt 0.268071 0.964077
vt 0.268099 0.966835
vt 0.261971 0.966859
vt 0.262183 0.964894
vt 0.268878 0.961681
vt 0.263819 0.963263
vt 0.880670 0.383022
vt 0.882359 0.383513
vt 0.885330 0.388656
vt 0.679937 0.008544
vt 0.677675 0.008225
vt 0.868414 0.273893
vt 0.268878 0.969519
vt 0.262758 0.968769
s 1
usemtl Material.014
f 2385/3627/2385 2427/3628/2427 2501/3629/2501 2426/3630/2426
f 2427/3628/2427 2394/3631/2394 2449/3632/2449 2501/3629/2501
f 2501/3629/2501 2449/3632/2449 2405/3633/2405 2452/3634/2452
f 2426/3630/2426 2501/3629/2501 2452/3634/2452 2393/3635/2393
f 2394/3631/2394 2428/3636/2428 2502/3637/2502 2449/3632/2449
f 2428/3638/2428 2386/3639/2386 2429/3640/2429 2502/3641/2502
f 2502/3641/2502 2429/3640/2429 2395/3642/2395 2450/3643/2450
f 2449/3632/2449 2502/3637/2502 2450/3644/2450 2405/3633/2405
f 2405/3633/2405 2450/3644/2450 2503/3645/2503 2451/3646/2451
f 2450/3643/2450 2395/3642/2395 2430/3647/2430 2503/3648/2503
f 2503/3648/2503 2430/3647/2430 2388/3649/2388 2431/3650/2431
f 2451/3651/2451 2503/3652/2503 2431/3653/2431 2396/3654/2396
f 2393/3635/2393 2452/3634/2452 2504/3655/2504 2425/3656/2425
f 2452/3634/2452 2405/3633/2405 2451/3646/2451 2504/3655/2504
f 2504/3657/2504 2451/3651/2451 2396/3654/2396 2432/3658/2432
f 2425/3659/2425 2504/3657/2504 2432/3658/2432 2387/3660/2387
f 2387/3660/2387 2432/3658/2432 2505/3661/2505 2434/3662/2434
f 2432/3658/2432 2396/3654/2396 2453/3663/2453 2505/3661/2505
f 2505/3661/2505 2453/3663/2453 2406/3664/2406 2456/3665/2456
f 2434/3662/2434 2505/3661/2505 2456/3665/2456 2397/3666/2397
f 2396/3654/2396 2431/3653/2431 2506/3667/2506 2453/3663/2453
f 2431/3650/2431 2388/3649/2388 2435/3668/2435 2506/3669/2506
f 2506/3669/2506 2435/3668/2435 2398/3670/2398 2454/3671/2454
f 2453/3672/2453 2506/3673/2506 2454/3674/2454 2406/3675/2406
f 2406/3675/2406 2454/3674/2454 2507/3676/2507 2455/3677/2455
f 2454/3671/2454 2398/3670/2398 2436/3678/2436 2507/3679/2507
f 2507/3679/2507 2436/3678/2436 2392/3680/2392 2437/3681/2437
f 2455/3677/2455 2507/3676/2507 2437/3682/2437 2399/3683/2399
f 2397/3666/2397 2456/3665/2456 2508/3684/2508 2433/3685/2433
f 2456/3686/2456 2406/3675/2406 2455/3677/2455 2508/3687/2508
f 2508/3687/2508 2455/3677/2455 2399/3683/2399 2438/3688/2438
f 2433/3689/2433 2508/3690/2508 2438/3691/2438 2391/3692/2391
f 2402/3693/2402 2444/3694/2444 2509/3695/2509 2486/3696/2486
f 2444/3697/2444 2389/3698/2389 2457/3699/2457 2509/3700/2509
f 2509/3695/2509 2457/3701/2457 2414/3702/2414 2480/3703/2480
f 2486/3696/2486 2509/3695/2509 2480/3703/2480 2418/3704/2418
f 2399/3683/2399 2437/3682/2437 2510/3705/2510 2485/3706/2485
f 2437/3682/2437 2392/3707/2392 2459/3708/2459 2510/3705/2510
f 2510/3705/2510 2459/3708/2459 2411/3709/2411 2473/3710/2473
f 2485/3706/2485 2510/3705/2510 2473/3710/2473 2412/3711/2412
f 2389/3698/2389 2439/3712/2439 2511/3713/2511 2457/3699/2457
f 2439/3712/2439 2400/3714/2400 2458/3715/2458 2511/3713/2511
f 2511/3713/2511 2458/3715/2458 2415/3716/2415 2475/3717/2475
f 2457/3699/2457 2511/3713/2511 2475/3717/2475 2414/3718/2414
f 2392/3680/2392 2441/3719/2441 2512/3720/2512 2459/3721/2459
f 2441/3719/2441 2401/3722/2401 2460/3723/2460 2512/3720/2512
f 2512/3720/2512 2460/3723/2460 2416/3724/2416 2477/3725/2477
f 2459/3721/2459 2512/3720/2512 2477/3725/2477 2411/3726/2411
f 2389/3698/2389 2444/3697/2444 2513/3727/2513 2446/3728/2446
f 2444/3694/2444 2402/3693/2402 2461/3729/2461 2513/3730/2513
f 2513/3730/2513 2461/3729/2461 2408/3731/2408 2464/3732/2464
f 2446/3728/2446 2513/3727/2513 2464/3733/2464 2403/3734/2403
f 2402/3693/2402 2443/3735/2443 2514/3736/2514 2461/3729/2461
f 2443/3737/2443 2390/3738/2390 2447/3739/2447 2514/3740/2514
f 2514/3740/2514 2447/3739/2447 2404/3741/2404 2462/3742/2462
f 2461/3729/2461 2514/3736/2514 2462/3743/2462 2408/3731/2408
f 2408/3731/2408 2462/3743/2462 2515/3744/2515 2463/3745/2463
f 2462/3742/2462 2404/3741/2404 2448/3746/2448 2515/3747/2515
f 2515/3747/2515 2448/3746/2448 2386/3639/2386 2428/3638/2428
f 2463/3748/2463 2515/3749/2515 2428/3636/2428 2394/3631/2394
f 2403/3734/2403 2464/3733/2464 2516/3750/2516 2445/3751/2445
f 2464/3732/2464 2408/3731/2408 2463/3745/2463 2516/3752/2516
f 2516/3753/2516 2463/3748/2463 2394/3631/2394 2427/3628/2427
f 2445/3754/2445 2516/3753/2516 2427/3628/2427 2385/3627/2385
f 2387/3755/2387 2434/3756/2434 2517/3757/2517 2425/3758/2425
f 2434/3756/2434 2397/3759/2397 2465/3760/2465 2517/3757/2517
f 2517/3757/2517 2465/3760/2465 2409/3761/2409 2468/3762/2468
f 2425/3758/2425 2517/3757/2517 2468/3762/2468 2393/3763/2393
f 2397/3759/2397 2433/3689/2433 2518/3764/2518 2465/3760/2465
f 2433/3689/2433 2391/3692/2391 2440/3765/2440 2518/3764/2518
f 2518/3764/2518 2440/3765/2440 2400/3714/2400 2466/3766/2466
f 2465/3760/2465 2518/3764/2518 2466/3766/2466 2409/3761/2409
f 2409/3761/2409 2466/3766/2466 2519/3767/2519 2467/3768/2467
f 2466/3766/2466 2400/3714/2400 2439/3712/2439 2519/3767/2519
f 2519/3767/2519 2439/3712/2439 2389/3698/2389 2446/3728/2446
f 2467/3768/2467 2519/3767/2519 2446/3728/2446 2403/3734/2403
f 2393/3763/2393 2468/3762/2468 2520/3769/2520 2426/3770/2426
f 2468/3762/2468 2409/3761/2409 2467/3768/2467 2520/3769/2520
f 2520/3769/2520 2467/3768/2467 2403/3734/2403 2445/3751/2445
f 2426/3770/2426 2520/3769/2520 2445/3751/2445 2385/3771/2385
f 2392/3680/2392 2436/3678/2436 2521/3772/2521 2441/3719/2441
f 2436/3678/2436 2398/3670/2398 2469/3773/2469 2521/3772/2521
f 2521/3772/2521 2469/3773/2469 2410/3774/2410 2472/3775/2472
f 2441/3719/2441 2521/3772/2521 2472/3775/2472 2401/3722/2401
f 2398/3670/2398 2435/3668/2435 2522/3776/2522 2469/3773/2469
f 2435/3668/2435 2388/3649/2388 2430/3647/2430 2522/3776/2522
f 2522/3776/2522 2430/3647/2430 2395/3642/2395 2470/3777/2470
f 2469/3773/2469 2522/3776/2522 2470/3777/2470 2410/3774/2410
f 2410/3774/2410 2470/3777/2470 2523/3778/2523 2471/3779/2471
f 2470/3777/2470 2395/3642/2395 2429/3640/2429 2523/3778/2523
f 2523/3778/2523 2429/3640/2429 2386/3639/2386 2448/3746/2448
f 2471/3779/2471 2523/3778/2523 2448/3746/2448 2404/3741/2404
f 2401/3722/2401 2472/3775/2472 2524/3780/2524 2442/3781/2442
f 2472/3775/2472 2410/3774/2410 2471/3779/2471 2524/3780/2524
f 2524/3780/2524 2471/3779/2471 2404/3741/2404 2447/3739/2447
f 2442/3781/2442 2524/3780/2524 2447/3739/2447 2390/3738/2390
f 2419/3782/2419 2483/3783/2483 2525/3784/2525 2498/3785/2498
f 2483/3783/2483 2418/3704/2418 2497/3786/2497 2525/3784/2525
f 2525/3784/2525 2497/3786/2497 2423/3787/2423 2494/3788/2494
f 2498/3785/2498 2525/3784/2525 2494/3788/2494 2424/3789/2424
f 2412/3711/2412 2473/3710/2473 2526/3790/2526 2481/3791/2481
f 2473/3710/2473 2411/3709/2411 2477/3792/2477 2526/3790/2526
f 2526/3793/2526 2477/3725/2477 2416/3724/2416 2482/3794/2482
f 2481/3791/2481 2526/3790/2526 2482/3795/2482 2419/3796/2419
f 2419/3782/2419 2482/3797/2482 2527/3798/2527 2483/3783/2483
f 2482/3794/2482 2416/3724/2416 2478/3799/2478 2527/3800/2527
f 2527/3798/2527 2478/3801/2478 2417/3802/2417 2479/3803/2479
f 2483/3783/2483 2527/3798/2527 2479/3803/2479 2418/3704/2418
f 2413/3804/2413 2474/3805/2474 2528/3806/2528 2496/3807/2496
f 2474/3808/2474 2412/3711/2412 2484/3809/2484 2528/3810/2528
f 2528/3810/2528 2484/3809/2484 2407/3811/2407 2489/3812/2489
f 2496/3807/2496 2528/3806/2528 2489/3813/2489 2420/3814/2420
f 2401/3722/2401 2442/3781/2442 2529/3815/2529 2460/3723/2460
f 2442/3781/2442 2390/3738/2390 2487/3816/2487 2529/3815/2529
f 2529/3815/2529 2487/3816/2487 2417/3817/2417 2478/3799/2478
f 2460/3723/2460 2529/3815/2529 2478/3799/2478 2416/3724/2416
f 2400/3714/2400 2440/3765/2440 2530/3818/2530 2458/3715/2458
f 2440/3765/2440 2391/3692/2391 2488/3819/2488 2530/3818/2530
f 2530/3818/2530 2488/3819/2488 2413/3820/2413 2476/3821/2476
f 2458/3715/2458 2530/3818/2530 2476/3821/2476 2415/3716/2415
f 2391/3692/2391 2438/3691/2438 2531/3822/2531 2488/3819/2488
f 2438/3688/2438 2399/3683/2399 2485/3706/2485 2531/3823/2531
f 2531/3823/2531 2485/3706/2485 2412/3711/2412 2474/3808/2474
f 2488/3824/2488 2531/3823/2531 2474/3808/2474 2413/3825/2413
f 2390/3826/2390 2443/3735/2443 2532/3827/2532 2487/3828/2487
f 2443/3735/2443 2402/3693/2402 2486/3696/2486 2532/3827/2532
f 2532/3827/2532 2486/3696/2486 2418/3704/2418 2479/3803/2479
f 2487/3828/2487 2532/3827/2532 2479/3803/2479 2417/3802/2417
f 2420/3814/2420 2489/3813/2489 2533/3829/2533 2491/3830/2491
f 2489/3812/2489 2407/3811/2407 2493/3831/2493 2533/3832/2533
f 2533/3832/2533 2493/3831/2493 2424/3833/2424 2495/3834/2495
f 2491/3835/2491 2533/3836/2533 2495/3837/2495 2422/3838/2422
f 2422/3838/2422 2495/3837/2495 2534/3839/2534 2490/3840/2490
f 2495/3841/2495 2424/3789/2424 2494/3788/2494 2534/3842/2534
f 2534/3842/2534 2494/3788/2494 2423/3787/2423 2492/3843/2492
f 2490/3840/2490 2534/3839/2534 2492/3844/2492 2421/3845/2421
f 2412/3711/2412 2481/3791/2481 2535/3846/2535 2484/3809/2484
f 2481/3791/2481 2419/3796/2419 2498/3847/2498 2535/3846/2535
f 2535/3846/2535 2498/3847/2498 2424/3833/2424 2493/3831/2493
f 2484/3809/2484 2535/3846/2535 2493/3831/2493 2407/3811/2407
f 2414/3718/2414 2475/3717/2475 2536/3848/2536 2500/3849/2500
f 2475/3717/2475 2415/3716/2415 2499/3850/2499 2536/3848/2536
f 2536/3851/2536 2499/3852/2499 2422/3853/2422 2490/3854/2490
f 2500/3855/2500 2536/3851/2536 2490/3854/2490 2421/3856/2421
f 2418/3704/2418 2480/3703/2480 2537/3857/2537 2497/3786/2497
f 2480/3703/2480 2414/3702/2414 2500/3858/2500 2537/3857/2537
f 2537/3857/2537 2500/3858/2500 2421/3859/2421 2492/3843/2492
f 2497/3786/2497 2537/3857/2537 2492/3843/2492 2423/3787/2423
f 2415/3716/2415 2476/3821/2476 2538/3860/2538 2499/3850/2499
f 2476/3821/2476 2413/3820/2413 2496/3861/2496 2538/3860/2538
f 2538/3862/2538 2496/3807/2496 2420/3814/2420 2491/3830/2491
f 2499/3852/2499 2538/3863/2538 2491/3864/2491 2422/3853/2422
o Cube.009
v 4.116452 2.307173 -0.137683
v 3.946677 1.279987 0.075208
v 4.776147 2.307173 -0.797379
v 4.627256 1.279987 -0.605372
v 3.456756 2.307173 -0.797379
v 3.243865 1.279987 -0.627604
v 4.116452 2.307173 -1.457075
v 3.924444 1.279987 -1.308183
v 3.473667 1.246634 -1.091721
v 3.478114 1.246634 -0.159041
v 4.089167 1.848415 0.019017
v 4.089167 1.848415 -1.559204
v 4.878277 1.848415 -0.770094
v 3.300056 1.848415 -0.770094
v 4.511007 2.398683 -1.191934
v 4.511007 2.398683 -0.402824
v 4.388561 1.246634 -1.069488
v 3.721897 2.398683 -1.191934
v 3.721897 2.398683 -0.402824
v 4.410794 1.246634 -0.154594
v 4.116452 2.607351 -0.797379
v 4.631273 1.848415 -1.312200
v 3.547060 1.848415 -1.312200
v 3.634161 0.195325 -0.773580
v 4.631273 1.848415 -0.227987
v 3.547060 1.848415 -0.227987
v 3.223838 0.656553 -0.539180
v 3.437381 0.618883 -0.954190
v 3.777887 0.772128 -1.143812
v 3.858253 0.656553 0.095235
v 3.435360 0.618882 -0.116287
v 4.183676 0.865214 -0.864603
v 4.462885 0.772128 -0.458814
v 4.273263 0.618882 -0.118308
v 4.231576 1.403268 -1.628772
v 4.005415 0.177699 -1.251503
v 4.100305 0.424777 -1.413884
v 4.092653 0.195325 -0.315088
v 3.853269 0.113227 -0.534196
v 4.705836 1.769132 -2.032653
v 4.732957 0.424777 -0.781232
v 4.570576 0.177699 -0.686342
v 4.342592 0.055960 -1.023519
v 4.558033 1.448786 -1.238959
v 4.947845 1.403268 -0.912503
v 5.208790 0.939312 -1.214949
v 4.534022 0.939311 -1.889717
v 4.537523 0.713013 -1.804670
v 5.077184 0.690227 -2.477606
v 5.123743 0.713013 -1.218450
v 4.799854 0.596523 -1.480781
v 5.070664 1.812328 -1.751591
v 5.351727 1.769132 -1.386763
v 5.687666 1.305154 -1.774879
v 5.093952 1.305154 -2.368593
v 4.798920 0.988445 -2.126544
v 5.523211 1.335407 -2.204138
v 5.445618 0.988445 -1.479847
v 4.998990 0.872581 -1.679917
v 5.400203 0.767279 -2.618645
v 5.743798 0.742793 -2.424725
v 5.937718 0.767279 -2.081129
v 5.796679 0.690227 -1.758110
v 5.266933 0.571481 -1.382848
v 4.931383 0.487758 -1.612309
v 5.520981 0.253386 -1.592924
v 4.701921 0.571481 -1.947860
v 4.911997 0.253386 -2.201907
v 5.282414 0.325794 -2.455004
v 5.557568 0.248862 -2.238494
v 5.774077 0.325794 -1.963341
v 5.152349 0.060250 -1.833275
v 3.310234 1.263311 -0.873886
v 3.686500 1.263311 -1.250152
v 3.699839 1.263311 0.008283
v 3.310790 1.263311 -0.380766
v 4.113041 2.121441 -0.045114
v 4.030427 1.568454 0.045394
v 4.027648 1.568454 -1.465324
v 4.113041 2.121441 -1.542822
v 4.861895 2.121441 -0.793968
v 4.784397 1.568454 -0.708575
v 3.364187 2.121441 -0.793968
v 3.273679 1.568454 -0.711354
v 4.688712 2.370217 -0.973972
v 4.293046 2.370217 -1.369639
v 4.293046 2.370217 -0.225118
v 4.688712 2.370217 -0.620785
v 4.167392 1.263311 -1.237368
v 4.556441 1.263311 -0.848319
v 3.939858 2.370217 -1.369639
v 3.544191 2.370217 -0.973972
v 3.544191 2.370217 -0.620785
v 3.939858 2.370217 -0.225118
v 4.569225 1.263311 -0.367427
v 4.192959 1.263311 0.008839
v 3.900614 2.555266 -0.581541
v 3.900614 2.555266 -1.013217
v 4.332290 2.555266 -1.013217
v 4.332290 2.555266 -0.581541
v 4.810281 1.848415 -1.059533
v 4.618318 2.146903 -1.299245
v 4.378605 1.848415 -1.491208
v 4.541620 1.549276 -1.222547
v 3.799727 1.848415 -1.491208
v 3.607764 2.146903 -1.299245
v 3.368052 1.848415 -1.059533
v 3.515344 1.549276 -1.225326
v 3.192449 0.970351 -0.546064
v 3.420668 0.931455 -0.101595
v 4.234060 0.962247 -0.914987
v 3.800020 0.984424 -1.159705
v 4.378605 1.848415 -0.048979
v 4.618318 2.146903 -0.288691
v 4.810281 1.848415 -0.480655
v 4.544399 1.549276 -0.196271
v 3.368052 1.848415 -0.480655
v 3.607764 2.146903 -0.288691
v 3.799727 1.848415 -0.048979
v 3.515900 1.549276 -0.196827
v 3.293553 0.637718 -0.765200
v 3.594343 0.649974 -1.074004
v 3.634960 0.637718 0.036914
v 3.282159 0.637718 -0.315887
v 3.971160 0.872150 -1.039314
v 4.358387 0.872150 -0.652087
v 4.393077 0.649974 -0.275270
v 4.084273 0.637718 0.025520
v 4.378953 0.340600 -0.334645
v 4.604676 0.538757 -0.603271
v 3.922344 0.538757 -1.285604
v 3.653718 0.340600 -1.059881
v 4.298060 0.931455 -0.091288
v 3.865137 0.970351 0.126624
v 3.410361 0.931455 -0.978987
v 4.478778 0.984424 -0.480947
v 3.774842 0.143997 -0.967829
v 4.061644 0.293239 -1.367274
v 3.995794 0.137799 -0.405867
v 3.724940 0.137799 -0.676721
v 4.315987 1.085452 -0.996914
v 4.323152 0.403427 -1.558135
v 4.686347 0.293239 -0.742571
v 4.286902 0.143997 -0.455769
v 4.100909 0.002307 -0.781836
v 4.488585 0.089484 -0.868608
v 3.997598 1.034933 -1.354783
v 4.187681 0.089484 -1.169513
v 4.294149 0.614162 -1.613343
v 3.971525 0.372708 -0.100945
v 3.602705 0.333469 -0.283632
v 3.420018 0.372708 -0.652452
v 4.331165 1.461009 -1.448415
v 4.767488 1.461009 -1.012092
v 5.108327 1.187436 -1.044134
v 4.363208 1.187436 -1.789254
v 4.554042 0.794389 -1.890679
v 4.816807 1.731067 -1.497734
v 4.481663 1.681243 -1.882946
v 5.209753 0.794390 -1.234969
v 4.977159 0.635414 -1.311172
v 5.463607 1.205892 -1.461586
v 4.630245 0.635414 -1.658086
v 5.202019 1.681243 -1.162590
v 4.932416 0.614162 -0.975077
v 4.877208 0.403427 -1.004079
v 4.673856 1.034933 -0.678525
v 4.586161 0.295640 -1.267087
v 4.845178 1.819571 -1.942022
v 5.261095 1.819571 -1.526105
v 5.512706 1.615832 -1.551871
v 4.870944 1.615832 -2.193633
v 4.955157 1.118007 -2.308565
v 5.336380 1.346456 -2.343589
v 5.662662 1.346456 -2.017306
v 5.627638 1.118008 -1.636084
v 5.193130 0.911967 -1.510985
v 5.684692 0.850188 -1.645407
v 4.830058 0.911967 -1.874057
v 5.312648 1.641061 -1.993575
v 5.304721 0.941362 -1.378357
v 4.780659 1.205892 -2.144533
v 4.945515 0.814250 -1.626441
v 4.697431 0.941362 -1.985648
v 5.230449 0.733871 -2.582682
v 5.576523 0.757823 -2.556365
v 5.875439 0.757823 -2.257449
v 5.901755 0.733871 -1.911376
v 5.885752 0.504917 -2.036939
v 5.697647 0.477911 -2.378573
v 5.346714 0.770932 -1.408511
v 5.702512 0.485004 -1.669816
v 5.677722 1.028376 -2.358648
v 5.864023 1.041922 -2.001817
v 4.964480 0.850188 -2.365619
v 5.320890 1.041922 -2.544950
v 5.116722 0.523186 -1.444807
v 5.366629 0.407011 -1.432869
v 4.763880 0.523186 -1.797648
v 5.114452 0.249658 -2.359207
v 5.395473 0.273942 -2.378383
v 5.697456 0.273942 -2.076399
v 5.678280 0.249658 -1.795379
v 5.334039 0.107318 -1.664800
v 5.357563 0.085448 -2.038490
v 4.983873 0.107318 -2.014965
v 4.997507 0.222813 -1.678434
v 4.751943 0.407011 -2.047555
v 4.988889 0.485004 -2.383438
v 5.356012 0.504917 -2.566679
v 4.962707 0.739002 -1.643633
v 4.727584 0.770932 -2.027640
v 4.116452 2.509792 -0.381810
v 3.700883 2.509792 -0.797379
v 4.116452 2.509792 -1.212948
v 4.532021 2.509792 -0.797379
v 4.716316 1.558865 -0.981553
v 4.793947 2.135514 -1.059305
v 4.378378 2.135514 -1.474874
v 4.300626 1.558865 -1.397243
v 3.755296 1.558865 -1.398841
v 3.847704 2.135514 -1.474874
v 3.432135 2.135514 -1.059305
v 3.341204 1.558865 -0.984749
v 3.594950 0.953128 -1.116465
v 4.097402 0.950903 0.060938
v 3.258031 0.950903 -0.312820
v 4.022221 0.978930 -1.081478
v 4.303822 1.558865 -0.022131
v 4.378378 2.135514 -0.113062
v 4.793947 2.135514 -0.528631
v 4.717914 1.558865 -0.436224
v 3.341273 1.558865 -0.437891
v 3.432135 2.135514 -0.528632
v 3.847704 2.135514 -0.113062
v 3.756964 1.558865 -0.022200
v 3.776667 0.351668 -0.148583
v 4.944659 0.480845 -1.005501
v 4.490565 0.386553 -0.463005
v 3.782078 0.386553 -1.171492
v 4.400551 0.978930 -0.703148
v 3.631893 0.950903 0.061042
v 4.435538 0.953128 -0.275877
v 3.258135 0.950903 -0.778329
v 3.958861 0.034718 -0.915578
v 4.234651 0.034718 -0.639788
v 4.100947 1.095549 -1.191394
v 4.324574 0.480845 -1.625586
v 3.505681 0.352660 -0.869151
v 4.188224 0.352660 -0.186608
v 4.124665 0.830871 -1.507259
v 3.467656 0.351668 -0.457594
v 4.615241 1.468929 -2.046214
v 5.431449 1.039984 -1.439013
v 4.584866 1.742290 -1.708923
v 5.365287 1.468929 -1.296168
v 4.826332 0.830872 -0.805592
v 4.424918 0.331561 -1.430749
v 4.510468 1.095550 -0.781874
v 4.749823 0.331561 -1.105844
v 5.100730 1.651888 -2.155776
v 5.809525 1.042258 -2.187939
v 4.792723 0.769581 -1.833235
v 5.474849 1.651888 -1.781657
v 5.027996 1.742290 -1.265793
v 4.773820 0.855157 -1.812611
v 5.131684 0.855157 -1.454747
v 4.758087 1.039984 -2.112375
v 5.175629 0.470159 -2.515471
v 5.829385 0.494159 -2.211864
v 5.140883 0.978520 -2.493967
v 5.813040 0.978520 -1.821810
v 5.507012 1.042258 -2.490451
v 5.536444 0.631239 -1.499197
v 5.184269 0.269753 -1.507603
v 5.521293 0.124150 -1.875031
v 5.194105 0.124150 -2.202219
v 4.826676 0.269753 -1.865196
v 5.834545 0.470160 -1.856555
v 5.152308 0.769581 -1.473649
v 5.530937 0.494159 -2.510312
v 4.818271 0.631239 -2.217370
vn 0.0018 0.5847 0.8113
vn -0.0027 0.1254 0.9921
vn 0.8204 0.5718 -0.0019
vn 0.8794 -0.4757 -0.0187
vn -0.8113 0.5847 -0.0018
vn -0.9921 0.1254 0.0027
vn 0.0019 0.5718 -0.8204
vn 0.0187 -0.4757 -0.8794
vn -0.6959 -0.1582 -0.7005
vn -0.6894 0.2221 0.6894
vn 0.0102 0.1555 0.9878
vn 0.0070 -0.1258 -0.9920
vn 0.9920 -0.1258 -0.0070
vn -0.9878 0.1555 -0.0102
vn 0.5031 0.7027 -0.5031
vn 0.5001 0.7077 0.4990
vn 0.5693 -0.5931 -0.5693
vn -0.4990 0.7077 -0.5001
vn -0.4960 0.7127 0.4960
vn 0.7005 -0.1582 0.6959
vn -0.0000 1.0000 -0.0000
vn 0.6969 -0.1689 -0.6969
vn -0.7008 0.0171 -0.7131
vn -0.6071 -0.7873 -0.1075
vn 0.7131 0.0171 0.7008
vn -0.6909 0.2129 0.6909
vn -0.9468 -0.3218 -0.0060
vn -0.7115 -0.2162 -0.6686
vn -0.4652 0.0593 -0.8832
vn 0.0060 -0.3218 0.9468
vn -0.6557 -0.3744 0.6557
vn 0.3959 0.8286 -0.3959
vn 0.8832 0.0593 0.4652
vn 0.6686 -0.2162 0.7115
vn -0.8618 0.4284 -0.2715
vn -0.3688 -0.6853 -0.6280
vn -0.6442 -0.0945 -0.7590
vn 0.1075 -0.7873 0.6071
vn -0.2945 -0.9092 0.2945
vn -0.3998 0.7188 -0.5687
vn 0.7590 -0.0945 0.6442
vn 0.6280 -0.6853 0.3688
vn 0.2581 -0.9310 -0.2581
vn -0.4745 0.7415 0.4745
vn 0.2715 0.4284 0.8618
vn 0.7358 -0.1072 0.6687
vn -0.6687 -0.1072 -0.7358
vn 0.2956 -0.7113 -0.6378
vn -0.6227 -0.0152 -0.7823
vn 0.6378 -0.7113 -0.2956
vn 0.5040 -0.7014 -0.5040
vn 0.0995 0.9900 -0.0995
vn 0.5687 0.7188 0.3998
vn 0.8937 0.3577 0.2709
vn -0.2709 0.3577 -0.8937
vn -0.7816 -0.1635 -0.6019
vn 0.5443 0.6384 -0.5443
vn 0.6019 -0.1635 0.7816
vn -0.4465 -0.7754 0.4465
vn 0.0647 0.0462 -0.9968
vn 0.7069 0.0265 -0.7069
vn 0.9968 0.0462 -0.0647
vn 0.7823 -0.0152 0.6227
vn -0.0451 -0.0359 0.9983
vn -0.7032 -0.1043 0.7033
vn 0.4969 -0.5613 0.6618
vn -0.9983 -0.0359 0.0451
vn -0.6618 -0.5613 -0.4969
vn -0.0026 -0.6293 -0.7771
vn 0.4496 -0.7719 -0.4496
vn 0.7771 -0.6293 0.0026
vn -0.1932 -0.9620 0.1932
vn -0.9014 -0.0219 -0.4325
vn -0.3800 -0.3167 -0.8691
vn -0.4389 0.2093 0.8738
vn -0.8738 0.2093 0.4389
vn 0.0063 0.3463 0.9381
vn 0.0062 0.0858 0.9963
vn 0.0031 -0.3965 -0.9181
vn 0.0065 0.2524 -0.9676
vn 0.9676 0.2524 -0.0065
vn 0.9181 -0.3965 -0.0031
vn -0.9381 0.3463 -0.0063
vn -0.9963 0.0858 -0.0062
vn 0.6916 0.6702 -0.2693
vn 0.2693 0.6702 -0.6916
vn 0.2659 0.6778 0.6855
vn 0.6896 0.6734 0.2665
vn 0.3432 -0.5659 -0.7496
vn 0.7496 -0.5659 -0.3432
vn -0.2665 0.6734 -0.6896
vn -0.6855 0.6778 -0.2659
vn -0.6836 0.6809 0.2630
vn -0.2630 0.6809 0.6836
vn 0.8691 -0.3167 0.3800
vn 0.4325 -0.0219 0.9014
vn -0.2455 0.9378 0.2455
vn -0.2455 0.9378 -0.2455
vn 0.2455 0.9378 -0.2455
vn 0.2455 0.9378 0.2455
vn 0.8963 -0.1627 -0.4126
vn 0.6767 0.2899 -0.6767
vn 0.4126 -0.1627 -0.8963
vn 0.6179 -0.4862 -0.6179
vn -0.4069 -0.0542 -0.9119
vn -0.6589 0.3491 -0.6663
vn -0.9019 0.0837 -0.4239
vn -0.6926 -0.1706 -0.7009
vn -0.9990 0.0409 0.0173
vn -0.7045 0.0866 0.7045
vn 0.5754 -0.5813 -0.5754
vn 0.0580 -0.3391 -0.9390
vn 0.4239 0.0837 0.9019
vn 0.6663 0.3491 0.6589
vn 0.9119 -0.0542 0.4069
vn 0.7009 -0.1706 0.6926
vn -0.8918 0.2021 0.4048
vn -0.6460 0.4067 0.6460
vn -0.4048 0.2021 0.8918
vn -0.6968 0.1699 0.6968
vn -0.8672 -0.2906 -0.4043
vn -0.5307 -0.0855 -0.8433
vn -0.3946 -0.3536 0.8481
vn -0.8481 -0.3536 0.3946
vn -0.2247 0.6211 -0.7508
vn 0.7508 0.6211 0.2247
vn 0.8433 -0.0855 0.5307
vn 0.4043 -0.2906 0.8672
vn 0.6482 -0.4112 0.6409
vn 0.7809 -0.0337 0.6238
vn -0.6238 -0.0337 -0.7809
vn -0.6409 -0.4112 -0.6482
vn 0.6943 -0.1069 0.7117
vn -0.0173 0.0409 0.9990
vn -0.7117 -0.1069 -0.6943
vn 0.9390 -0.3391 -0.0580
vn -0.5269 -0.7790 -0.3400
vn -0.4857 -0.3796 -0.7874
vn -0.0914 -0.8802 0.4656
vn -0.4656 -0.8802 0.0914
vn -0.5232 0.6727 0.5232
vn 0.0152 -0.7138 -0.7002
vn 0.7874 -0.3796 0.4857
vn 0.3400 -0.7790 0.5269
vn -0.0491 -0.9976 0.0491
vn 0.4571 -0.8893 -0.0170
vn -0.8785 0.4077 -0.2491
vn 0.0170 -0.8893 -0.4571
vn -0.6690 -0.1130 -0.7346
vn 0.0662 -0.6493 0.7577
vn -0.4669 -0.7510 0.4669
vn -0.7577 -0.6493 -0.0662
vn -0.5851 0.7285 0.3562
vn -0.3562 0.7285 0.5851
vn 0.7067 -0.0515 0.7056
vn -0.7056 -0.0515 -0.7067
vn -0.1898 -0.5494 -0.8137
vn -0.2984 0.9066 0.2984
vn -0.7133 0.5857 -0.3850
vn 0.8137 -0.5494 0.1898
vn 0.5889 -0.7033 -0.3981
vn 0.7794 0.0007 0.6265
vn 0.3981 -0.7033 -0.5889
vn 0.3850 0.5857 0.7133
vn 0.7346 -0.1130 0.6690
vn 0.7002 -0.7138 -0.0152
vn 0.2491 0.4077 0.8785
vn 0.4477 -0.7740 -0.4477
vn -0.0325 0.9724 -0.2310
vn 0.2310 0.9724 0.0325
vn 0.8490 0.4472 0.2814
vn -0.2814 0.4472 -0.8490
vn -0.6477 0.1276 -0.7511
vn 0.2928 0.6128 -0.7340
vn 0.7340 0.6128 -0.2928
vn 0.7511 0.1276 0.6477
vn 0.0365 -0.6954 0.7177
vn 0.6890 0.0762 0.7207
vn -0.7177 -0.6954 -0.0365
vn 0.4261 0.7980 -0.4261
vn 0.4961 -0.8200 -0.2855
vn -0.6265 0.0007 -0.7794
vn 0.4689 -0.7485 -0.4689
vn 0.2855 -0.8200 -0.4961
vn -0.3878 -0.0000 -0.9217
vn 0.4797 0.0424 -0.8764
vn 0.8764 0.0424 -0.4797
vn 0.9217 -0.0000 0.3878
vn 0.9276 -0.3708 -0.0443
vn 0.6278 -0.4602 -0.6278
vn 0.0975 0.1893 0.9771
vn 0.7224 -0.2036 0.6608
vn 0.6331 0.4454 -0.6331
vn 0.9277 0.3673 0.0671
vn -0.7207 0.0762 -0.6890
vn -0.0671 0.3673 -0.9277
vn -0.4902 -0.0864 0.8673
vn 0.2382 -0.3337 0.9121
vn -0.8673 -0.0864 0.4902
vn -0.3149 -0.6503 -0.6913
vn 0.2431 -0.7414 -0.6254
vn 0.6254 -0.7414 -0.2431
vn 0.6913 -0.6503 0.3149
vn 0.1131 -0.8722 0.4758
vn 0.2046 -0.9572 -0.2046
vn -0.4758 -0.8722 -0.1131
vn -0.5590 -0.6124 0.5590
vn -0.9121 -0.3337 -0.2382
vn -0.6608 -0.2036 -0.7224
vn 0.0443 -0.3708 -0.9276
vn -0.6823 0.2625 0.6823
vn -0.9771 0.1893 -0.0975
vn -0.0000 0.8892 0.4576
vn -0.4576 0.8892 -0.0000
vn -0.0000 0.8892 -0.4576
vn 0.4576 0.8892 -0.0000
vn 0.8078 -0.4651 -0.3621
vn 0.8715 0.2667 -0.4115
vn 0.4115 0.2667 -0.8715
vn 0.3621 -0.4651 -0.8078
vn -0.3888 -0.2873 -0.8754
vn -0.3978 0.3033 -0.8659
vn -0.8477 0.3472 -0.4011
vn -0.9040 -0.0464 -0.4250
vn -0.4275 -0.1762 -0.8867
vn 0.4247 -0.0439 0.9043
vn -0.8884 0.0826 0.4515
vn 0.4097 -0.5066 -0.7586
vn 0.4250 -0.0464 0.9040
vn 0.4011 0.3472 0.8477
vn 0.8659 0.3033 0.3978
vn 0.8754 -0.2873 0.3888
vn -0.8932 0.1596 0.4204
vn -0.8392 0.3827 0.3863
vn -0.3863 0.3827 0.8392
vn -0.4204 0.1596 0.8932
vn -0.2447 -0.7225 0.6466
vn 0.8267 -0.4646 0.3173
vn 0.7911 -0.1742 0.5863
vn -0.5863 -0.1742 -0.7911
vn 0.7586 -0.5066 -0.4097
vn -0.4515 0.0826 0.8884
vn 0.8867 -0.1762 0.4275
vn -0.9043 -0.0439 -0.4247
vn -0.2674 -0.9472 -0.1767
vn 0.1767 -0.9472 0.2674
vn -0.5987 0.6801 0.4231
vn -0.3173 -0.4646 -0.8267
vn -0.7345 -0.5499 -0.3977
vn 0.3977 -0.5499 0.7345
vn -0.6999 -0.0664 -0.7112
vn -0.6466 -0.7225 0.2447
vn -0.6355 0.0495 -0.7705
vn 0.7381 -0.1787 0.6506
vn -0.4099 0.8905 0.1974
vn 0.7705 0.0495 0.6355
vn 0.7112 -0.0664 0.6999
vn 0.2585 -0.7674 -0.5868
vn -0.4231 0.6801 0.5987
vn 0.5868 -0.7674 -0.2585
vn 0.2163 0.7490 -0.6263
vn 0.7970 0.4483 -0.4047
vn -0.8145 0.2858 0.5048
vn 0.6263 0.7490 -0.2163
vn -0.1974 0.8905 0.4099
vn 0.3566 -0.7735 -0.5240
vn 0.5240 -0.7735 -0.3566
vn -0.6506 -0.1787 -0.7381
vn -0.3847 -0.3142 -0.8679
vn 0.8039 -0.4305 -0.4104
vn -0.5173 0.1803 -0.8366
vn 0.8366 0.1803 0.5173
vn 0.4047 0.4483 -0.7970
vn 0.5720 -0.0437 0.8191
vn -0.2501 -0.5636 0.7873
vn 0.4324 -0.8997 0.0601
vn -0.0601 -0.8997 -0.4324
vn -0.7873 -0.5636 0.2501
vn 0.8679 -0.3142 0.3847
vn -0.5048 0.2858 0.8145
vn 0.4104 -0.4305 -0.8039
vn -0.8191 -0.0437 -0.5720
vt 0.917100 0.408594
vt 0.914698 0.400565
vt 0.926013 0.399968
vt 0.925646 0.410538
vt 0.912925 0.388718
vt 0.925095 0.387409
vt 0.938061 0.386504
vt 0.938476 0.399599
vt 0.937387 0.411001
vt 0.912729 0.377030
vt 0.923946 0.375250
vt 0.913818 0.369354
vt 0.921921 0.365995
vt 0.933461 0.364063
vt 0.936329 0.373922
vt 0.947643 0.374000
vt 0.949710 0.386111
vt 0.944483 0.364806
vt 0.960516 0.540910
vt 0.954830 0.550905
vt 0.949455 0.547313
vt 0.951258 0.539136
vt 0.962677 0.528481
vt 0.952448 0.527213
vt 0.949710 0.398719
vt 0.948209 0.409349
vt 0.961649 0.516167
vt 0.952336 0.515577
vt 0.956871 0.506317
vt 0.951253 0.508034
vt 0.263881 0.924634
vt 0.262554 0.910956
vt 0.272518 0.906363
vt 0.273050 0.921000
vt 0.261971 0.899980
vt 0.272426 0.894746
vt 0.285265 0.893004
vt 0.284868 0.905046
vt 0.284602 0.920176
vt 0.932622 0.503920
vt 0.943163 0.505089
vt 0.940994 0.514310
vt 0.929593 0.513774
vt 0.940135 0.526453
vt 0.928159 0.526364
vt 0.939861 0.539053
vt 0.928416 0.539477
vt 0.941122 0.549677
vt 0.930471 0.550905
vt 0.297401 0.906363
vt 0.296338 0.921000
vt 0.298266 0.894746
vt 0.309206 0.899980
vt 0.307852 0.910956
vt 0.305950 0.924634
vt 0.493845 0.333718
vt 0.480012 0.338240
vt 0.482773 0.328616
vt 0.496598 0.325399
vt 0.467331 0.339795
vt 0.469826 0.329537
vt 0.472999 0.317048
vt 0.486209 0.316752
vt 0.500018 0.314830
vt 0.456104 0.337094
vt 0.457860 0.327375
vt 0.449172 0.332686
vt 0.448488 0.324400
vt 0.450251 0.312636
vt 0.460452 0.315226
vt 0.464085 0.303253
vt 0.476293 0.304481
vt 0.454416 0.301434
vt 0.459054 0.294394
vt 0.467322 0.293626
vt 0.479153 0.293991
vt 0.488977 0.304580
vt 0.502235 0.303559
vt 0.491307 0.294476
vt 0.504040 0.294214
vt 0.511049 0.322133
vt 0.508039 0.328923
vt 0.514312 0.313040
vt 0.527166 0.316396
vt 0.523848 0.324079
vt 0.517031 0.330076
vt 0.376468 0.151413
vt 0.378519 0.160007
vt 0.364527 0.159109
vt 0.362728 0.150865
vt 0.380827 0.171009
vt 0.366495 0.169339
vt 0.353610 0.172800
vt 0.351776 0.163145
vt 0.349990 0.154937
vt 0.656184 0.744433
vt 0.664840 0.744486
vt 0.664128 0.756880
vt 0.655879 0.756660
vt 0.676176 0.745290
vt 0.675026 0.757815
vt 0.674388 0.771005
vt 0.664107 0.770105
vt 0.656359 0.769914
vt 0.295782 0.935534
vt 0.284376 0.934898
vt 0.304942 0.938794
vt 0.304749 0.945231
vt 0.295938 0.940523
vt 0.284294 0.939811
vt 0.389244 0.151537
vt 0.391853 0.160788
vt 0.401412 0.151001
vt 0.404571 0.160577
vt 0.407981 0.172798
vt 0.394728 0.172642
vt 0.413168 0.150865
vt 0.416670 0.159680
vt 0.421308 0.152025
vt 0.426067 0.158700
vt 0.430301 0.169700
vt 0.420405 0.171349
vt 0.422941 0.183688
vt 0.411085 0.185516
vt 0.432038 0.181558
vt 0.431264 0.190136
vt 0.424469 0.194127
vt 0.413321 0.196589
vt 0.398102 0.184711
vt 0.384197 0.181745
vt 0.400623 0.195095
vt 0.386739 0.190730
vt 0.655662 0.732959
vt 0.665056 0.732606
vt 0.655662 0.721709
vt 0.665511 0.720890
vt 0.678086 0.720939
vt 0.677158 0.733077
vt 0.657815 0.710839
vt 0.667063 0.709537
vt 0.908513 0.367762
vt 0.903892 0.377902
vt 0.903236 0.390302
vt 0.679219 0.709145
vt 0.691772 0.710392
vt 0.691177 0.721778
vt 0.905960 0.402620
vt 0.692453 0.701681
vt 0.700466 0.705059
vt 0.702339 0.712380
vt 0.702580 0.723333
vt 0.689772 0.733461
vt 0.687972 0.745287
vt 0.700656 0.734516
vt 0.697971 0.745878
vt 0.685084 0.770831
vt 0.684253 0.784466
vt 0.674887 0.784698
vt 0.694080 0.771219
vt 0.692029 0.784627
vt 0.690020 0.793723
vt 0.684284 0.795896
vt 0.676124 0.796566
vt 0.341519 0.203258
vt 0.347670 0.206835
vt 0.359272 0.219973
vt 0.355446 0.219005
vt 0.353713 0.207915
vt 0.364445 0.217305
vt 0.381725 0.228742
vt 0.375912 0.230907
vt 0.801649 0.760686
vt 0.799751 0.757039
vt 0.798766 0.737170
vt 0.800796 0.741716
vt 0.356894 0.180600
vt 0.348076 0.191859
vt 0.344420 0.185344
vt 0.363569 0.187044
vt 0.356171 0.197727
vt 0.532597 0.335106
vt 0.524466 0.340859
vt 0.536266 0.328638
vt 0.539014 0.346052
vt 0.532935 0.349848
vt 0.526891 0.350931
vt 0.273136 0.935534
vt 0.264313 0.938794
vt 0.272760 0.940523
vt 0.263747 0.945231
vt 0.686357 0.757649
vt 0.695875 0.758044
vt 0.369714 0.178578
vt 0.372532 0.185975
vt 0.516197 0.302567
vt 0.517768 0.293626
vt 0.530495 0.297648
vt 0.528924 0.306513
vt 0.833155 0.800945
vt 0.827432 0.802589
vt 0.826857 0.794103
vt 0.834289 0.794367
vt 0.819292 0.803566
vt 0.818529 0.794752
vt 0.818106 0.781927
vt 0.827188 0.781263
vt 0.835382 0.781332
vt 0.811219 0.802589
vt 0.810349 0.794103
vt 0.805710 0.800945
vt 0.803638 0.794367
vt 0.801553 0.781332
vt 0.809177 0.781263
vt 0.284095 0.871151
vt 0.272455 0.871812
vt 0.271485 0.860832
vt 0.283772 0.860723
vt 0.263772 0.875403
vt 0.263840 0.859691
vt 0.262215 0.840353
vt 0.270229 0.842134
vt 0.283318 0.842164
vt 0.521335 0.362982
vt 0.516168 0.360338
vt 0.837205 0.774253
vt 0.834814 0.760686
vt 0.836868 0.757039
vt 0.835886 0.741716
vt 0.838015 0.737170
vt 0.504734 0.374026
vt 0.498927 0.371889
vt 0.538344 0.318656
vt 0.539894 0.309599
vt 0.544739 0.321164
vt 0.544293 0.331457
vt 0.342268 0.175579
vt 0.340534 0.167081
vt 0.336148 0.188931
vt 0.335610 0.178908
vt 0.509287 0.350073
vt 0.503027 0.339781
vt 0.490718 0.361419
vt 0.484073 0.350635
vt 0.665880 0.783830
vt 0.659238 0.783492
vt 0.668180 0.795339
vt 0.662759 0.792780
vt 0.475349 0.373205
vt 0.468884 0.362321
vt 0.484224 0.383617
vt 0.476199 0.398112
vt 0.466390 0.383289
vt 0.462538 0.372200
vt 0.798259 0.720701
vt 0.800246 0.727702
vt 0.396437 0.240452
vt 0.389213 0.240613
vt 0.404369 0.255252
vt 0.395372 0.251172
vt 0.383625 0.236441
vt 0.387463 0.242824
vt 0.269910 0.823786
vt 0.283203 0.823714
vt 0.261971 0.822335
vt 0.264515 0.810589
vt 0.271282 0.808733
vt 0.283774 0.808178
vt 0.389980 0.218111
vt 0.405352 0.229896
vt 0.396549 0.207546
vt 0.411741 0.219233
vt 0.418004 0.229379
vt 0.414182 0.240392
vt 0.371367 0.206897
vt 0.377557 0.196805
vt 0.827841 0.763166
vt 0.818048 0.764161
vt 0.818178 0.746210
vt 0.828629 0.745014
vt 0.304643 0.876554
vt 0.295560 0.872463
vt 0.295919 0.861521
vt 0.304189 0.860828
vt 0.296263 0.842867
vt 0.304952 0.841557
vt 0.808393 0.763166
vt 0.807864 0.745014
vt 0.027066 0.849232
vt 0.039491 0.847795
vt 0.037851 0.859925
vt 0.026651 0.861600
vt 0.046654 0.848772
vt 0.046408 0.858588
vt 0.045340 0.875451
vt 0.036709 0.876885
vt 0.026938 0.878456
vt 0.010016 0.877571
vt 0.017296 0.878050
vt 0.018524 0.893585
vt 0.011673 0.892476
vt 0.027491 0.894043
vt 0.028365 0.906712
vt 0.019494 0.906240
vt 0.012621 0.904954
vt 0.503412 0.947421
vt 0.510965 0.949439
vt 0.510661 0.954975
vt 0.503420 0.955611
vt 0.521639 0.950928
vt 0.521259 0.956126
vt 0.520817 0.966288
vt 0.510417 0.964925
vt 0.504473 0.963384
vt 0.008225 0.851078
vt 0.014745 0.849279
vt 0.015592 0.861261
vt 0.008225 0.860879
vt 0.296349 0.824531
vt 0.304952 0.823545
vt 0.296098 0.809432
vt 0.303052 0.811675
vt 0.829067 0.732235
vt 0.836597 0.727702
vt 0.818291 0.733645
vt 0.818289 0.729595
vt 0.829206 0.727972
vt 0.837604 0.720745
vt 0.807645 0.732235
vt 0.798894 0.720745
vt 0.807473 0.727972
vt 0.491451 0.383784
vt 0.838565 0.720701
vt 0.496956 0.379358
vt 0.493176 0.385914
vt 0.485304 0.394369
vt 0.494153 0.419937
vt 0.496954 0.414391
vt 0.508701 0.413642
vt 0.505647 0.419927
vt 0.500641 0.407382
vt 0.510435 0.404262
vt 0.521962 0.399166
vt 0.519458 0.409623
vt 0.514417 0.416432
vt 0.802288 0.930838
vt 0.809507 0.929151
vt 0.808134 0.938099
vt 0.801133 0.939883
vt 0.029675 0.915928
vt 0.020811 0.915417
vt 0.816989 0.938645
vt 0.815496 0.951154
vt 0.806597 0.950068
vt 0.801147 0.948988
vt 0.488249 0.406621
vt 0.484023 0.412584
vt 0.495759 0.399163
vt 0.392463 0.263331
vt 0.385011 0.255688
vt 0.396532 0.269786
vt 0.386434 0.277055
vt 0.383793 0.271005
vt 0.380157 0.263830
vt 0.036523 0.892505
vt 0.043988 0.890537
vt 0.044602 0.903035
vt 0.037278 0.905173
vt 0.373823 0.249446
vt 0.377218 0.240241
vt 0.370369 0.260694
vt 0.358720 0.255970
vt 0.362648 0.245286
vt 0.368146 0.239434
vt 0.531408 0.964879
vt 0.531821 0.976141
vt 0.521085 0.978041
vt 0.538087 0.963310
vt 0.539982 0.970957
vt 0.355682 0.244461
vt 0.351335 0.255027
vt 0.532601 0.984528
vt 0.522097 0.986447
vt 0.813435 0.975147
vt 0.803258 0.972505
vt 0.804592 0.962757
vt 0.814144 0.964805
vt 0.361189 0.266553
vt 0.354975 0.266413
vt 0.798259 0.956946
vt 0.832661 0.969096
vt 0.824098 0.974744
vt 0.824065 0.964849
vt 0.831815 0.960550
vt 0.824570 0.951998
vt 0.830409 0.952132
vt 0.510547 0.976188
vt 0.503412 0.971036
vt 0.511769 0.984574
vt 0.518008 0.388413
vt 0.524659 0.386612
vt 0.529032 0.397241
vt 0.372052 0.270240
vt 0.374954 0.277008
vt 0.366145 0.273631
vt 0.532565 0.949392
vt 0.532053 0.954928
vt 0.541886 0.947337
vt 0.540254 0.955531
vt 0.038568 0.914351
vt 0.045679 0.912122
vt 0.825897 0.940007
vt 0.832661 0.943270
vt 0.506951 0.392941
vt 0.503401 0.383268
vt 0.512420 0.382296
s 1
usemtl Material.001
f 2539/3865/2539 2625/3868/2625 2751/3867/2751 2632/3866/2632
f 2632/3866/2632 2751/3867/2751 2635/3870/2635 2557/3869/2557
f 2751/3867/2751 2638/3872/2638 2559/3871/2559 2635/3870/2635
f 2625/3868/2625 2554/3873/2554 2638/3872/2638 2751/3867/2751
f 2557/3869/2557 2635/3870/2635 2752/3875/2752 2631/3874/2631
f 2631/3874/2631 2752/3875/2752 2630/3877/2630 2543/3876/2543
f 2752/3875/2752 2636/3879/2636 2556/3878/2556 2630/3877/2630
f 2635/3870/2635 2559/3871/2559 2636/3879/2636 2752/3875/2752
f 2559/3871/2559 2637/3881/2637 2753/3880/2753 2636/3879/2636
f 2636/3879/2636 2753/3880/2753 2629/3882/2629 2556/3878/2556
f 2753/3883/2753 2624/3886/2624 2545/3885/2545 2629/3884/2629
f 2637/3887/2637 2553/3888/2553 2624/3886/2624 2753/3883/2753
f 2554/3873/2554 2626/3890/2626 2754/3889/2754 2638/3872/2638
f 2638/3872/2638 2754/3889/2754 2637/3881/2637 2559/3871/2559
f 2754/3891/2754 2623/3892/2623 2553/3888/2553 2637/3887/2637
f 2626/3893/2626 2541/3894/2541 2623/3892/2623 2754/3891/2754
f 2542/3895/2542 2628/3898/2628 2755/3897/2755 2620/3896/2620
f 2620/3896/2620 2755/3897/2755 2639/3900/2639 2551/3899/2551
f 2755/3897/2755 2642/3902/2642 2560/3901/2560 2639/3900/2639
f 2628/3898/2628 2555/3903/2555 2642/3902/2642 2755/3897/2755
f 2551/3904/2551 2639/3907/2639 2756/3906/2756 2619/3905/2619
f 2619/3905/2619 2756/3906/2756 2623/3892/2623 2541/3894/2541
f 2756/3906/2756 2640/3908/2640 2553/3888/2553 2623/3892/2623
f 2639/3907/2639 2560/3909/2560 2640/3908/2640 2756/3906/2756
f 2560/3909/2560 2641/3911/2641 2757/3910/2757 2640/3908/2640
f 2640/3908/2640 2757/3910/2757 2624/3886/2624 2553/3888/2553
f 2757/3910/2757 2618/3912/2618 2545/3885/2545 2624/3886/2624
f 2641/3911/2641 2550/3913/2550 2618/3912/2618 2757/3910/2757
f 2555/3903/2555 2627/3915/2627 2758/3914/2758 2642/3902/2642
f 2642/3902/2642 2758/3914/2758 2641/3916/2641 2560/3901/2560
f 2758/3914/2758 2617/3918/2617 2550/3917/2550 2641/3916/2641
f 2627/3915/2627 2546/3919/2546 2617/3918/2617 2758/3914/2758
f 2546/3920/2546 2612/3923/2612 2759/3922/2759 2617/3921/2617
f 2617/3921/2617 2759/3922/2759 2643/3925/2643 2550/3924/2550
f 2759/3922/2759 2646/3927/2646 2561/3926/2561 2643/3925/2643
f 2612/3923/2612 2547/3928/2547 2646/3927/2646 2759/3922/2759
f 2550/3924/2550 2643/3925/2643 2760/3930/2760 2618/3929/2618
f 2618/3929/2618 2760/3930/2760 2629/3932/2629 2545/3931/2545
f 2760/3930/2760 2644/3934/2644 2556/3933/2556 2629/3932/2629
f 2643/3925/2643 2561/3926/2561 2644/3934/2644 2760/3930/2760
f 2561/3926/2561 2645/3936/2645 2761/3935/2761 2644/3934/2644
f 2644/3934/2644 2761/3935/2761 2630/3937/2630 2556/3933/2556
f 2761/3935/2761 2621/3939/2621 2543/3938/2543 2630/3937/2630
f 2645/3936/2645 2552/3940/2552 2621/3939/2621 2761/3935/2761
f 2547/3928/2547 2611/3942/2611 2762/3941/2762 2646/3927/2646
f 2646/3927/2646 2762/3941/2762 2645/3936/2645 2561/3926/2561
f 2762/3941/2762 2622/3943/2622 2552/3940/2552 2645/3936/2645
f 2611/3942/2611 2544/3944/2544 2622/3943/2622 2762/3941/2762
f 2546/3920/2546 2650/3946/2650 2763/3945/2763 2612/3923/2612
f 2612/3923/2612 2763/3945/2763 2673/3947/2673 2547/3928/2547
f 2763/3945/2763 2660/3949/2660 2566/3948/2566 2673/3947/2673
f 2650/3946/2650 2567/3950/2567 2660/3949/2660 2763/3945/2763
f 2540/3951/2540 2672/3954/2672 2764/3953/2764 2634/3952/2634
f 2634/3952/2634 2764/3953/2764 2671/3956/2671 2558/3955/2558
f 2764/3953/2764 2666/3958/2666 2572/3957/2572 2671/3956/2671
f 2672/3954/2672 2568/3959/2568 2666/3958/2666 2764/3953/2764
f 2544/3960/2544 2647/3963/2647 2765/3962/2765 2614/3961/2614
f 2614/3961/2614 2765/3962/2765 2648/3965/2648 2548/3964/2548
f 2765/3962/2765 2662/3967/2662 2569/3966/2569 2648/3965/2648
f 2647/3963/2647 2565/3968/2565 2662/3967/2662 2765/3962/2765
f 2555/3903/2555 2649/3970/2649 2766/3969/2766 2627/3915/2627
f 2627/3915/2627 2766/3969/2766 2650/3971/2650 2546/3919/2546
f 2766/3969/2766 2663/3973/2663 2567/3972/2567 2650/3971/2650
f 2649/3970/2649 2570/3974/2570 2663/3973/2663 2766/3969/2766
f 2540/3951/2540 2634/3952/2634 2767/3976/2767 2616/3975/2616
f 2616/3975/2616 2767/3976/2767 2651/3978/2651 2549/3977/2549
f 2767/3976/2767 2654/3980/2654 2563/3979/2563 2651/3978/2651
f 2634/3952/2634 2558/3955/2558 2654/3980/2654 2767/3976/2767
f 2549/3977/2549 2651/3978/2651 2768/3982/2768 2615/3981/2615
f 2615/3981/2615 2768/3982/2768 2625/3984/2625 2539/3983/2539
f 2768/3982/2768 2652/3986/2652 2554/3985/2554 2625/3984/2625
f 2651/3978/2651 2563/3979/2563 2652/3986/2652 2768/3982/2768
f 2563/3979/2563 2653/3988/2653 2769/3987/2769 2652/3986/2652
f 2652/3986/2652 2769/3987/2769 2626/3989/2626 2554/3985/2554
f 2769/3987/2769 2619/3991/2619 2541/3990/2541 2626/3989/2626
f 2653/3988/2653 2551/3992/2551 2619/3991/2619 2769/3987/2769
f 2558/3955/2558 2633/3994/2633 2770/3993/2770 2654/3980/2654
f 2654/3980/2654 2770/3993/2770 2653/3988/2653 2563/3979/2563
f 2770/3993/2770 2620/3995/2620 2551/3992/2551 2653/3988/2653
f 2633/3994/2633 2542/3996/2542 2620/3995/2620 2770/3993/2770
f 2544/3960/2544 2614/3961/2614 2771/3998/2771 2622/3997/2622
f 2622/3997/2622 2771/3998/2771 2655/4000/2655 2552/3999/2552
f 2771/3998/2771 2658/4002/2658 2564/4001/2564 2655/4000/2655
f 2614/3961/2614 2548/3964/2548 2658/4002/2658 2771/3998/2771
f 2552/3999/2552 2655/4000/2655 2772/4004/2772 2621/4003/2621
f 2621/4005/2621 2772/4006/2772 2631/3874/2631 2543/3876/2543
f 2772/4006/2772 2656/4007/2656 2557/3869/2557 2631/3874/2631
f 2655/4000/2655 2564/4001/2564 2656/4008/2656 2772/4004/2772
f 2564/4001/2564 2657/4010/2657 2773/4009/2773 2656/4008/2656
f 2656/4007/2656 2773/4011/2773 2632/3866/2632 2557/3869/2557
f 2773/4009/2773 2615/4014/2615 2539/4013/2539 2632/4012/2632
f 2657/4010/2657 2549/4015/2549 2615/4014/2615 2773/4009/2773
f 2548/3964/2548 2613/4017/2613 2774/4016/2774 2658/4002/2658
f 2658/4002/2658 2774/4016/2774 2657/4010/2657 2564/4001/2564
f 2774/4016/2774 2616/4018/2616 2549/4015/2549 2657/4010/2657
f 2613/4017/2613 2540/4019/2540 2616/4018/2616 2774/4016/2774
f 2569/3966/2569 2689/4022/2689 2775/4021/2775 2661/4020/2661
f 2661/4020/2661 2775/4021/2775 2688/4024/2688 2568/4023/2568
f 2775/4021/2775 2677/4026/2677 2576/4025/2576 2688/4024/2688
f 2689/4022/2689 2577/4027/2577 2677/4026/2677 2775/4021/2775
f 2580/4028/2580 2704/4031/2704 2776/4030/2776 2681/4029/2681
f 2681/4029/2681 2776/4030/2776 2703/4033/2703 2579/4032/2579
f 2776/4030/2776 2698/4035/2698 2584/4034/2584 2703/4033/2703
f 2704/4036/2704 2588/4039/2588 2698/4038/2698 2776/4037/2776
f 2572/3957/2572 2667/4042/2667 2777/4041/2777 2665/4040/2665
f 2665/4040/2665 2777/4041/2777 2668/4044/2668 2571/4043/2571
f 2777/4041/2777 2681/4029/2681 2579/4032/2579 2668/4044/2668
f 2667/4042/2667 2580/4028/2580 2681/4029/2681 2777/4041/2777
f 2567/3950/2567 2669/4046/2669 2778/4045/2778 2660/3949/2660
f 2660/3949/2660 2778/4045/2778 2670/4047/2670 2566/3948/2566
f 2778/4045/2778 2676/4049/2676 2574/4048/2574 2670/4047/2670
f 2669/4046/2669 2575/4050/2575 2676/4049/2676 2778/4045/2778
f 2542/3895/2542 2674/4052/2674 2779/4051/2779 2628/3898/2628
f 2628/3898/2628 2779/4051/2779 2649/3970/2649 2555/3903/2555
f 2779/4051/2779 2664/4053/2664 2570/3974/2570 2649/3970/2649
f 2674/4052/2674 2571/4054/2571 2664/4053/2664 2779/4051/2779
f 2548/3964/2548 2648/3965/2648 2780/4055/2780 2613/4017/2613
f 2613/4017/2613 2780/4055/2780 2672/4056/2672 2540/4019/2540
f 2780/4055/2780 2661/4020/2661 2568/4023/2568 2672/4056/2672
f 2648/3965/2648 2569/3966/2569 2661/4020/2661 2780/4055/2780
f 2558/3955/2558 2671/3956/2671 2781/4057/2781 2633/3994/2633
f 2633/3994/2633 2781/4057/2781 2674/4058/2674 2542/3996/2542
f 2781/4057/2781 2665/4040/2665 2571/4043/2571 2674/4058/2674
f 2671/3956/2671 2572/3957/2572 2665/4040/2665 2781/4057/2781
f 2547/3928/2547 2673/3947/2673 2782/4059/2782 2611/3942/2611
f 2611/3942/2611 2782/4059/2782 2647/4060/2647 2544/3944/2544
f 2782/4059/2782 2659/4062/2659 2565/4061/2565 2647/4060/2647
f 2673/3947/2673 2566/3948/2566 2659/4062/2659 2782/4059/2782
f 2562/4063/2562 2675/4066/2675 2783/4065/2783 2678/4064/2678
f 2678/4064/2678 2783/4065/2783 2683/4068/2683 2577/4067/2577
f 2783/4065/2783 2686/4070/2686 2581/4069/2581 2683/4068/2683
f 2675/4066/2675 2574/4071/2574 2686/4070/2686 2783/4065/2783
f 2577/4067/2577 2683/4068/2683 2784/4073/2784 2677/4072/2677
f 2677/4072/2677 2784/4073/2784 2682/4075/2682 2576/4074/2576
f 2784/4073/2784 2684/4077/2684 2580/4076/2580 2682/4075/2682
f 2683/4068/2683 2581/4069/2581 2684/4077/2684 2784/4073/2784
f 2570/4078/2570 2679/4081/2679 2785/4080/2785 2663/4079/2663
f 2663/4079/2663 2785/4080/2785 2685/4083/2685 2567/4082/2567
f 2785/4080/2785 2691/4085/2691 2573/4084/2573 2685/4083/2685
f 2679/4081/2679 2582/4086/2582 2691/4085/2691 2785/4080/2785
f 2575/4050/2575 2687/4088/2687 2786/4087/2786 2676/4049/2676
f 2676/4089/2676 2786/4091/2786 2680/4090/2680 2574/4071/2574
f 2786/4091/2786 2695/4093/2695 2586/4092/2586 2680/4090/2680
f 2687/4088/2687 2585/4095/2585 2695/4094/2695 2786/4087/2786
f 2566/3948/2566 2670/4047/2670 2787/4096/2787 2659/4062/2659
f 2659/4062/2659 2787/4096/2787 2690/4097/2690 2565/4061/2565
f 2787/4096/2787 2675/4099/2675 2562/4098/2562 2690/4097/2690
f 2670/4047/2670 2574/4048/2574 2675/4099/2675 2787/4096/2787
f 2568/3959/2568 2688/4101/2688 2788/4100/2788 2666/3958/2666
f 2666/3958/2666 2788/4100/2788 2667/4042/2667 2572/3957/2572
f 2788/4100/2788 2682/4102/2682 2580/4028/2580 2667/4042/2667
f 2688/4101/2688 2576/4103/2576 2682/4102/2682 2788/4100/2788
f 2567/3950/2567 2685/4105/2685 2789/4104/2789 2669/4046/2669
f 2669/4046/2669 2789/4104/2789 2687/4088/2687 2575/4050/2575
f 2789/4104/2789 2694/4106/2694 2585/4095/2585 2687/4088/2687
f 2685/4105/2685 2573/4107/2573 2694/4106/2694 2789/4104/2789
f 2565/3968/2565 2690/4109/2690 2790/4108/2790 2662/3967/2662
f 2662/3967/2662 2790/4108/2790 2689/4022/2689 2569/3966/2569
f 2790/4108/2790 2678/4110/2678 2577/4027/2577 2689/4022/2689
f 2690/4109/2690 2562/4111/2562 2678/4110/2678 2790/4108/2790
f 2573/4107/2573 2697/4113/2697 2791/4112/2791 2694/4106/2694
f 2694/4106/2694 2791/4112/2791 2720/4114/2720 2585/4095/2585
f 2791/4112/2791 2710/4116/2710 2593/4115/2593 2720/4114/2720
f 2697/4113/2697 2578/4117/2578 2710/4116/2710 2791/4112/2791
f 2588/4039/2588 2719/4119/2719 2792/4118/2792 2698/4038/2698
f 2698/4035/2698 2792/4121/2792 2700/4120/2700 2584/4034/2584
f 2792/4121/2792 2714/4123/2714 2592/4122/2592 2700/4120/2700
f 2719/4124/2719 2596/4125/2596 2714/4123/2714 2792/4121/2792
f 2582/4086/2582 2696/4127/2696 2793/4126/2793 2691/4085/2691
f 2691/4085/2691 2793/4126/2793 2697/4128/2697 2573/4084/2573
f 2793/4126/2793 2707/4130/2707 2578/4129/2578 2697/4128/2697
f 2696/4127/2696 2590/4131/2590 2707/4130/2707 2793/4126/2793
f 2584/4034/2584 2700/4120/2700 2794/4133/2794 2693/4132/2693
f 2693/4132/2693 2794/4133/2794 2702/4135/2702 2583/4134/2583
f 2794/4133/2794 2709/4137/2709 2591/4136/2591 2702/4135/2702
f 2700/4120/2700 2592/4122/2592 2709/4137/2709 2794/4133/2794
f 2579/4032/2579 2703/4033/2703 2795/4138/2795 2668/4044/2668
f 2668/4044/2668 2795/4138/2795 2705/4139/2705 2571/4043/2571
f 2795/4138/2795 2693/4132/2693 2583/4134/2583 2705/4139/2705
f 2703/4033/2703 2584/4034/2584 2693/4132/2693 2795/4138/2795
f 2574/4071/2574 2680/4090/2680 2796/4140/2796 2686/4070/2686
f 2686/4070/2686 2796/4140/2796 2706/4141/2706 2581/4069/2581
f 2796/4140/2796 2701/4143/2701 2589/4142/2589 2706/4141/2706
f 2680/4090/2680 2586/4092/2586 2701/4143/2701 2796/4140/2796
f 2571/4144/2571 2705/4147/2705 2797/4146/2797 2664/4145/2664
f 2664/4145/2664 2797/4146/2797 2679/4081/2679 2570/4078/2570
f 2797/4146/2797 2692/4148/2692 2582/4086/2582 2679/4081/2679
f 2705/4147/2705 2583/4149/2583 2692/4148/2692 2797/4146/2797
f 2581/4069/2581 2706/4141/2706 2798/4150/2798 2684/4077/2684
f 2684/4077/2684 2798/4150/2798 2704/4036/2704 2580/4076/2580
f 2798/4150/2798 2699/4151/2699 2588/4039/2588 2704/4036/2704
f 2706/4141/2706 2589/4142/2589 2699/4151/2699 2798/4150/2798
f 2590/4152/2590 2718/4155/2718 2799/4154/2799 2707/4153/2707
f 2707/4153/2707 2799/4154/2799 2710/4157/2710 2578/4156/2578
f 2799/4154/2799 2712/4159/2712 2593/4158/2593 2710/4157/2710
f 2718/4155/2718 2595/4160/2595 2712/4159/2712 2799/4154/2799
f 2592/4161/2592 2732/4164/2732 2800/4163/2800 2713/4162/2713
f 2713/4162/2713 2800/4163/2800 2731/4165/2731 2595/4160/2595
f 2800/4163/2800 2725/4167/2725 2599/4166/2599 2731/4165/2731
f 2732/4164/2732 2600/4168/2600 2725/4167/2725 2800/4163/2800
f 2594/4169/2594 2750/4172/2750 2801/4171/2801 2717/4170/2717
f 2717/4170/2717 2801/4171/2801 2749/4174/2749 2597/4173/2597
f 2801/4171/2801 2737/4176/2737 2603/4175/2603 2749/4174/2749
f 2750/4172/2750 2605/4177/2605 2737/4176/2737 2801/4171/2801
f 2591/4178/2591 2709/4181/2709 2802/4180/2802 2708/4179/2708
f 2708/4179/2708 2802/4180/2802 2718/4155/2718 2590/4152/2590
f 2802/4180/2802 2713/4162/2713 2595/4160/2595 2718/4155/2718
f 2709/4181/2709 2592/4161/2592 2713/4162/2713 2802/4180/2802
f 2583/4149/2583 2702/4183/2702 2803/4182/2803 2692/4148/2692
f 2692/4148/2692 2803/4182/2803 2696/4127/2696 2582/4086/2582
f 2803/4182/2803 2708/4184/2708 2590/4131/2590 2696/4127/2696
f 2702/4183/2702 2591/4185/2591 2708/4184/2708 2803/4182/2803
f 2586/4092/2586 2722/4187/2722 2804/4186/2804 2701/4143/2701
f 2701/4143/2701 2804/4186/2804 2721/4188/2721 2589/4142/2589
f 2804/4186/2804 2717/4190/2717 2597/4189/2597 2721/4188/2721
f 2722/4187/2722 2594/4191/2594 2717/4190/2717 2804/4186/2804
f 2589/4142/2589 2721/4188/2721 2805/4192/2805 2699/4151/2699
f 2699/4151/2699 2805/4192/2805 2719/4119/2719 2588/4039/2588
f 2805/4192/2805 2715/4194/2715 2596/4193/2596 2719/4119/2719
f 2721/4188/2721 2597/4189/2597 2715/4194/2715 2805/4192/2805
f 2585/4095/2585 2720/4114/2720 2806/4195/2806 2695/4094/2695
f 2695/4093/2695 2806/4196/2806 2722/4187/2722 2586/4092/2586
f 2806/4195/2806 2711/4199/2711 2594/4198/2594 2722/4197/2722
f 2720/4114/2720 2593/4115/2593 2711/4199/2711 2806/4195/2806
f 2598/4200/2598 2748/4203/2748 2807/4202/2807 2723/4201/2723
f 2723/4201/2723 2807/4202/2807 2747/4205/2747 2587/4204/2587
f 2807/4202/2807 2738/4207/2738 2606/4206/2606 2747/4205/2747
f 2748/4203/2748 2607/4208/2607 2738/4207/2738 2807/4202/2807
f 2600/4209/2600 2727/4212/2727 2808/4211/2808 2725/4210/2725
f 2725/4167/2725 2808/4214/2808 2728/4213/2728 2599/4166/2599
f 2808/4211/2808 2740/4217/2740 2608/4216/2608 2728/4215/2728
f 2727/4212/2727 2609/4218/2609 2740/4217/2740 2808/4211/2808
f 2593/4115/2593 2734/4220/2734 2809/4219/2809 2711/4199/2711
f 2711/4199/2711 2809/4219/2809 2733/4221/2733 2594/4198/2594
f 2809/4219/2809 2723/4201/2723 2587/4204/2587 2733/4221/2733
f 2734/4220/2734 2598/4200/2598 2723/4201/2723 2809/4219/2809
f 2596/4125/2596 2716/4223/2716 2810/4222/2810 2714/4123/2714
f 2714/4123/2714 2810/4222/2810 2732/4224/2732 2592/4122/2592
f 2810/4222/2810 2726/4226/2726 2600/4225/2600 2732/4224/2732
f 2716/4223/2716 2601/4227/2601 2726/4226/2726 2810/4222/2810
f 2595/4160/2595 2731/4165/2731 2811/4228/2811 2712/4159/2712
f 2712/4159/2712 2811/4228/2811 2734/4229/2734 2593/4158/2593
f 2811/4228/2811 2724/4231/2724 2598/4230/2598 2734/4229/2734
f 2731/4165/2731 2599/4166/2599 2724/4231/2724 2811/4228/2811
f 2596/4125/2596 2729/4233/2729 2812/4232/2812 2716/4223/2716
f 2716/4223/2716 2812/4232/2812 2730/4234/2730 2601/4227/2601
f 2812/4232/2812 2736/4236/2736 2604/4235/2604 2730/4234/2730
f 2729/4233/2729 2602/4237/2602 2736/4236/2736 2812/4232/2812
f 2603/4175/2603 2745/4240/2745 2813/4239/2813 2735/4238/2735
f 2735/4238/2735 2813/4239/2813 2736/4242/2736 2602/4241/2602
f 2813/4243/2813 2742/4244/2742 2604/4235/2604 2736/4236/2736
f 2745/4240/2745 2610/4246/2610 2742/4245/2742 2813/4239/2813
f 2610/4247/2610 2743/4250/2743 2814/4249/2814 2742/4248/2742
f 2742/4244/2742 2814/4252/2814 2741/4251/2741 2604/4235/2604
f 2814/4249/2814 2740/4217/2740 2609/4218/2609 2741/4253/2741
f 2743/4250/2743 2608/4216/2608 2740/4217/2740 2814/4249/2814
f 2606/4254/2606 2738/4257/2738 2815/4256/2815 2744/4255/2744
f 2744/4255/2744 2815/4256/2815 2743/4250/2743 2610/4247/2610
f 2815/4256/2815 2739/4258/2739 2608/4216/2608 2743/4250/2743
f 2738/4257/2738 2607/4259/2607 2739/4258/2739 2815/4256/2815
f 2605/4177/2605 2746/4261/2746 2816/4260/2816 2737/4176/2737
f 2737/4176/2737 2816/4260/2816 2745/4240/2745 2603/4175/2603
f 2816/4260/2816 2744/4262/2744 2610/4246/2610 2745/4240/2745
f 2746/4263/2746 2606/4206/2606 2744/4265/2744 2816/4264/2816
f 2601/4227/2601 2730/4234/2730 2817/4266/2817 2726/4226/2726
f 2726/4226/2726 2817/4266/2817 2727/4267/2727 2600/4225/2600
f 2817/4266/2817 2741/4251/2741 2609/4268/2609 2727/4267/2727
f 2730/4234/2730 2604/4235/2604 2741/4251/2741 2817/4266/2817
f 2597/4173/2597 2749/4174/2749 2818/4270/2818 2715/4269/2715
f 2715/4269/2715 2818/4270/2818 2729/4272/2729 2596/4271/2596
f 2818/4270/2818 2735/4238/2735 2602/4241/2602 2729/4272/2729
f 2749/4174/2749 2603/4175/2603 2735/4238/2735 2818/4270/2818
f 2599/4166/2599 2728/4213/2728 2819/4273/2819 2724/4231/2724
f 2724/4231/2724 2819/4273/2819 2748/4274/2748 2598/4230/2598
f 2819/4275/2819 2739/4258/2739 2607/4259/2607 2748/4276/2748
f 2728/4215/2728 2608/4216/2608 2739/4258/2739 2819/4275/2819
f 2587/4204/2587 2747/4205/2747 2820/4277/2820 2733/4221/2733
f 2733/4221/2733 2820/4277/2820 2750/4278/2750 2594/4198/2594
f 2820/4277/2820 2746/4263/2746 2605/4279/2605 2750/4278/2750
f 2747/4205/2747 2606/4206/2606 2746/4263/2746 2820/4277/2820
o Cube.010
v 2.200624 2.307173 -0.137683
v 2.370399 1.279987 0.075208
v 1.540928 2.307173 -0.797379
v 1.689820 1.279987 -0.605372
v 2.860320 2.307173 -0.797379
v 3.073211 1.279987 -0.627604
v 2.200624 2.307173 -1.457075
v 2.392632 1.279987 -1.308183
v 2.843409 1.246634 -1.091721
v 2.838962 1.246634 -0.159041
v 2.227910 1.848415 0.019017
v 2.227910 1.848415 -1.559204
v 1.438799 1.848415 -0.770094
v 3.017020 1.848415 -0.770094
v 1.806069 2.398683 -1.191934
v 1.806069 2.398683 -0.402824
v 1.928515 1.246634 -1.069488
v 2.595179 2.398683 -1.191934
v 2.595179 2.398683 -0.402824
v 1.906282 1.246634 -0.154594
v 2.200624 2.607351 -0.797379
v 1.685803 1.848415 -1.312200
v 2.770016 1.848415 -1.312200
v 2.682915 0.195325 -0.773580
v 1.685803 1.848415 -0.227987
v 2.770016 1.848415 -0.227987
v 3.093238 0.656553 -0.539180
v 2.879695 0.618883 -0.954190
v 2.539189 0.772128 -1.143812
v 2.458823 0.656553 0.095235
v 2.881716 0.618882 -0.116287
v 2.133400 0.865214 -0.864603
v 1.854191 0.772128 -0.458814
v 2.043813 0.618882 -0.118308
v 2.085500 1.403268 -1.628772
v 2.311661 0.177699 -1.251503
v 2.216771 0.424777 -1.413884
v 2.224423 0.195325 -0.315088
v 2.463807 0.113227 -0.534196
v 1.611240 1.769132 -2.032653
v 1.584119 0.424777 -0.781232
v 1.746500 0.177699 -0.686342
v 1.974484 0.055960 -1.023519
v 1.759044 1.448786 -1.238959
v 1.369231 1.403268 -0.912503
v 1.108286 0.939312 -1.214949
v 1.783054 0.939311 -1.889717
v 1.779553 0.713013 -1.804670
v 1.239892 0.690227 -2.477606
v 1.193333 0.713013 -1.218450
v 1.517221 0.596523 -1.480781
v 1.246412 1.812328 -1.751591
v 0.965350 1.769132 -1.386763
v 0.629409 1.305154 -1.774879
v 1.223124 1.305154 -2.368593
v 1.518156 0.988445 -2.126544
v 0.793865 1.335407 -2.204138
v 0.871458 0.988445 -1.479847
v 1.318086 0.872581 -1.679917
v 0.916873 0.767279 -2.618645
v 0.573278 0.742793 -2.424725
v 0.379357 0.767279 -2.081129
v 0.520397 0.690227 -1.758110
v 1.050143 0.571481 -1.382848
v 1.385693 0.487758 -1.612309
v 0.796095 0.253386 -1.592924
v 1.615155 0.571481 -1.947860
v 1.405079 0.253386 -2.201907
v 1.034662 0.325794 -2.455004
v 0.759508 0.248862 -2.238494
v 0.542998 0.325794 -1.963341
v 1.164727 0.060250 -1.833275
v 3.006842 1.263311 -0.873886
v 2.630576 1.263311 -1.250152
v 2.617237 1.263311 0.008283
v 3.006286 1.263311 -0.380766
v 2.204035 2.121441 -0.045114
v 2.286649 1.568454 0.045394
v 2.289428 1.568454 -1.465324
v 2.204035 2.121441 -1.542822
v 1.455181 2.121441 -0.793968
v 1.532679 1.568454 -0.708575
v 2.952889 2.121441 -0.793968
v 3.043397 1.568454 -0.711354
v 1.628364 2.370217 -0.973972
v 2.024031 2.370217 -1.369639
v 2.024031 2.370217 -0.225118
v 1.628364 2.370217 -0.620785
v 2.149684 1.263311 -1.237368
v 1.760635 1.263311 -0.848319
v 2.377218 2.370217 -1.369639
v 2.772885 2.370217 -0.973972
v 2.772885 2.370217 -0.620785
v 2.377218 2.370217 -0.225118
v 1.747851 1.263311 -0.367427
v 2.124117 1.263311 0.008839
v 2.416462 2.555266 -0.581541
v 2.416462 2.555266 -1.013217
v 1.984787 2.555266 -1.013217
v 1.984787 2.555266 -0.581541
v 1.506795 1.848415 -1.059533
v 1.698758 2.146903 -1.299245
v 1.938470 1.848415 -1.491208
v 1.775456 1.549276 -1.222547
v 2.517349 1.848415 -1.491208
v 2.709311 2.146903 -1.299245
v 2.949024 1.848415 -1.059533
v 2.801732 1.549276 -1.225326
v 3.124627 0.970351 -0.546064
v 2.896408 0.931455 -0.101595
v 2.083016 0.962247 -0.914987
v 2.517056 0.984424 -1.159705
v 1.938470 1.848415 -0.048979
v 1.698758 2.146903 -0.288691
v 1.506795 1.848415 -0.480655
v 1.772676 1.549276 -0.196271
v 2.949024 1.848415 -0.480655
v 2.709312 2.146903 -0.288691
v 2.517349 1.848415 -0.048979
v 2.801176 1.549276 -0.196827
v 3.023523 0.637718 -0.765200
v 2.722733 0.649974 -1.074004
v 2.682116 0.637718 0.036914
v 3.034917 0.637718 -0.315887
v 2.345916 0.872150 -1.039314
v 1.958689 0.872150 -0.652087
v 1.923999 0.649974 -0.275270
v 2.232803 0.637718 0.025520
v 1.938122 0.340600 -0.334645
v 1.712399 0.538757 -0.603271
v 2.394732 0.538757 -1.285604
v 2.663358 0.340600 -1.059881
v 2.019016 0.931455 -0.091288
v 2.451939 0.970351 0.126624
v 2.906715 0.931455 -0.978987
v 1.838298 0.984424 -0.480947
v 2.542234 0.143997 -0.967829
v 2.255432 0.293239 -1.367274
v 2.321282 0.137799 -0.405867
v 2.592136 0.137799 -0.676721
v 2.001089 1.085452 -0.996914
v 1.993924 0.403427 -1.558135
v 1.630729 0.293239 -0.742571
v 2.030174 0.143997 -0.455769
v 2.216167 0.002307 -0.781836
v 1.828490 0.089484 -0.868608
v 2.319478 1.034933 -1.354783
v 2.129395 0.089484 -1.169513
v 2.022926 0.614162 -1.613343
v 2.345551 0.372708 -0.100945
v 2.714371 0.333469 -0.283632
v 2.897058 0.372708 -0.652452
v 1.985910 1.461009 -1.448415
v 1.549588 1.461009 -1.012092
v 1.208749 1.187436 -1.044134
v 1.953868 1.187436 -1.789254
v 1.763034 0.794389 -1.890679
v 1.500269 1.731067 -1.497734
v 1.835413 1.681243 -1.882946
v 1.107323 0.794390 -1.234969
v 1.339917 0.635414 -1.311172
v 0.853469 1.205892 -1.461586
v 1.686831 0.635414 -1.658086
v 1.115057 1.681243 -1.162590
v 1.384660 0.614162 -0.975077
v 1.439868 0.403427 -1.004079
v 1.643220 1.034933 -0.678525
v 1.730916 0.295640 -1.267087
v 1.471898 1.819571 -1.942022
v 1.055981 1.819571 -1.526105
v 0.804370 1.615832 -1.551871
v 1.446131 1.615832 -2.193633
v 1.361919 1.118007 -2.308565
v 0.980696 1.346456 -2.343589
v 0.654414 1.346456 -2.017306
v 0.689438 1.118008 -1.636084
v 1.123945 0.911967 -1.510985
v 0.632384 0.850188 -1.645407
v 1.487018 0.911967 -1.874057
v 1.004428 1.641061 -1.993575
v 1.012355 0.941362 -1.378357
v 1.536417 1.205892 -2.144533
v 1.371561 0.814250 -1.626441
v 1.619646 0.941362 -1.985648
v 1.086627 0.733871 -2.582682
v 0.740553 0.757823 -2.556365
v 0.441638 0.757823 -2.257449
v 0.415320 0.733871 -1.911376
v 0.431324 0.504917 -2.036939
v 0.619429 0.477911 -2.378573
v 0.970362 0.770932 -1.408511
v 0.614564 0.485004 -1.669816
v 0.639354 1.028376 -2.358648
v 0.453053 1.041922 -2.001817
v 1.352596 0.850188 -2.365619
v 0.996186 1.041922 -2.544950
v 1.200354 0.523186 -1.444807
v 0.950447 0.407011 -1.432869
v 1.553196 0.523186 -1.797648
v 1.202624 0.249658 -2.359207
v 0.921603 0.273942 -2.378383
v 0.619620 0.273942 -2.076399
v 0.638796 0.249658 -1.795379
v 0.983037 0.107318 -1.664800
v 0.959513 0.085448 -2.038490
v 1.333203 0.107318 -2.014965
v 1.319569 0.222813 -1.678434
v 1.565133 0.407011 -2.047555
v 1.328187 0.485004 -2.383438
v 0.961064 0.504917 -2.566679
v 1.354369 0.739002 -1.643633
v 1.589492 0.770932 -2.027640
v 2.200624 2.509792 -0.381810
v 2.616193 2.509792 -0.797379
v 2.200624 2.509792 -1.212948
v 1.785055 2.509792 -0.797379
v 1.600760 1.558865 -0.981553
v 1.523129 2.135514 -1.059305
v 1.938698 2.135514 -1.474874
v 2.016450 1.558865 -1.397243
v 2.561779 1.558865 -1.398841
v 2.469372 2.135514 -1.474874
v 2.884941 2.135514 -1.059305
v 2.975872 1.558865 -0.984749
v 2.722126 0.953128 -1.116465
v 2.219674 0.950903 0.060938
v 3.059045 0.950903 -0.312820
v 2.294855 0.978930 -1.081478
v 2.013254 1.558865 -0.022131
v 1.938698 2.135514 -0.113062
v 1.523129 2.135514 -0.528631
v 1.599162 1.558865 -0.436224
v 2.975803 1.558865 -0.437891
v 2.884941 2.135514 -0.528632
v 2.469372 2.135514 -0.113062
v 2.560112 1.558865 -0.022200
v 2.540409 0.351668 -0.148583
v 1.372417 0.480845 -1.005501
v 1.826511 0.386553 -0.463005
v 2.534998 0.386553 -1.171492
v 1.916525 0.978930 -0.703148
v 2.685183 0.950903 0.061042
v 1.881538 0.953128 -0.275877
v 3.058941 0.950903 -0.778329
v 2.358215 0.034718 -0.915578
v 2.082425 0.034718 -0.639788
v 2.216129 1.095549 -1.191394
v 1.992502 0.480845 -1.625586
v 2.811395 0.352660 -0.869151
v 2.128852 0.352660 -0.186608
v 2.192411 0.830871 -1.507259
v 2.849420 0.351668 -0.457594
v 1.701835 1.468929 -2.046214
v 0.885627 1.039984 -1.439013
v 1.732210 1.742290 -1.708923
v 0.951789 1.468929 -1.296168
v 1.490744 0.830872 -0.805592
v 1.892159 0.331561 -1.430749
v 1.806609 1.095550 -0.781874
v 1.567253 0.331561 -1.105844
v 1.216346 1.651888 -2.155776
v 0.507551 1.042258 -2.187939
v 1.524354 0.769581 -1.833235
v 0.842227 1.651888 -1.781657
v 1.289080 1.742290 -1.265793
v 1.543256 0.855157 -1.812611
v 1.185392 0.855157 -1.454747
v 1.558989 1.039984 -2.112375
v 1.141447 0.470159 -2.515471
v 0.487691 0.494159 -2.211864
v 1.176192 0.978520 -2.493967
v 0.504036 0.978520 -1.821810
v 0.810064 1.042258 -2.490451
v 0.780632 0.631239 -1.499197
v 1.132807 0.269753 -1.507603
v 0.795783 0.124150 -1.875031
v 1.122971 0.124150 -2.202219
v 1.490400 0.269753 -1.865196
v 0.482531 0.470160 -1.856555
v 1.164768 0.769581 -1.473649
v 0.786139 0.494159 -2.510312
v 1.498805 0.631239 -2.217370
vn -0.0018 0.5847 0.8113
vn 0.0027 0.1254 0.9921
vn -0.8204 0.5718 -0.0019
vn -0.8794 -0.4757 -0.0187
vn 0.8113 0.5847 -0.0018
vn 0.9921 0.1254 0.0027
vn -0.0019 0.5718 -0.8204
vn -0.0187 -0.4757 -0.8794
vn 0.6959 -0.1582 -0.7005
vn 0.6894 0.2221 0.6894
vn -0.0102 0.1555 0.9878
vn -0.0070 -0.1258 -0.9920
vn -0.9920 -0.1258 -0.0070
vn 0.9878 0.1555 -0.0102
vn -0.5031 0.7027 -0.5031
vn -0.5001 0.7077 0.4990
vn -0.5693 -0.5931 -0.5693
vn 0.4990 0.7077 -0.5001
vn 0.4960 0.7127 0.4960
vn -0.7005 -0.1582 0.6959
vn -0.0000 1.0000 -0.0000
vn -0.6969 -0.1689 -0.6969
vn 0.7008 0.0171 -0.7131
vn 0.6071 -0.7873 -0.1075
vn -0.7131 0.0171 0.7008
vn 0.6909 0.2129 0.6909
vn 0.9468 -0.3218 -0.0060
vn 0.7115 -0.2162 -0.6686
vn 0.4652 0.0593 -0.8832
vn -0.0060 -0.3218 0.9468
vn 0.6557 -0.3744 0.6557
vn -0.3959 0.8286 -0.3959
vn -0.8832 0.0593 0.4652
vn -0.6686 -0.2162 0.7115
vn 0.8618 0.4284 -0.2715
vn 0.3688 -0.6853 -0.6280
vn 0.6442 -0.0945 -0.7590
vn -0.1075 -0.7873 0.6071
vn 0.2945 -0.9092 0.2945
vn 0.3998 0.7188 -0.5687
vn -0.7590 -0.0945 0.6442
vn -0.6280 -0.6853 0.3688
vn -0.2581 -0.9310 -0.2581
vn 0.4745 0.7415 0.4745
vn -0.2715 0.4284 0.8618
vn -0.7358 -0.1072 0.6687
vn 0.6687 -0.1072 -0.7358
vn -0.2956 -0.7113 -0.6378
vn 0.6227 -0.0152 -0.7823
vn -0.6378 -0.7113 -0.2956
vn -0.5040 -0.7014 -0.5040
vn -0.0995 0.9900 -0.0995
vn -0.5687 0.7188 0.3998
vn -0.8937 0.3577 0.2709
vn 0.2709 0.3577 -0.8937
vn 0.7816 -0.1635 -0.6019
vn -0.5443 0.6384 -0.5443
vn -0.6019 -0.1635 0.7816
vn 0.4465 -0.7754 0.4465
vn -0.0647 0.0462 -0.9968
vn -0.7069 0.0265 -0.7069
vn -0.9968 0.0462 -0.0647
vn -0.7823 -0.0152 0.6227
vn 0.0451 -0.0359 0.9983
vn 0.7032 -0.1043 0.7033
vn -0.4969 -0.5613 0.6618
vn 0.9983 -0.0359 0.0451
vn 0.6618 -0.5613 -0.4969
vn 0.0026 -0.6293 -0.7771
vn -0.4496 -0.7719 -0.4496
vn -0.7771 -0.6293 0.0026
vn 0.1932 -0.9620 0.1932
vn 0.9014 -0.0219 -0.4325
vn 0.3800 -0.3167 -0.8691
vn 0.4389 0.2093 0.8738
vn 0.8738 0.2093 0.4389
vn -0.0063 0.3463 0.9381
vn -0.0062 0.0858 0.9963
vn -0.0031 -0.3965 -0.9181
vn -0.0065 0.2524 -0.9676
vn -0.9676 0.2524 -0.0065
vn -0.9181 -0.3965 -0.0031
vn 0.9381 0.3463 -0.0063
vn 0.9963 0.0858 -0.0062
vn -0.6916 0.6702 -0.2693
vn -0.2693 0.6702 -0.6916
vn -0.2659 0.6778 0.6855
vn -0.6896 0.6734 0.2665
vn -0.3432 -0.5659 -0.7496
vn -0.7496 -0.5659 -0.3432
vn 0.2665 0.6734 -0.6896
vn 0.6855 0.6778 -0.2659
vn 0.6836 0.6809 0.2630
vn 0.2630 0.6809 0.6836
vn -0.8691 -0.3167 0.3800
vn -0.4325 -0.0219 0.9014
vn 0.2455 0.9378 0.2455
vn 0.2455 0.9378 -0.2455
vn -0.2455 0.9378 -0.2455
vn -0.2455 0.9378 0.2455
vn -0.8963 -0.1627 -0.4126
vn -0.6767 0.2899 -0.6767
vn -0.4126 -0.1627 -0.8963
vn -0.6179 -0.4862 -0.6179
vn 0.4069 -0.0542 -0.9119
vn 0.6589 0.3491 -0.6663
vn 0.9019 0.0837 -0.4239
vn 0.6926 -0.1706 -0.7009
vn 0.9990 0.0409 0.0173
vn 0.7045 0.0866 0.7045
vn -0.5754 -0.5813 -0.5754
vn -0.0580 -0.3391 -0.9390
vn -0.4239 0.0837 0.9019
vn -0.6663 0.3491 0.6589
vn -0.9119 -0.0542 0.4069
vn -0.7009 -0.1706 0.6926
vn 0.8918 0.2021 0.4048
vn 0.6460 0.4067 0.6460
vn 0.4048 0.2021 0.8918
vn 0.6968 0.1699 0.6968
vn 0.8672 -0.2906 -0.4043
vn 0.5307 -0.0855 -0.8433
vn 0.3946 -0.3536 0.8481
vn 0.8481 -0.3536 0.3946
vn 0.2247 0.6211 -0.7508
vn -0.7508 0.6211 0.2247
vn -0.8433 -0.0855 0.5307
vn -0.4043 -0.2906 0.8672
vn -0.6482 -0.4112 0.6409
vn -0.7809 -0.0337 0.6238
vn 0.6238 -0.0337 -0.7809
vn 0.6409 -0.4112 -0.6482
vn -0.6943 -0.1069 0.7117
vn 0.0173 0.0409 0.9990
vn 0.7117 -0.1069 -0.6943
vn -0.9390 -0.3391 -0.0580
vn 0.5269 -0.7790 -0.3400
vn 0.4857 -0.3796 -0.7874
vn 0.0914 -0.8802 0.4656
vn 0.4656 -0.8802 0.0914
vn 0.5232 0.6727 0.5232
vn -0.0152 -0.7138 -0.7002
vn -0.7874 -0.3796 0.4857
vn -0.3400 -0.7790 0.5269
vn 0.0491 -0.9976 0.0491
vn -0.4571 -0.8893 -0.0170
vn 0.8785 0.4077 -0.2491
vn -0.0170 -0.8893 -0.4571
vn 0.6690 -0.1130 -0.7346
vn -0.0662 -0.6493 0.7577
vn 0.4669 -0.7510 0.4669
vn 0.7577 -0.6493 -0.0662
vn 0.5851 0.7285 0.3562
vn 0.3562 0.7285 0.5851
vn -0.7067 -0.0515 0.7056
vn 0.7056 -0.0515 -0.7067
vn 0.1898 -0.5494 -0.8137
vn 0.2984 0.9066 0.2984
vn 0.7133 0.5857 -0.3850
vn -0.8137 -0.5494 0.1898
vn -0.5889 -0.7033 -0.3981
vn -0.7794 0.0007 0.6265
vn -0.3981 -0.7033 -0.5889
vn -0.3850 0.5857 0.7133
vn -0.7346 -0.1130 0.6690
vn -0.7002 -0.7138 -0.0152
vn -0.2491 0.4077 0.8785
vn -0.4477 -0.7740 -0.4477
vn 0.0325 0.9724 -0.2310
vn -0.2310 0.9724 0.0325
vn -0.8490 0.4472 0.2814
vn 0.2814 0.4472 -0.8490
vn 0.6477 0.1276 -0.7511
vn -0.2928 0.6128 -0.7340
vn -0.7340 0.6128 -0.2928
vn -0.7511 0.1276 0.6477
vn -0.0365 -0.6954 0.7177
vn -0.6890 0.0762 0.7207
vn 0.7177 -0.6954 -0.0365
vn -0.4261 0.7980 -0.4261
vn -0.4961 -0.8200 -0.2855
vn 0.6265 0.0007 -0.7794
vn -0.4689 -0.7485 -0.4689
vn -0.2855 -0.8200 -0.4961
vn 0.3878 -0.0000 -0.9217
vn -0.4797 0.0424 -0.8764
vn -0.8764 0.0424 -0.4797
vn -0.9217 -0.0000 0.3878
vn -0.9276 -0.3708 -0.0443
vn -0.6278 -0.4602 -0.6278
vn -0.0975 0.1893 0.9771
vn -0.7224 -0.2036 0.6608
vn -0.6331 0.4454 -0.6331
vn -0.9277 0.3673 0.0671
vn 0.7207 0.0762 -0.6890
vn 0.0671 0.3673 -0.9277
vn 0.4902 -0.0864 0.8673
vn -0.2382 -0.3337 0.9121
vn 0.8673 -0.0864 0.4902
vn 0.3149 -0.6503 -0.6913
vn -0.2431 -0.7414 -0.6254
vn -0.6254 -0.7414 -0.2431
vn -0.6913 -0.6503 0.3149
vn -0.1131 -0.8722 0.4758
vn -0.2046 -0.9572 -0.2046
vn 0.4758 -0.8722 -0.1131
vn 0.5590 -0.6124 0.5590
vn 0.9121 -0.3337 -0.2382
vn 0.6608 -0.2036 -0.7224
vn -0.0443 -0.3708 -0.9276
vn 0.6823 0.2625 0.6823
vn 0.9771 0.1893 -0.0975
vn -0.0000 0.8892 0.4576
vn 0.4576 0.8892 -0.0000
vn -0.0000 0.8892 -0.4576
vn -0.4576 0.8892 -0.0000
vn -0.8078 -0.4651 -0.3621
vn -0.8715 0.2667 -0.4115
vn -0.4115 0.2667 -0.8715
vn -0.3621 -0.4651 -0.8078
vn 0.3888 -0.2873 -0.8754
vn 0.3978 0.3033 -0.8659
vn 0.8477 0.3472 -0.4011
vn 0.9040 -0.0464 -0.4250
vn 0.4275 -0.1762 -0.8867
vn -0.4247 -0.0439 0.9043
vn 0.8884 0.0826 0.4515
vn -0.4097 -0.5066 -0.7586
vn -0.4250 -0.0464 0.9040
vn -0.4011 0.3472 0.8477
vn -0.8659 0.3033 0.3978
vn -0.8754 -0.2873 0.3888
vn 0.8932 0.1596 0.4204
vn 0.8392 0.3827 0.3863
vn 0.3863 0.3827 0.8392
vn 0.4204 0.1596 0.8932
vn 0.2447 -0.7225 0.6466
vn -0.8267 -0.4646 0.3173
vn -0.7911 -0.1742 0.5863
vn 0.5863 -0.1742 -0.7911
vn -0.7586 -0.5066 -0.4097
vn 0.4515 0.0826 0.8884
vn -0.8867 -0.1762 0.4275
vn 0.9043 -0.0439 -0.4247
vn 0.2674 -0.9472 -0.1767
vn -0.1767 -0.9472 0.2674
vn 0.5987 0.6801 0.4231
vn 0.3173 -0.4646 -0.8267
vn 0.7345 -0.5499 -0.3977
vn -0.3977 -0.5499 0.7345
vn 0.6999 -0.0664 -0.7112
vn 0.6466 -0.7225 0.2447
vn 0.6355 0.0495 -0.7705
vn -0.7381 -0.1787 0.6506
vn 0.4099 0.8905 0.1974
vn -0.7705 0.0495 0.6355
vn -0.7112 -0.0664 0.6999
vn -0.2585 -0.7674 -0.5868
vn 0.4231 0.6801 0.5987
vn -0.5868 -0.7674 -0.2585
vn -0.2163 0.7490 -0.6263
vn -0.7970 0.4483 -0.4047
vn 0.8145 0.2858 0.5048
vn -0.6263 0.7490 -0.2163
vn 0.1974 0.8905 0.4099
vn -0.3566 -0.7735 -0.5240
vn -0.5240 -0.7735 -0.3566
vn 0.6506 -0.1787 -0.7381
vn 0.3847 -0.3142 -0.8679
vn -0.8039 -0.4305 -0.4104
vn 0.5173 0.1803 -0.8366
vn -0.8366 0.1803 0.5173
vn -0.4047 0.4483 -0.7970
vn -0.5720 -0.0437 0.8191
vn 0.2501 -0.5636 0.7873
vn -0.4324 -0.8997 0.0601
vn 0.0601 -0.8997 -0.4324
vn 0.7873 -0.5636 0.2501
vn -0.8679 -0.3142 0.3847
vn 0.5048 0.2858 0.8145
vn -0.4104 -0.4305 -0.8039
vn 0.8191 -0.0437 -0.5720
vt 0.747951 0.950303
vt 0.745549 0.942274
vt 0.756864 0.941677
vt 0.756497 0.952247
vt 0.743776 0.930427
vt 0.755946 0.929118
vt 0.768911 0.928212
vt 0.769327 0.941307
vt 0.768238 0.952709
vt 0.743580 0.918739
vt 0.754797 0.916958
vt 0.744669 0.911063
vt 0.752771 0.907704
vt 0.764312 0.905772
vt 0.767180 0.915631
vt 0.778494 0.915709
vt 0.780561 0.927820
vt 0.775334 0.906514
vt 0.962549 0.045216
vt 0.956862 0.055210
vt 0.951487 0.051619
vt 0.953290 0.043441
vt 0.964709 0.032786
vt 0.954481 0.031518
vt 0.780561 0.940428
vt 0.779059 0.951058
vt 0.963681 0.020472
vt 0.954368 0.019882
vt 0.958903 0.010622
vt 0.953285 0.012339
vt 0.196661 0.925451
vt 0.195334 0.911772
vt 0.205298 0.907179
vt 0.205830 0.921817
vt 0.194751 0.900797
vt 0.205206 0.895562
vt 0.218045 0.893821
vt 0.217648 0.905862
vt 0.217382 0.920992
vt 0.934654 0.008225
vt 0.945195 0.009394
vt 0.943026 0.018615
vt 0.931625 0.018080
vt 0.942167 0.030759
vt 0.930192 0.030669
vt 0.941893 0.043359
vt 0.930449 0.043782
vt 0.943154 0.053982
vt 0.932503 0.055210
vt 0.230181 0.907179
vt 0.229117 0.921817
vt 0.231045 0.895562
vt 0.241986 0.900797
vt 0.240632 0.911772
vt 0.238730 0.925451
vt 0.380967 0.476237
vt 0.367134 0.480759
vt 0.369895 0.471135
vt 0.383720 0.467918
vt 0.354453 0.482314
vt 0.356948 0.472057
vt 0.360121 0.459567
vt 0.373331 0.459272
vt 0.387140 0.457349
vt 0.343226 0.479613
vt 0.344982 0.469894
vt 0.336293 0.475205
vt 0.335610 0.466920
vt 0.337372 0.455155
vt 0.347574 0.457746
vt 0.351207 0.445772
vt 0.363415 0.447000
vt 0.341538 0.443953
vt 0.346176 0.436913
vt 0.354444 0.436146
vt 0.366275 0.436511
vt 0.376099 0.447099
vt 0.389356 0.446078
vt 0.378429 0.436995
vt 0.391162 0.436733
vt 0.398171 0.464652
vt 0.395161 0.471442
vt 0.401434 0.455560
vt 0.414288 0.458915
vt 0.410970 0.466598
vt 0.404153 0.472595
vt 0.376468 0.294053
vt 0.378519 0.302648
vt 0.364527 0.301749
vt 0.362728 0.293505
vt 0.380827 0.313649
vt 0.366495 0.311979
vt 0.353610 0.315440
vt 0.351776 0.305785
vt 0.349990 0.297577
vt 0.090593 0.751257
vt 0.099249 0.751311
vt 0.098537 0.763705
vt 0.090288 0.763485
vt 0.110585 0.752115
vt 0.109435 0.764640
vt 0.108797 0.777829
vt 0.098516 0.776930
vt 0.090768 0.776739
vt 0.228562 0.936351
vt 0.217156 0.935715
vt 0.237722 0.939611
vt 0.237529 0.946048
vt 0.228718 0.941340
vt 0.217074 0.940627
vt 0.389244 0.294178
vt 0.391853 0.303428
vt 0.401412 0.293641
vt 0.404571 0.303218
vt 0.407981 0.315438
vt 0.394728 0.315282
vt 0.413168 0.293505
vt 0.416670 0.302320
vt 0.421308 0.294665
vt 0.426067 0.301340
vt 0.430301 0.312340
vt 0.420405 0.313990
vt 0.422941 0.326328
vt 0.411085 0.328156
vt 0.432038 0.324198
vt 0.431264 0.332776
vt 0.424469 0.336768
vt 0.413321 0.339229
vt 0.398102 0.327351
vt 0.384197 0.324385
vt 0.400623 0.337735
vt 0.386739 0.333371
vt 0.090071 0.739783
vt 0.099465 0.739431
vt 0.090071 0.728534
vt 0.099920 0.727715
vt 0.112494 0.727764
vt 0.111567 0.739902
vt 0.092224 0.717664
vt 0.101472 0.716362
vt 0.739364 0.909471
vt 0.734743 0.919610
vt 0.734087 0.932010
vt 0.113628 0.715970
vt 0.126181 0.717217
vt 0.125586 0.728603
vt 0.736810 0.944329
vt 0.126862 0.708506
vt 0.134875 0.711883
vt 0.136748 0.719204
vt 0.136989 0.730157
vt 0.124181 0.740286
vt 0.122381 0.752111
vt 0.135065 0.741340
vt 0.132380 0.752703
vt 0.119493 0.777656
vt 0.118662 0.791290
vt 0.109296 0.791523
vt 0.128489 0.778044
vt 0.126438 0.791451
vt 0.124429 0.800548
vt 0.118693 0.802721
vt 0.110533 0.803391
vt 0.341519 0.345899
vt 0.347670 0.349475
vt 0.359272 0.362613
vt 0.355446 0.361645
vt 0.353713 0.350555
vt 0.364445 0.359945
vt 0.381725 0.371383
vt 0.375912 0.373547
vt 0.829051 0.480470
vt 0.827153 0.476823
vt 0.826167 0.456954
vt 0.828198 0.461500
vt 0.356894 0.323240
vt 0.348076 0.334499
vt 0.344420 0.327984
vt 0.363569 0.329684
vt 0.356171 0.340367
vt 0.419719 0.477625
vt 0.411588 0.483379
vt 0.423388 0.471157
vt 0.426136 0.488571
vt 0.420057 0.492368
vt 0.414013 0.493450
vt 0.205916 0.936351
vt 0.197093 0.939611
vt 0.205540 0.941340
vt 0.196526 0.946048
vt 0.120766 0.764474
vt 0.130284 0.764869
vt 0.369714 0.321218
vt 0.372532 0.328615
vt 0.403319 0.445086
vt 0.404890 0.436146
vt 0.417617 0.440168
vt 0.416046 0.449032
vt 0.860556 0.520729
vt 0.854833 0.522373
vt 0.854258 0.513887
vt 0.861691 0.514151
vt 0.846693 0.523349
vt 0.845931 0.514536
vt 0.845508 0.501711
vt 0.854590 0.501047
vt 0.862784 0.501116
vt 0.838620 0.522373
vt 0.837750 0.513887
vt 0.833112 0.520729
vt 0.831040 0.514151
vt 0.828954 0.501116
vt 0.836578 0.501047
vt 0.221129 0.871968
vt 0.209489 0.872629
vt 0.208519 0.861649
vt 0.220806 0.861540
vt 0.200806 0.876220
vt 0.200874 0.860508
vt 0.199249 0.841170
vt 0.207263 0.842950
vt 0.220352 0.842981
vt 0.408457 0.505502
vt 0.403290 0.502858
vt 0.864607 0.494037
vt 0.862216 0.480470
vt 0.864270 0.476823
vt 0.863288 0.461500
vt 0.865417 0.456954
vt 0.391855 0.516545
vt 0.386049 0.514408
vt 0.425466 0.461175
vt 0.427016 0.452118
vt 0.431861 0.463683
vt 0.431415 0.473976
vt 0.342268 0.318219
vt 0.340534 0.309721
vt 0.336148 0.331571
vt 0.335610 0.321548
vt 0.396408 0.492593
vt 0.390149 0.482300
vt 0.377840 0.503938
vt 0.371194 0.493154
vt 0.100289 0.790654
vt 0.093647 0.790317
vt 0.102589 0.802164
vt 0.097168 0.799605
vt 0.362471 0.515724
vt 0.356006 0.504840
vt 0.371346 0.526136
vt 0.363321 0.540631
vt 0.353512 0.525808
vt 0.349660 0.514719
vt 0.825660 0.440485
vt 0.827647 0.447486
vt 0.396437 0.383092
vt 0.389213 0.383254
vt 0.404369 0.397892
vt 0.395372 0.393812
vt 0.383625 0.379081
vt 0.387463 0.385464
vt 0.206943 0.824603
vt 0.220237 0.824531
vt 0.199005 0.823151
vt 0.201549 0.811406
vt 0.208315 0.809550
vt 0.220808 0.808995
vt 0.389980 0.360751
vt 0.405352 0.372536
vt 0.396549 0.350186
vt 0.411741 0.361873
vt 0.418004 0.372019
vt 0.414182 0.383032
vt 0.371367 0.349537
vt 0.377557 0.339445
vt 0.855243 0.482950
vt 0.845450 0.483944
vt 0.845579 0.465994
vt 0.856031 0.464798
vt 0.241677 0.877371
vt 0.232593 0.873280
vt 0.232953 0.862337
vt 0.241223 0.861645
vt 0.233297 0.843684
vt 0.241986 0.842374
vt 0.835795 0.482950
vt 0.835265 0.464798
vt 0.467329 0.864190
vt 0.479754 0.862753
vt 0.478115 0.874883
vt 0.466914 0.876558
vt 0.486917 0.863730
vt 0.486671 0.873546
vt 0.485603 0.890410
vt 0.476972 0.891843
vt 0.467201 0.893414
vt 0.450279 0.892529
vt 0.457559 0.893008
vt 0.458788 0.908543
vt 0.451936 0.907434
vt 0.467754 0.909002
vt 0.468629 0.921670
vt 0.459757 0.921199
vt 0.452884 0.919912
vt 0.909894 0.950487
vt 0.917447 0.952504
vt 0.917142 0.958040
vt 0.909902 0.958677
vt 0.928121 0.953993
vt 0.927740 0.959191
vt 0.927298 0.969354
vt 0.916898 0.967991
vt 0.910954 0.966449
vt 0.448488 0.866036
vt 0.455008 0.864238
vt 0.455856 0.876219
vt 0.448488 0.875837
vt 0.233383 0.825348
vt 0.241986 0.824362
vt 0.233131 0.810249
vt 0.240086 0.812491
vt 0.856468 0.452019
vt 0.863998 0.447486
vt 0.845692 0.453429
vt 0.845691 0.449379
vt 0.856608 0.447756
vt 0.865006 0.440529
vt 0.835047 0.452019
vt 0.826296 0.440529
vt 0.834875 0.447756
vt 0.378573 0.526304
vt 0.865966 0.440485
vt 0.384078 0.521878
vt 0.380298 0.528433
vt 0.372426 0.536888
vt 0.381275 0.562456
vt 0.384076 0.556911
vt 0.395823 0.556162
vt 0.392769 0.562447
vt 0.387763 0.549901
vt 0.397557 0.546781
vt 0.409084 0.541685
vt 0.406580 0.552142
vt 0.401539 0.558951
vt 0.012254 0.934066
vt 0.019473 0.932379
vt 0.018101 0.941327
vt 0.011099 0.943111
vt 0.469939 0.930887
vt 0.461074 0.930375
vt 0.026955 0.941873
vt 0.025462 0.954382
vt 0.016563 0.953296
vt 0.011114 0.952217
vt 0.375371 0.549140
vt 0.371145 0.555103
vt 0.382880 0.541683
vt 0.392463 0.405971
vt 0.385011 0.398328
vt 0.396532 0.412426
vt 0.386434 0.419695
vt 0.383793 0.413645
vt 0.380157 0.406470
vt 0.476786 0.907463
vt 0.484251 0.905495
vt 0.484865 0.917993
vt 0.477541 0.920132
vt 0.373823 0.392086
vt 0.377218 0.382881
vt 0.370369 0.403334
vt 0.358720 0.398611
vt 0.362648 0.387926
vt 0.368146 0.382074
vt 0.937890 0.967945
vt 0.938302 0.979207
vt 0.927567 0.981107
vt 0.944568 0.966376
vt 0.946463 0.974022
vt 0.355682 0.387101
vt 0.351335 0.397667
vt 0.939083 0.987594
vt 0.928579 0.989513
vt 0.023401 0.978375
vt 0.013224 0.975733
vt 0.014559 0.965985
vt 0.024110 0.968033
vt 0.361189 0.409193
vt 0.354975 0.409053
vt 0.008225 0.960174
vt 0.042627 0.972324
vt 0.034065 0.977972
vt 0.034031 0.968077
vt 0.041782 0.963779
vt 0.034536 0.955227
vt 0.040375 0.955360
vt 0.917028 0.979253
vt 0.909894 0.974102
vt 0.918251 0.987639
vt 0.405130 0.530932
vt 0.411781 0.529131
vt 0.416154 0.539761
vt 0.372052 0.412880
vt 0.374954 0.419648
vt 0.366145 0.416271
vt 0.939047 0.952457
vt 0.938535 0.957994
vt 0.948368 0.950403
vt 0.946735 0.958596
vt 0.478831 0.929310
vt 0.485942 0.927081
vt 0.035863 0.943235
vt 0.042627 0.946498
vt 0.394073 0.535460
vt 0.390522 0.525787
vt 0.399542 0.524815
s 1
usemtl Material.002
f 2821/4280/2821 2914/4281/2914 3033/4282/3033 2907/4283/2907
f 2914/4281/2914 2839/4284/2839 2917/4285/2917 3033/4282/3033
f 3033/4282/3033 2917/4285/2917 2841/4286/2841 2920/4287/2920
f 2907/4283/2907 3033/4282/3033 2920/4287/2920 2836/4288/2836
f 2839/4284/2839 2913/4289/2913 3034/4290/3034 2917/4285/2917
f 2913/4289/2913 2825/4291/2825 2912/4292/2912 3034/4290/3034
f 3034/4290/3034 2912/4292/2912 2838/4293/2838 2918/4294/2918
f 2917/4285/2917 3034/4290/3034 2918/4294/2918 2841/4286/2841
f 2841/4286/2841 2918/4294/2918 3035/4295/3035 2919/4296/2919
f 2918/4294/2918 2838/4293/2838 2911/4297/2911 3035/4295/3035
f 3035/4298/3035 2911/4299/2911 2827/4300/2827 2906/4301/2906
f 2919/4302/2919 3035/4298/3035 2906/4301/2906 2835/4303/2835
f 2836/4288/2836 2920/4287/2920 3036/4304/3036 2908/4305/2908
f 2920/4287/2920 2841/4286/2841 2919/4296/2919 3036/4304/3036
f 3036/4306/3036 2919/4302/2919 2835/4303/2835 2905/4307/2905
f 2908/4308/2908 3036/4306/3036 2905/4307/2905 2823/4309/2823
f 2824/4310/2824 2902/4311/2902 3037/4312/3037 2910/4313/2910
f 2902/4311/2902 2833/4314/2833 2921/4315/2921 3037/4312/3037
f 3037/4312/3037 2921/4315/2921 2842/4316/2842 2924/4317/2924
f 2910/4313/2910 3037/4312/3037 2924/4317/2924 2837/4318/2837
f 2833/4319/2833 2901/4320/2901 3038/4321/3038 2921/4322/2921
f 2901/4320/2901 2823/4309/2823 2905/4307/2905 3038/4321/3038
f 3038/4321/3038 2905/4307/2905 2835/4303/2835 2922/4323/2922
f 2921/4322/2921 3038/4321/3038 2922/4323/2922 2842/4324/2842
f 2842/4324/2842 2922/4323/2922 3039/4325/3039 2923/4326/2923
f 2922/4323/2922 2835/4303/2835 2906/4301/2906 3039/4325/3039
f 3039/4325/3039 2906/4301/2906 2827/4300/2827 2900/4327/2900
f 2923/4326/2923 3039/4325/3039 2900/4327/2900 2832/4328/2832
f 2837/4318/2837 2924/4317/2924 3040/4329/3040 2909/4330/2909
f 2924/4317/2924 2842/4316/2842 2923/4331/2923 3040/4329/3040
f 3040/4329/3040 2923/4331/2923 2832/4332/2832 2899/4333/2899
f 2909/4330/2909 3040/4329/3040 2899/4333/2899 2828/4334/2828
f 2828/4335/2828 2899/4336/2899 3041/4337/3041 2894/4338/2894
f 2899/4336/2899 2832/4339/2832 2925/4340/2925 3041/4337/3041
f 3041/4337/3041 2925/4340/2925 2843/4341/2843 2928/4342/2928
f 2894/4338/2894 3041/4337/3041 2928/4342/2928 2829/4343/2829
f 2832/4339/2832 2900/4344/2900 3042/4345/3042 2925/4340/2925
f 2900/4344/2900 2827/4346/2827 2911/4347/2911 3042/4345/3042
f 3042/4345/3042 2911/4347/2911 2838/4348/2838 2926/4349/2926
f 2925/4340/2925 3042/4345/3042 2926/4349/2926 2843/4341/2843
f 2843/4341/2843 2926/4349/2926 3043/4350/3043 2927/4351/2927
f 2926/4349/2926 2838/4348/2838 2912/4352/2912 3043/4350/3043
f 3043/4350/3043 2912/4352/2912 2825/4353/2825 2903/4354/2903
f 2927/4351/2927 3043/4350/3043 2903/4354/2903 2834/4355/2834
f 2829/4343/2829 2928/4342/2928 3044/4356/3044 2893/4357/2893
f 2928/4342/2928 2843/4341/2843 2927/4351/2927 3044/4356/3044
f 3044/4356/3044 2927/4351/2927 2834/4355/2834 2904/4358/2904
f 2893/4357/2893 3044/4356/3044 2904/4358/2904 2826/4359/2826
f 2828/4335/2828 2894/4338/2894 3045/4360/3045 2932/4361/2932
f 2894/4338/2894 2829/4343/2829 2955/4362/2955 3045/4360/3045
f 3045/4360/3045 2955/4362/2955 2848/4363/2848 2942/4364/2942
f 2932/4361/2932 3045/4360/3045 2942/4364/2942 2849/4365/2849
f 2822/4366/2822 2916/4367/2916 3046/4368/3046 2954/4369/2954
f 2916/4367/2916 2840/4370/2840 2953/4371/2953 3046/4368/3046
f 3046/4368/3046 2953/4371/2953 2854/4372/2854 2948/4373/2948
f 2954/4369/2954 3046/4368/3046 2948/4373/2948 2850/4374/2850
f 2826/4375/2826 2896/4376/2896 3047/4377/3047 2929/4378/2929
f 2896/4376/2896 2830/4379/2830 2930/4380/2930 3047/4377/3047
f 3047/4377/3047 2930/4380/2930 2851/4381/2851 2944/4382/2944
f 2929/4378/2929 3047/4377/3047 2944/4382/2944 2847/4383/2847
f 2837/4318/2837 2909/4330/2909 3048/4384/3048 2931/4385/2931
f 2909/4330/2909 2828/4334/2828 2932/4386/2932 3048/4384/3048
f 3048/4384/3048 2932/4386/2932 2849/4387/2849 2945/4388/2945
f 2931/4385/2931 3048/4384/3048 2945/4388/2945 2852/4389/2852
f 2822/4366/2822 2898/4390/2898 3049/4391/3049 2916/4367/2916
f 2898/4390/2898 2831/4392/2831 2933/4393/2933 3049/4391/3049
f 3049/4391/3049 2933/4393/2933 2845/4394/2845 2936/4395/2936
f 2916/4367/2916 3049/4391/3049 2936/4395/2936 2840/4370/2840
f 2831/4392/2831 2897/4396/2897 3050/4397/3050 2933/4393/2933
f 2897/4396/2897 2821/4398/2821 2907/4399/2907 3050/4397/3050
f 3050/4397/3050 2907/4399/2907 2836/4400/2836 2934/4401/2934
f 2933/4393/2933 3050/4397/3050 2934/4401/2934 2845/4394/2845
f 2845/4394/2845 2934/4401/2934 3051/4402/3051 2935/4403/2935
f 2934/4401/2934 2836/4400/2836 2908/4404/2908 3051/4402/3051
f 3051/4402/3051 2908/4404/2908 2823/4405/2823 2901/4406/2901
f 2935/4403/2935 3051/4402/3051 2901/4406/2901 2833/4407/2833
f 2840/4370/2840 2936/4395/2936 3052/4408/3052 2915/4409/2915
f 2936/4395/2936 2845/4394/2845 2935/4403/2935 3052/4408/3052
f 3052/4408/3052 2935/4403/2935 2833/4407/2833 2902/4410/2902
f 2915/4409/2915 3052/4408/3052 2902/4410/2902 2824/4411/2824
f 2826/4375/2826 2904/4412/2904 3053/4413/3053 2896/4376/2896
f 2904/4412/2904 2834/4414/2834 2937/4415/2937 3053/4413/3053
f 3053/4413/3053 2937/4415/2937 2846/4416/2846 2940/4417/2940
f 2896/4376/2896 3053/4413/3053 2940/4417/2940 2830/4379/2830
f 2834/4414/2834 2903/4418/2903 3054/4419/3054 2937/4415/2937
f 2903/4420/2903 2825/4291/2825 2913/4289/2913 3054/4421/3054
f 3054/4421/3054 2913/4289/2913 2839/4284/2839 2938/4422/2938
f 2937/4415/2937 3054/4419/3054 2938/4423/2938 2846/4416/2846
f 2846/4416/2846 2938/4423/2938 3055/4424/3055 2939/4425/2939
f 2938/4422/2938 2839/4284/2839 2914/4281/2914 3055/4426/3055
f 3055/4424/3055 2914/4427/2914 2821/4428/2821 2897/4429/2897
f 2939/4425/2939 3055/4424/3055 2897/4429/2897 2831/4430/2831
f 2830/4379/2830 2940/4417/2940 3056/4431/3056 2895/4432/2895
f 2940/4417/2940 2846/4416/2846 2939/4425/2939 3056/4431/3056
f 3056/4431/3056 2939/4425/2939 2831/4430/2831 2898/4433/2898
f 2895/4432/2895 3056/4431/3056 2898/4433/2898 2822/4434/2822
f 2851/4381/2851 2943/4435/2943 3057/4436/3057 2971/4437/2971
f 2943/4435/2943 2850/4438/2850 2970/4439/2970 3057/4436/3057
f 3057/4436/3057 2970/4439/2970 2858/4440/2858 2959/4441/2959
f 2971/4437/2971 3057/4436/3057 2959/4441/2959 2859/4442/2859
f 2862/4443/2862 2963/4444/2963 3058/4445/3058 2986/4446/2986
f 2963/4444/2963 2861/4447/2861 2985/4448/2985 3058/4445/3058
f 3058/4445/3058 2985/4448/2985 2866/4449/2866 2980/4450/2980
f 2986/4451/2986 3058/4452/3058 2980/4453/2980 2870/4454/2870
f 2854/4372/2854 2947/4455/2947 3059/4456/3059 2949/4457/2949
f 2947/4455/2947 2853/4458/2853 2950/4459/2950 3059/4456/3059
f 3059/4456/3059 2950/4459/2950 2861/4447/2861 2963/4444/2963
f 2949/4457/2949 3059/4456/3059 2963/4444/2963 2862/4443/2862
f 2849/4365/2849 2942/4364/2942 3060/4460/3060 2951/4461/2951
f 2942/4364/2942 2848/4363/2848 2952/4462/2952 3060/4460/3060
f 3060/4460/3060 2952/4462/2952 2856/4463/2856 2958/4464/2958
f 2951/4461/2951 3060/4460/3060 2958/4464/2958 2857/4465/2857
f 2824/4310/2824 2910/4313/2910 3061/4466/3061 2956/4467/2956
f 2910/4313/2910 2837/4318/2837 2931/4385/2931 3061/4466/3061
f 3061/4466/3061 2931/4385/2931 2852/4389/2852 2946/4468/2946
f 2956/4467/2956 3061/4466/3061 2946/4468/2946 2853/4469/2853
f 2830/4379/2830 2895/4432/2895 3062/4470/3062 2930/4380/2930
f 2895/4432/2895 2822/4434/2822 2954/4471/2954 3062/4470/3062
f 3062/4470/3062 2954/4471/2954 2850/4438/2850 2943/4435/2943
f 2930/4380/2930 3062/4470/3062 2943/4435/2943 2851/4381/2851
f 2840/4370/2840 2915/4409/2915 3063/4472/3063 2953/4371/2953
f 2915/4409/2915 2824/4411/2824 2956/4473/2956 3063/4472/3063
f 3063/4472/3063 2956/4473/2956 2853/4458/2853 2947/4455/2947
f 2953/4371/2953 3063/4472/3063 2947/4455/2947 2854/4372/2854
f 2829/4343/2829 2893/4357/2893 3064/4474/3064 2955/4362/2955
f 2893/4357/2893 2826/4359/2826 2929/4475/2929 3064/4474/3064
f 3064/4474/3064 2929/4475/2929 2847/4476/2847 2941/4477/2941
f 2955/4362/2955 3064/4474/3064 2941/4477/2941 2848/4363/2848
f 2844/4478/2844 2960/4479/2960 3065/4480/3065 2957/4481/2957
f 2960/4479/2960 2859/4482/2859 2965/4483/2965 3065/4480/3065
f 3065/4480/3065 2965/4483/2965 2863/4484/2863 2968/4485/2968
f 2957/4481/2957 3065/4480/3065 2968/4485/2968 2856/4486/2856
f 2859/4482/2859 2959/4487/2959 3066/4488/3066 2965/4483/2965
f 2959/4487/2959 2858/4489/2858 2964/4490/2964 3066/4488/3066
f 3066/4488/3066 2964/4490/2964 2862/4491/2862 2966/4492/2966
f 2965/4483/2965 3066/4488/3066 2966/4492/2966 2863/4484/2863
f 2852/4493/2852 2945/4494/2945 3067/4495/3067 2961/4496/2961
f 2945/4494/2945 2849/4497/2849 2967/4498/2967 3067/4495/3067
f 3067/4495/3067 2967/4498/2967 2855/4499/2855 2973/4500/2973
f 2961/4496/2961 3067/4495/3067 2973/4500/2973 2864/4501/2864
f 2857/4465/2857 2958/4464/2958 3068/4502/3068 2969/4503/2969
f 2958/4504/2958 2856/4486/2856 2962/4505/2962 3068/4506/3068
f 3068/4506/3068 2962/4505/2962 2868/4507/2868 2977/4508/2977
f 2969/4503/2969 3068/4502/3068 2977/4509/2977 2867/4510/2867
f 2848/4363/2848 2941/4477/2941 3069/4511/3069 2952/4462/2952
f 2941/4477/2941 2847/4476/2847 2972/4512/2972 3069/4511/3069
f 3069/4511/3069 2972/4512/2972 2844/4513/2844 2957/4514/2957
f 2952/4462/2952 3069/4511/3069 2957/4514/2957 2856/4463/2856
f 2850/4374/2850 2948/4373/2948 3070/4515/3070 2970/4516/2970
f 2948/4373/2948 2854/4372/2854 2949/4457/2949 3070/4515/3070
f 3070/4515/3070 2949/4457/2949 2862/4443/2862 2964/4517/2964
f 2970/4516/2970 3070/4515/3070 2964/4517/2964 2858/4518/2858
f 2849/4365/2849 2951/4461/2951 3071/4519/3071 2967/4520/2967
f 2951/4461/2951 2857/4465/2857 2969/4503/2969 3071/4519/3071
f 3071/4519/3071 2969/4503/2969 2867/4510/2867 2976/4521/2976
f 2967/4520/2967 3071/4519/3071 2976/4521/2976 2855/4522/2855
f 2847/4383/2847 2944/4382/2944 3072/4523/3072 2972/4524/2972
f 2944/4382/2944 2851/4381/2851 2971/4437/2971 3072/4523/3072
f 3072/4523/3072 2971/4437/2971 2859/4442/2859 2960/4525/2960
f 2972/4524/2972 3072/4523/3072 2960/4525/2960 2844/4526/2844
f 2855/4522/2855 2976/4521/2976 3073/4527/3073 2979/4528/2979
f 2976/4521/2976 2867/4510/2867 3002/4529/3002 3073/4527/3073
f 3073/4527/3073 3002/4529/3002 2875/4530/2875 2992/4531/2992
f 2979/4528/2979 3073/4527/3073 2992/4531/2992 2860/4532/2860
f 2870/4454/2870 2980/4453/2980 3074/4533/3074 3001/4534/3001
f 2980/4450/2980 2866/4449/2866 2982/4535/2982 3074/4536/3074
f 3074/4536/3074 2982/4535/2982 2874/4537/2874 2996/4538/2996
f 3001/4539/3001 3074/4536/3074 2996/4538/2996 2878/4540/2878
f 2864/4501/2864 2973/4500/2973 3075/4541/3075 2978/4542/2978
f 2973/4500/2973 2855/4499/2855 2979/4543/2979 3075/4541/3075
f 3075/4541/3075 2979/4543/2979 2860/4544/2860 2989/4545/2989
f 2978/4542/2978 3075/4541/3075 2989/4545/2989 2872/4546/2872
f 2866/4449/2866 2975/4547/2975 3076/4548/3076 2982/4535/2982
f 2975/4547/2975 2865/4549/2865 2984/4550/2984 3076/4548/3076
f 3076/4548/3076 2984/4550/2984 2873/4551/2873 2991/4552/2991
f 2982/4535/2982 3076/4548/3076 2991/4552/2991 2874/4537/2874
f 2861/4447/2861 2950/4459/2950 3077/4553/3077 2985/4448/2985
f 2950/4459/2950 2853/4458/2853 2987/4554/2987 3077/4553/3077
f 3077/4553/3077 2987/4554/2987 2865/4549/2865 2975/4547/2975
f 2985/4448/2985 3077/4553/3077 2975/4547/2975 2866/4449/2866
f 2856/4486/2856 2968/4485/2968 3078/4555/3078 2962/4505/2962
f 2968/4485/2968 2863/4484/2863 2988/4556/2988 3078/4555/3078
f 3078/4555/3078 2988/4556/2988 2871/4557/2871 2983/4558/2983
f 2962/4505/2962 3078/4555/3078 2983/4558/2983 2868/4507/2868
f 2853/4559/2853 2946/4560/2946 3079/4561/3079 2987/4562/2987
f 2946/4560/2946 2852/4493/2852 2961/4496/2961 3079/4561/3079
f 3079/4561/3079 2961/4496/2961 2864/4501/2864 2974/4563/2974
f 2987/4562/2987 3079/4561/3079 2974/4563/2974 2865/4564/2865
f 2863/4484/2863 2966/4492/2966 3080/4565/3080 2988/4556/2988
f 2966/4492/2966 2862/4491/2862 2986/4451/2986 3080/4565/3080
f 3080/4565/3080 2986/4451/2986 2870/4454/2870 2981/4566/2981
f 2988/4556/2988 3080/4565/3080 2981/4566/2981 2871/4557/2871
f 2872/4567/2872 2989/4568/2989 3081/4569/3081 3000/4570/3000
f 2989/4568/2989 2860/4571/2860 2992/4572/2992 3081/4569/3081
f 3081/4569/3081 2992/4572/2992 2875/4573/2875 2994/4574/2994
f 3000/4570/3000 3081/4569/3081 2994/4574/2994 2877/4575/2877
f 2874/4576/2874 2995/4577/2995 3082/4578/3082 3014/4579/3014
f 2995/4577/2995 2877/4575/2877 3013/4580/3013 3082/4578/3082
f 3082/4578/3082 3013/4580/3013 2881/4581/2881 3007/4582/3007
f 3014/4579/3014 3082/4578/3082 3007/4582/3007 2882/4583/2882
f 2876/4584/2876 2999/4585/2999 3083/4586/3083 3032/4587/3032
f 2999/4585/2999 2879/4588/2879 3031/4589/3031 3083/4586/3083
f 3083/4586/3083 3031/4589/3031 2885/4590/2885 3019/4591/3019
f 3032/4587/3032 3083/4586/3083 3019/4591/3019 2887/4592/2887
f 2873/4593/2873 2990/4594/2990 3084/4595/3084 2991/4596/2991
f 2990/4594/2990 2872/4567/2872 3000/4570/3000 3084/4595/3084
f 3084/4595/3084 3000/4570/3000 2877/4575/2877 2995/4577/2995
f 2991/4596/2991 3084/4595/3084 2995/4577/2995 2874/4576/2874
f 2865/4564/2865 2974/4563/2974 3085/4597/3085 2984/4598/2984
f 2974/4563/2974 2864/4501/2864 2978/4542/2978 3085/4597/3085
f 3085/4597/3085 2978/4542/2978 2872/4546/2872 2990/4599/2990
f 2984/4598/2984 3085/4597/3085 2990/4599/2990 2873/4600/2873
f 2868/4507/2868 2983/4558/2983 3086/4601/3086 3004/4602/3004
f 2983/4558/2983 2871/4557/2871 3003/4603/3003 3086/4601/3086
f 3086/4601/3086 3003/4603/3003 2879/4604/2879 2999/4605/2999
f 3004/4602/3004 3086/4601/3086 2999/4605/2999 2876/4606/2876
f 2871/4557/2871 2981/4566/2981 3087/4607/3087 3003/4603/3003
f 2981/4566/2981 2870/4454/2870 3001/4534/3001 3087/4607/3087
f 3087/4607/3087 3001/4534/3001 2878/4608/2878 2997/4609/2997
f 3003/4603/3003 3087/4607/3087 2997/4609/2997 2879/4604/2879
f 2867/4510/2867 2977/4509/2977 3088/4610/3088 3002/4529/3002
f 2977/4508/2977 2868/4507/2868 3004/4602/3004 3088/4611/3088
f 3088/4610/3088 3004/4612/3004 2876/4613/2876 2993/4614/2993
f 3002/4529/3002 3088/4610/3088 2993/4614/2993 2875/4530/2875
f 2880/4615/2880 3005/4616/3005 3089/4617/3089 3030/4618/3030
f 3005/4616/3005 2869/4619/2869 3029/4620/3029 3089/4617/3089
f 3089/4617/3089 3029/4620/3029 2888/4621/2888 3020/4622/3020
f 3030/4618/3030 3089/4617/3089 3020/4622/3020 2889/4623/2889
f 2882/4624/2882 3007/4625/3007 3090/4626/3090 3009/4627/3009
f 3007/4582/3007 2881/4581/2881 3010/4628/3010 3090/4629/3090
f 3090/4626/3090 3010/4630/3010 2890/4631/2890 3022/4632/3022
f 3009/4627/3009 3090/4626/3090 3022/4632/3022 2891/4633/2891
f 2875/4530/2875 2993/4614/2993 3091/4634/3091 3016/4635/3016
f 2993/4614/2993 2876/4613/2876 3015/4636/3015 3091/4634/3091
f 3091/4634/3091 3015/4636/3015 2869/4619/2869 3005/4616/3005
f 3016/4635/3016 3091/4634/3091 3005/4616/3005 2880/4615/2880
f 2878/4540/2878 2996/4538/2996 3092/4637/3092 2998/4638/2998
f 2996/4538/2996 2874/4537/2874 3014/4639/3014 3092/4637/3092
f 3092/4637/3092 3014/4639/3014 2882/4640/2882 3008/4641/3008
f 2998/4638/2998 3092/4637/3092 3008/4641/3008 2883/4642/2883
f 2877/4575/2877 2994/4574/2994 3093/4643/3093 3013/4580/3013
f 2994/4574/2994 2875/4573/2875 3016/4644/3016 3093/4643/3093
f 3093/4643/3093 3016/4644/3016 2880/4645/2880 3006/4646/3006
f 3013/4580/3013 3093/4643/3093 3006/4646/3006 2881/4581/2881
f 2878/4540/2878 2998/4638/2998 3094/4647/3094 3011/4648/3011
f 2998/4638/2998 2883/4642/2883 3012/4649/3012 3094/4647/3094
f 3094/4647/3094 3012/4649/3012 2886/4650/2886 3018/4651/3018
f 3011/4648/3011 3094/4647/3094 3018/4651/3018 2884/4652/2884
f 2885/4590/2885 3017/4653/3017 3095/4654/3095 3027/4655/3027
f 3017/4653/3017 2884/4656/2884 3018/4657/3018 3095/4654/3095
f 3095/4658/3095 3018/4651/3018 2886/4650/2886 3024/4659/3024
f 3027/4655/3027 3095/4654/3095 3024/4660/3024 2892/4661/2892
f 2892/4662/2892 3024/4663/3024 3096/4664/3096 3025/4665/3025
f 3024/4659/3024 2886/4650/2886 3023/4666/3023 3096/4667/3096
f 3096/4664/3096 3023/4668/3023 2891/4633/2891 3022/4632/3022
f 3025/4665/3025 3096/4664/3096 3022/4632/3022 2890/4631/2890
f 2888/4669/2888 3026/4670/3026 3097/4671/3097 3020/4672/3020
f 3026/4670/3026 2892/4662/2892 3025/4665/3025 3097/4671/3097
f 3097/4671/3097 3025/4665/3025 2890/4631/2890 3021/4673/3021
f 3020/4672/3020 3097/4671/3097 3021/4673/3021 2889/4674/2889
f 2887/4592/2887 3019/4591/3019 3098/4675/3098 3028/4676/3028
f 3019/4591/3019 2885/4590/2885 3027/4655/3027 3098/4675/3098
f 3098/4675/3098 3027/4655/3027 2892/4661/2892 3026/4677/3026
f 3028/4678/3028 3098/4679/3098 3026/4680/3026 2888/4621/2888
f 2883/4642/2883 3008/4641/3008 3099/4681/3099 3012/4649/3012
f 3008/4641/3008 2882/4640/2882 3009/4682/3009 3099/4681/3099
f 3099/4681/3099 3009/4682/3009 2891/4683/2891 3023/4666/3023
f 3012/4649/3012 3099/4681/3099 3023/4666/3023 2886/4650/2886
f 2879/4588/2879 2997/4684/2997 3100/4685/3100 3031/4589/3031
f 2997/4684/2997 2878/4686/2878 3011/4687/3011 3100/4685/3100
f 3100/4685/3100 3011/4687/3011 2884/4656/2884 3017/4653/3017
f 3031/4589/3031 3100/4685/3100 3017/4653/3017 2885/4590/2885
f 2881/4581/2881 3006/4646/3006 3101/4688/3101 3010/4628/3010
f 3006/4646/3006 2880/4645/2880 3030/4689/3030 3101/4688/3101
f 3101/4690/3101 3030/4691/3030 2889/4674/2889 3021/4673/3021
f 3010/4630/3010 3101/4690/3101 3021/4673/3021 2890/4631/2890
f 2869/4619/2869 3015/4636/3015 3102/4692/3102 3029/4620/3029
f 3015/4636/3015 2876/4613/2876 3032/4693/3032 3102/4692/3102
f 3102/4692/3102 3032/4693/3032 2887/4694/2887 3028/4678/3028
f 3029/4620/3029 3102/4692/3102 3028/4678/3028 2888/4621/2888
o Cube.011
v 1.895553 2.256099 -0.065191
v 1.895553 2.797077 -0.065191
v 3.070213 2.256099 -1.239851
v 3.070213 2.797077 -1.239851
v 0.913681 2.275728 -1.115868
v 0.916894 2.968141 -1.080330
v 2.021748 2.275728 -2.223936
v 2.057286 2.968141 -2.220722
v 2.577456 2.181682 -0.574540
v 1.877501 2.587061 0.125415
v 2.577456 2.847304 -0.574540
v 3.257500 2.587061 -1.254584
v 2.731422 2.181682 -1.780662
v 2.731422 2.875191 -1.780662
v 2.167222 2.637514 -2.415612
v 1.448857 2.152516 -1.705352
v 1.469629 3.083003 -1.684581
v 0.716473 2.637514 -0.964863
v 1.351423 2.181682 -0.400663
v 1.351423 2.875191 -0.400663
v 2.774193 2.587061 -0.377804
v 2.957624 2.592638 -2.006864
v 0.635302 2.256302 -2.704856
v 1.118583 2.592638 -0.167823
v 2.051379 2.011991 -1.100618
v 2.051379 3.002081 -1.100618
v 1.352944 3.049194 -2.409465
v 1.087307 2.663268 -2.556062
v 1.081123 2.393649 -2.495278
v 0.664463 2.393649 -2.078618
v 0.859252 2.333021 -2.303807
v 0.986369 3.125713 -2.176691
v 0.747510 3.049194 -1.804032
v 0.604431 2.663268 -2.073186
v 0.724583 2.706851 -2.440689
v 0.642802 2.179269 -2.681450
v 0.483822 2.179269 -2.522470
v 0.527693 2.122425 -2.637578
v 0.460416 2.256302 -2.529970
v 0.502930 2.222353 -2.662343
v 2.903011 2.204831 -0.953770
v 2.191190 2.204831 -0.241950
v 1.880593 2.401874 0.068648
v 1.880593 2.720958 0.068648
v 2.191190 2.828299 -0.241950
v 2.903011 2.828299 -0.953770
v 3.201301 2.720958 -1.252060
v 3.201301 2.401874 -1.252060
v 2.420454 2.205844 -2.029563
v 2.965841 2.204831 -1.487520
v 2.965841 2.831785 -1.487520
v 2.424896 2.916235 -2.029162
v 2.160669 2.822642 -2.365919
v 2.138018 2.440511 -2.366347
v 1.149833 2.180969 -1.379174
v 1.768813 2.180969 -1.998154
v 1.801186 3.055021 -1.988004
v 1.159983 3.055021 -1.346801
v 0.766858 2.822642 -0.972107
v 0.766430 2.440511 -0.994758
v 1.645133 2.204831 -0.166813
v 1.103213 2.205844 -0.712322
v 1.103615 2.916235 -0.707880
v 1.645133 2.831785 -0.166813
v 2.339312 2.587061 -0.041136
v 2.725087 2.738528 -0.426911
v 3.103394 2.587061 -0.805218
v 2.725087 2.381169 -0.426911
v 3.192620 2.587758 -1.666288
v 2.904834 2.755260 -1.954074
v 2.612283 2.606614 -2.255469
v 2.904834 2.381866 -1.954074
v 0.777625 2.369507 -1.613476
v 1.137454 2.280143 -2.021181
v 1.651561 3.031399 -2.352200
v 1.202676 3.139757 -1.955959
v 0.870808 2.606614 -0.513994
v 1.172203 2.755260 -0.221443
v 1.459989 2.587758 0.066343
v 1.172203 2.381866 -0.221443
v 2.429686 2.054347 -1.478926
v 1.754037 2.050701 -1.398237
v 1.665604 2.054347 -0.714844
v 2.339165 2.054347 -0.812832
v 2.429686 2.965075 -1.478926
v 2.339165 2.936491 -0.812832
v 1.665604 2.965075 -0.714844
v 1.756634 3.041249 -1.395640
v 1.258427 2.920548 -2.484045
v 1.118019 2.491515 -2.550375
v 0.749860 2.345516 -2.179215
v 0.982600 2.345516 -2.411955
v 1.178733 3.106712 -2.330020
v 0.831281 3.106712 -1.982567
v 0.674482 2.920548 -1.900100
v 0.608597 2.491515 -2.040953
v 0.849758 2.701251 -2.522237
v 0.840651 2.963400 -2.324345
v 0.642543 2.701251 -2.315022
v 0.769777 2.414408 -2.648895
v 1.638071 2.680351 -2.502181
v 0.643378 2.680351 -1.507488
v 0.796102 3.031399 -1.496741
v 1.535203 2.369508 -2.371053
v 0.625293 2.190915 -2.710986
v 0.490881 2.133642 -2.583690
v 0.581582 2.133641 -2.674391
v 0.454286 2.190915 -2.539979
v 0.566275 2.228498 -2.702172
v 0.463100 2.228498 -2.598997
v 0.476599 2.110334 -2.688673
v 0.781072 2.286207 -2.611543
v 0.515885 2.414408 -2.395003
v 0.600276 2.438437 -2.564996
v 0.654347 2.241447 -2.510648
v 0.553037 2.286207 -2.383509
v 2.307760 2.390430 -0.095333
v 2.307760 2.730050 -0.095333
v 3.049304 2.730050 -0.836877
v 3.049304 2.390430 -0.836877
v 3.135462 2.390517 -1.630605
v 3.135462 2.732141 -1.630605
v 2.575558 2.782654 -2.199201
v 2.572726 2.396370 -2.199254
v 0.676535 2.501031 -1.534907
v 1.682509 2.877334 -2.460435
v 0.935510 2.299590 -1.795299
v 1.461283 3.116097 -2.184508
v 0.927835 2.396370 -0.554363
v 0.927889 2.782654 -0.551532
v 1.496471 2.732141 0.008385
v 1.496472 2.390517 0.008385
v 2.695519 2.091327 -1.190662
v 2.125021 2.088551 -1.751676
v 1.393286 2.088551 -1.019941
v 1.953975 2.091327 -0.449118
v 2.129068 3.007094 -1.750407
v 2.695519 2.905246 -1.190662
v 1.953975 2.905246 -0.449118
v 1.394555 3.007094 -1.015894
v 0.541363 2.436388 -2.479732
v 0.998339 2.953401 -2.433148
v 0.730957 2.953401 -2.165765
v 0.797059 2.345843 -2.643744
v 0.970299 3.116097 -1.693524
v 1.359602 2.299590 -2.219391
v 1.610918 2.501031 -2.469290
v 0.685295 2.877334 -1.463221
v 0.531473 2.121382 -2.721030
v 0.444242 2.121382 -2.633799
v 0.685452 2.436388 -2.623821
v 0.596174 2.250615 -2.441306
v 0.520766 2.345843 -2.367450
v 0.723534 2.250615 -2.568666
vn 0.0801 -0.7885 0.6097
vn 0.0602 0.9112 0.4076
vn 0.6165 -0.7843 0.0686
vn 0.4134 0.9090 0.0523
vn -0.5654 -0.8229 0.0555
vn -0.3820 0.8903 0.2479
vn 0.0693 -0.8188 -0.5699
vn 0.2623 0.8848 -0.3851
vn 0.3809 -0.8430 0.3798
vn 0.0963 0.0492 0.9941
vn 0.2560 0.9324 0.2551
vn 0.9954 0.0490 0.0818
vn 0.3370 -0.8797 -0.3355
vn 0.3041 0.9373 -0.1700
vn 0.2653 -0.0025 -0.9642
vn -0.1784 -0.9675 -0.1793
vn 0.0896 0.9920 0.0889
vn -0.9697 -0.0003 0.2444
vn -0.3272 -0.8860 0.3286
vn -0.1627 0.9408 0.2972
vn 0.7070 0.0508 0.7054
vn 0.7169 0.0377 -0.6961
vn 0.0580 0.2428 -0.9683
vn -0.6961 0.0381 0.7170
vn 0.0043 -1.0000 0.0032
vn 0.0898 0.9920 0.0890
vn 0.0800 0.7452 -0.6620
vn 0.0449 0.1872 -0.9813
vn 0.2721 -0.7822 -0.5605
vn -0.5620 -0.7863 0.2567
vn 0.0657 -0.9957 0.0651
vn -0.2599 0.9298 -0.2606
vn -0.6583 0.7502 0.0613
vn -0.9812 0.1916 0.0241
vn -0.5926 0.5449 -0.5932
vn 0.6380 -0.7173 -0.2801
vn -0.2805 -0.7186 0.6364
vn 0.2404 -0.9405 0.2403
vn -0.9684 0.2436 0.0543
vn -0.6420 0.4192 -0.6420
vn 0.5036 -0.8279 0.2470
vn 0.2516 -0.8289 0.4996
vn 0.0882 -0.4964 0.8636
vn 0.0819 0.6467 0.7584
vn 0.1651 0.9256 0.3407
vn 0.3438 0.9250 0.1619
vn 0.7623 0.6435 0.0699
vn 0.8672 -0.4924 0.0750
vn 0.1868 -0.8610 -0.4731
vn 0.4957 -0.8542 -0.1568
vn 0.3579 0.9310 -0.0721
vn 0.2771 0.9230 -0.2670
vn 0.3011 0.5337 -0.7902
vn 0.1961 -0.4914 -0.8486
vn -0.3193 -0.9450 -0.0709
vn -0.0655 -0.9444 -0.3222
vn 0.1769 0.9830 -0.0500
vn -0.0481 0.9839 0.1720
vn -0.7914 0.5428 0.2813
vn -0.8499 -0.4963 0.1773
vn -0.1473 -0.8599 0.4888
vn -0.4663 -0.8667 0.1768
vn -0.2604 0.9274 0.2685
vn -0.0650 0.9339 0.3516
vn 0.4851 0.0498 0.8730
vn 0.5216 0.6763 0.5202
vn 0.8772 0.0498 0.4775
vn 0.6027 -0.5247 0.6012
vn 0.9241 0.0468 -0.3792
vn 0.5576 0.6721 -0.4873
vn 0.4783 0.0180 -0.8780
vn 0.5863 -0.5624 -0.5831
vn -0.6124 -0.7890 0.0495
vn -0.1447 -0.9787 -0.1455
vn 0.2118 0.8236 -0.5261
vn 0.0311 0.9990 0.0306
vn -0.8821 0.0187 0.4706
vn -0.4828 0.6786 0.5535
vn -0.3713 0.0472 0.9273
vn -0.5791 -0.5707 0.5822
vn 0.1316 -0.9832 -0.1267
vn -0.1122 -0.9872 -0.1132
vn -0.1224 -0.9843 0.1273
vn 0.1613 -0.9738 0.1603
vn 0.1820 0.9832 -0.0111
vn 0.1443 0.9791 0.1434
vn -0.0078 0.9839 0.1788
vn 0.0720 0.9949 0.0712
vn -0.0035 0.4211 -0.9070
vn 0.2444 -0.2991 -0.9224
vn -0.1278 -0.9770 0.1709
vn 0.1759 -0.9760 -0.1284
vn -0.0856 0.8792 -0.4687
vn -0.4668 0.8795 -0.0927
vn -0.9040 0.4268 -0.0253
vn -0.9280 -0.3004 0.2203
vn -0.2801 0.4770 -0.8331
vn -0.5297 0.6616 -0.5307
vn -0.8304 0.4778 -0.2866
vn 0.0767 0.2541 -0.9641
vn 0.1381 0.0239 -0.9901
vn -0.9936 0.0287 0.1095
vn -0.5242 0.8296 0.1922
vn 0.0665 -0.7862 -0.6144
vn 0.3680 -0.2873 -0.8844
vn -0.0457 -0.8823 0.4685
vn 0.4687 -0.8822 -0.0457
vn -0.8849 -0.2876 0.3665
vn -0.3099 0.3532 -0.8827
vn -0.8826 0.3532 -0.3101
vn -0.5428 -0.6409 -0.5428
vn 0.5586 -0.7401 -0.3745
vn -0.9643 0.2566 0.0651
vn -0.5922 0.5461 -0.5925
vn 0.3104 -0.8986 0.3101
vn -0.3759 -0.7442 0.5522
vn 0.4236 -0.5042 0.7525
vn 0.3646 0.6591 0.6578
vn 0.6618 0.6582 0.3590
vn 0.7566 -0.5035 0.4171
vn 0.7818 -0.5347 -0.3208
vn 0.6979 0.6667 -0.2616
vn 0.4248 0.6249 -0.6550
vn 0.3764 -0.5428 -0.7508
vn -0.9064 -0.4089 0.1063
vn 0.1810 0.4210 -0.8888
vn -0.3098 -0.9498 -0.0433
vn 0.1346 0.9816 -0.1352
vn -0.7500 -0.5502 0.3671
vn -0.6539 0.6322 0.4156
vn -0.2527 0.6718 0.6963
vn -0.3114 -0.5420 0.7806
vn 0.2759 -0.9607 0.0323
vn 0.0114 -0.9692 -0.2461
vn -0.2421 -0.9702 0.0068
vn 0.0364 -0.9617 0.2718
vn 0.1646 0.9856 -0.0399
vn 0.2251 0.9730 0.0502
vn 0.0531 0.9736 0.2221
vn -0.0367 0.9863 0.1610
vn -0.8101 0.4975 -0.3103
vn -0.2653 0.5857 -0.7659
vn -0.7626 0.5865 -0.2730
vn 0.4306 -0.2373 -0.8708
vn -0.1346 0.9826 0.1283
vn -0.0372 -0.9495 -0.3115
vn 0.1323 -0.4068 -0.9039
vn -0.8891 0.4312 0.1537
vn -0.0824 -0.5646 -0.8212
vn -0.8212 -0.5646 -0.0824
vn -0.3073 0.4974 -0.8113
vn 0.1358 -0.8947 0.4254
vn -0.8765 -0.2381 0.4184
vn 0.4273 -0.8939 0.1357
vt 0.526777 0.690622
vt 0.532441 0.688037
vt 0.533413 0.702487
vt 0.525436 0.701614
vt 0.538343 0.686883
vt 0.539876 0.702330
vt 0.539066 0.719547
vt 0.532269 0.719147
vt 0.523645 0.717433
vt 0.541426 0.687650
vt 0.542976 0.702075
vt 0.233951 0.680393
vt 0.234386 0.675893
vt 0.243857 0.670387
vt 0.247628 0.675458
vt 0.256368 0.660065
vt 0.261145 0.665227
vt 0.542331 0.718713
vt 0.539498 0.733921
vt 0.536292 0.735143
vt 0.267074 0.648373
vt 0.271815 0.652524
vt 0.272699 0.639564
vt 0.277028 0.639547
vt 0.980998 0.830558
vt 0.984518 0.831729
vt 0.988721 0.842952
vt 0.985688 0.842782
vt 0.529935 0.734332
vt 0.522098 0.732183
vt 0.974902 0.832416
vt 0.979687 0.843599
vt 0.968403 0.837691
vt 0.973754 0.844732
vt 0.980729 0.855724
vt 0.972385 0.853319
vt 0.987280 0.855881
vt 0.986322 0.868380
vt 0.979345 0.867691
vt 0.970361 0.864430
vt 0.990402 0.855032
vt 0.269539 0.631547
vt 0.275256 0.627510
vt 0.262275 0.621978
vt 0.268182 0.617061
vt 0.804331 0.820016
vt 0.809221 0.820987
vt 0.809957 0.830355
vt 0.804462 0.829710
vt 0.811512 0.842167
vt 0.805657 0.842090
vt 0.252690 0.613780
vt 0.257901 0.609006
vt 0.241093 0.607300
vt 0.244807 0.603324
vt 0.814089 0.855992
vt 0.808104 0.856827
vt 0.976812 0.878170
vt 0.968403 0.874807
vt 0.798259 0.831713
vt 0.799422 0.843659
vt 0.802217 0.858081
vt 0.642033 0.192289
vt 0.635184 0.189855
vt 0.644716 0.178509
vt 0.650143 0.180730
vt 0.881316 0.187551
vt 0.887189 0.188845
vt 0.883223 0.205905
vt 0.877838 0.204638
vt 0.703983 0.195604
vt 0.698024 0.194541
vt 0.694161 0.178573
vt 0.698182 0.179171
vt 0.886661 0.208117
vt 0.884241 0.223152
vt 0.881528 0.222016
vt 0.876021 0.222421
vt 0.817635 0.871180
vt 0.811531 0.873567
vt 0.819564 0.857579
vt 0.822940 0.870780
vt 0.824647 0.880312
vt 0.820804 0.884230
vt 0.813279 0.890951
vt 0.687403 0.190867
vt 0.686971 0.175957
vt 0.674065 0.186392
vt 0.677877 0.172779
vt 0.681276 0.160621
vt 0.686237 0.162404
vt 0.690160 0.163879
vt 0.232579 0.614159
vt 0.221847 0.607506
vt 0.228210 0.602650
vt 0.221732 0.623420
vt 0.213389 0.614467
vt 0.206756 0.607410
vt 0.213035 0.602764
vt 0.218752 0.600582
vt 0.706261 0.210357
vt 0.698952 0.208706
vt 0.883748 0.172702
vt 0.889966 0.174318
vt 0.884879 0.160390
vt 0.891067 0.162440
vt 0.704577 0.223384
vt 0.696834 0.221204
vt 0.875319 0.186767
vt 0.877880 0.172840
vt 0.199346 0.646430
vt 0.203898 0.642569
vt 0.209595 0.654643
vt 0.204160 0.659963
vt 0.217265 0.664657
vt 0.211670 0.670646
vt 0.879372 0.161095
vt 0.880024 0.151886
vt 0.884922 0.150865
vt 0.226462 0.672393
vt 0.221798 0.678199
vt 0.534350 0.676030
vt 0.537975 0.677741
vt 0.699083 0.234765
vt 0.692253 0.232223
vt 0.890724 0.153117
vt 0.528356 0.678155
vt 0.522098 0.685158
vt 0.636086 0.224247
vt 0.635184 0.215762
vt 0.647274 0.219900
vt 0.645139 0.229654
vt 0.637203 0.204004
vt 0.650243 0.207799
vt 0.666590 0.212526
vt 0.663003 0.224949
vt 0.660031 0.235212
vt 0.654530 0.195514
vt 0.660656 0.183152
vt 0.670291 0.199660
vt 0.686149 0.204634
vt 0.683259 0.217322
vt 0.679316 0.229142
vt 0.675897 0.238526
vt 0.686844 0.238887
vt 0.242866 0.622052
vt 0.252246 0.630975
vt 0.239829 0.642537
vt 0.230663 0.632885
vt 0.260544 0.640472
vt 0.248837 0.652055
vt 0.236358 0.663406
vt 0.227324 0.654606
vt 0.218909 0.644768
vt 0.211666 0.633989
vt 0.872643 0.232789
vt 0.873643 0.229488
vt 0.881553 0.236211
vt 0.880919 0.238435
vt 0.882698 0.233848
vt 0.887243 0.238959
vt 0.887802 0.241171
vt 0.887584 0.242878
vt 0.823151 0.891732
vt 0.815633 0.897866
vt 0.827475 0.884876
vt 0.207726 0.599961
vt 0.202606 0.603257
vt 0.824508 0.895747
vt 0.816622 0.901097
vt 0.864732 0.227488
vt 0.866106 0.223374
vt 0.201702 0.613509
vt 0.199005 0.608231
vt 0.861774 0.216489
vt 0.864638 0.211754
vt 0.868489 0.215678
vt 0.882417 0.552633
vt 0.885397 0.550342
vt 0.885924 0.560237
vt 0.884146 0.561546
vt 0.807779 0.890590
vt 0.806605 0.902293
vt 0.804351 0.901666
vt 0.802074 0.907410
vt 0.800051 0.908000
vt 0.885576 0.567626
vt 0.884571 0.567258
vt 0.205833 0.622691
vt 0.200308 0.629107
vt 0.199005 0.619307
vt 0.668646 0.170671
vt 0.661425 0.169130
vt 0.672156 0.158686
vt 0.676180 0.159503
vt 0.657806 0.167525
vt 0.806137 0.874813
vt 0.802662 0.876901
vt 0.805050 0.891677
vt 0.869787 0.188565
vt 0.871723 0.202278
vt 0.866381 0.202006
vt 0.884850 0.570959
vt 0.883709 0.569269
vt 0.801519 0.909613
vt 0.798259 0.911210
vt 0.801734 0.911291
vt 0.798259 0.912700
vt 0.979128 0.508663
vt 0.981268 0.508284
vt 0.982173 0.510096
vt 0.979929 0.510578
vt 0.982092 0.512119
vt 0.979985 0.512651
vt 0.891064 0.244272
vt 0.891067 0.242759
vt 0.889267 0.239545
vt 0.980221 0.514442
vt 0.979128 0.514402
vt 0.807748 0.904622
vt 0.808376 0.906802
vt 0.686486 0.152771
vt 0.688575 0.153707
vt 0.683801 0.151738
vt 0.291428 0.964077
vt 0.291456 0.966835
vt 0.285329 0.966859
vt 0.285540 0.964894
vt 0.292235 0.961681
vt 0.287177 0.963263
vt 0.884950 0.233212
vt 0.886640 0.233703
vt 0.889610 0.238846
vt 0.680983 0.151184
vt 0.678722 0.150865
vt 0.882417 0.562804
vt 0.292235 0.969519
vt 0.286115 0.968769
s 1
usemtl Material.017
f 3103/4695/3103 3144/4698/3144 3219/4697/3219 3145/4696/3145
f 3145/4696/3145 3219/4697/3219 3167/4700/3167 3112/4699/3112
f 3219/4697/3219 3170/4702/3170 3123/4701/3123 3167/4700/3167
f 3144/4698/3144 3111/4703/3111 3170/4702/3170 3219/4697/3219
f 3112/4699/3112 3167/4700/3167 3220/4705/3220 3146/4704/3146
f 3146/4706/3146 3220/4709/3220 3147/4708/3147 3104/4707/3104
f 3220/4709/3220 3168/4711/3168 3113/4710/3113 3147/4708/3147
f 3167/4700/3167 3123/4701/3123 3168/4712/3168 3220/4705/3220
f 3123/4701/3123 3169/4714/3169 3221/4713/3221 3168/4712/3168
f 3168/4711/3168 3221/4716/3221 3148/4715/3148 3113/4710/3113
f 3221/4716/3221 3149/4718/3149 3106/4717/3106 3148/4715/3148
f 3169/4719/3169 3114/4722/3114 3149/4721/3149 3221/4720/3221
f 3111/4703/3111 3143/4724/3143 3222/4723/3222 3170/4702/3170
f 3170/4702/3170 3222/4723/3222 3169/4714/3169 3123/4701/3123
f 3222/4725/3222 3150/4726/3150 3114/4722/3114 3169/4719/3169
f 3143/4727/3143 3105/4728/3105 3150/4726/3150 3222/4725/3222
f 3105/4728/3105 3152/4730/3152 3223/4729/3223 3150/4726/3150
f 3150/4726/3150 3223/4729/3223 3171/4731/3171 3114/4722/3114
f 3223/4729/3223 3174/4733/3174 3124/4732/3124 3171/4731/3171
f 3152/4730/3152 3115/4734/3115 3174/4733/3174 3223/4729/3223
f 3114/4722/3114 3171/4731/3171 3224/4735/3224 3149/4721/3149
f 3149/4718/3149 3224/4737/3224 3153/4736/3153 3106/4717/3106
f 3224/4737/3224 3172/4739/3172 3116/4738/3116 3153/4736/3153
f 3171/4740/3171 3124/4743/3124 3172/4742/3172 3224/4741/3224
f 3124/4743/3124 3173/4745/3173 3225/4744/3225 3172/4742/3172
f 3172/4739/3172 3225/4747/3225 3154/4746/3154 3116/4738/3116
f 3225/4747/3225 3155/4749/3155 3110/4748/3110 3154/4746/3154
f 3173/4745/3173 3117/4751/3117 3155/4750/3155 3225/4744/3225
f 3115/4734/3115 3151/4753/3151 3226/4752/3226 3174/4733/3174
f 3174/4754/3174 3226/4755/3226 3173/4745/3173 3124/4743/3124
f 3226/4755/3226 3156/4756/3156 3117/4751/3117 3173/4745/3173
f 3151/4757/3151 3109/4760/3109 3156/4759/3156 3226/4758/3226
f 3120/4761/3120 3204/4764/3204 3227/4763/3227 3162/4762/3162
f 3162/4765/3162 3227/4768/3227 3175/4767/3175 3107/4766/3107
f 3227/4763/3227 3198/4771/3198 3132/4770/3132 3175/4769/3175
f 3204/4764/3204 3136/4772/3136 3198/4771/3198 3227/4763/3227
f 3117/4751/3117 3203/4774/3203 3228/4773/3228 3155/4750/3155
f 3155/4750/3155 3228/4773/3228 3177/4776/3177 3110/4775/3110
f 3228/4773/3228 3191/4778/3191 3129/4777/3129 3177/4776/3177
f 3203/4774/3203 3130/4779/3130 3191/4778/3191 3228/4773/3228
f 3107/4766/3107 3175/4767/3175 3229/4781/3229 3157/4780/3157
f 3157/4780/3157 3229/4781/3229 3176/4783/3176 3118/4782/3118
f 3229/4781/3229 3193/4785/3193 3133/4784/3133 3176/4783/3176
f 3175/4767/3175 3132/4786/3132 3193/4785/3193 3229/4781/3229
f 3110/4748/3110 3177/4789/3177 3230/4788/3230 3159/4787/3159
f 3159/4787/3159 3230/4788/3230 3178/4791/3178 3119/4790/3119
f 3230/4788/3230 3195/4793/3195 3134/4792/3134 3178/4791/3178
f 3177/4789/3177 3129/4794/3129 3195/4793/3195 3230/4788/3230
f 3107/4766/3107 3164/4796/3164 3231/4795/3231 3162/4765/3162
f 3162/4762/3162 3231/4798/3231 3179/4797/3179 3120/4761/3120
f 3231/4798/3231 3182/4800/3182 3126/4799/3126 3179/4797/3179
f 3164/4796/3164 3121/4802/3121 3182/4801/3182 3231/4795/3231
f 3120/4761/3120 3179/4797/3179 3232/4804/3232 3161/4803/3161
f 3161/4805/3161 3232/4808/3232 3165/4807/3165 3108/4806/3108
f 3232/4808/3232 3180/4810/3180 3122/4809/3122 3165/4807/3165
f 3179/4797/3179 3126/4799/3126 3180/4811/3180 3232/4804/3232
f 3126/4799/3126 3181/4813/3181 3233/4812/3233 3180/4811/3180
f 3180/4810/3180 3233/4815/3233 3166/4814/3166 3122/4809/3122
f 3233/4815/3233 3146/4706/3146 3104/4707/3104 3166/4814/3166
f 3181/4816/3181 3112/4699/3112 3146/4704/3146 3233/4817/3233
f 3121/4802/3121 3163/4819/3163 3234/4818/3234 3182/4801/3182
f 3182/4800/3182 3234/4820/3234 3181/4813/3181 3126/4799/3126
f 3234/4821/3234 3145/4696/3145 3112/4699/3112 3181/4816/3181
f 3163/4822/3163 3103/4695/3103 3145/4696/3145 3234/4821/3234
f 3105/4823/3105 3143/4826/3143 3235/4825/3235 3152/4824/3152
f 3152/4824/3152 3235/4825/3235 3183/4828/3183 3115/4827/3115
f 3235/4825/3235 3186/4830/3186 3127/4829/3127 3183/4828/3183
f 3143/4826/3143 3111/4831/3111 3186/4830/3186 3235/4825/3235
f 3115/4827/3115 3183/4828/3183 3236/4832/3236 3151/4757/3151
f 3151/4757/3151 3236/4832/3236 3158/4833/3158 3109/4760/3109
f 3236/4832/3236 3184/4834/3184 3118/4782/3118 3158/4833/3158
f 3183/4828/3183 3127/4829/3127 3184/4834/3184 3236/4832/3236
f 3127/4829/3127 3185/4836/3185 3237/4835/3237 3184/4834/3184
f 3184/4834/3184 3237/4835/3237 3157/4780/3157 3118/4782/3118
f 3237/4835/3237 3164/4796/3164 3107/4766/3107 3157/4780/3157
f 3185/4836/3185 3121/4802/3121 3164/4796/3164 3237/4835/3237
f 3111/4831/3111 3144/4838/3144 3238/4837/3238 3186/4830/3186
f 3186/4830/3186 3238/4837/3238 3185/4836/3185 3127/4829/3127
f 3238/4837/3238 3163/4819/3163 3121/4802/3121 3185/4836/3185
f 3144/4838/3144 3103/4839/3103 3163/4819/3163 3238/4837/3238
f 3110/4748/3110 3159/4787/3159 3239/4840/3239 3154/4746/3154
f 3154/4746/3154 3239/4840/3239 3187/4841/3187 3116/4738/3116
f 3239/4840/3239 3190/4843/3190 3128/4842/3128 3187/4841/3187
f 3159/4787/3159 3119/4790/3119 3190/4843/3190 3239/4840/3239
f 3116/4738/3116 3187/4841/3187 3240/4844/3240 3153/4736/3153
f 3153/4736/3153 3240/4844/3240 3148/4715/3148 3106/4717/3106
f 3240/4844/3240 3188/4845/3188 3113/4710/3113 3148/4715/3148
f 3187/4841/3187 3128/4842/3128 3188/4845/3188 3240/4844/3240
f 3128/4842/3128 3189/4847/3189 3241/4846/3241 3188/4845/3188
f 3188/4845/3188 3241/4846/3241 3147/4708/3147 3113/4710/3113
f 3241/4846/3241 3166/4814/3166 3104/4707/3104 3147/4708/3147
f 3189/4847/3189 3122/4809/3122 3166/4814/3166 3241/4846/3241
f 3119/4790/3119 3160/4849/3160 3242/4848/3242 3190/4843/3190
f 3190/4843/3190 3242/4848/3242 3189/4847/3189 3128/4842/3128
f 3242/4848/3242 3165/4807/3165 3122/4809/3122 3189/4847/3189
f 3160/4849/3160 3108/4806/3108 3165/4807/3165 3242/4848/3242
f 3137/4850/3137 3216/4853/3216 3243/4852/3243 3201/4851/3201
f 3201/4851/3201 3243/4852/3243 3215/4854/3215 3136/4772/3136
f 3243/4852/3243 3212/4856/3212 3141/4855/3141 3215/4854/3215
f 3216/4853/3216 3142/4857/3142 3212/4856/3212 3243/4852/3243
f 3130/4779/3130 3199/4859/3199 3244/4858/3244 3191/4778/3191
f 3191/4778/3191 3244/4858/3244 3195/4860/3195 3129/4777/3129
f 3244/4861/3244 3200/4862/3200 3134/4792/3134 3195/4793/3195
f 3199/4859/3199 3137/4864/3137 3200/4863/3200 3244/4858/3244
f 3137/4850/3137 3201/4851/3201 3245/4866/3245 3200/4865/3200
f 3200/4862/3200 3245/4868/3245 3196/4867/3196 3134/4792/3134
f 3245/4866/3245 3197/4871/3197 3135/4870/3135 3196/4869/3196
f 3201/4851/3201 3136/4772/3136 3197/4871/3197 3245/4866/3245
f 3131/4872/3131 3214/4875/3214 3246/4874/3246 3192/4873/3192
f 3192/4876/3192 3246/4878/3246 3202/4877/3202 3130/4779/3130
f 3246/4878/3246 3207/4880/3207 3125/4879/3125 3202/4877/3202
f 3214/4875/3214 3138/4882/3138 3207/4881/3207 3246/4874/3246
f 3119/4790/3119 3178/4791/3178 3247/4883/3247 3160/4849/3160
f 3160/4849/3160 3247/4883/3247 3205/4884/3205 3108/4806/3108
f 3247/4883/3247 3196/4867/3196 3135/4885/3135 3205/4884/3205
f 3178/4791/3178 3134/4792/3134 3196/4867/3196 3247/4883/3247
f 3118/4782/3118 3176/4783/3176 3248/4886/3248 3158/4833/3158
f 3158/4833/3158 3248/4886/3248 3206/4887/3206 3109/4760/3109
f 3248/4886/3248 3194/4889/3194 3131/4888/3131 3206/4887/3206
f 3176/4783/3176 3133/4784/3133 3194/4889/3194 3248/4886/3248
f 3109/4760/3109 3206/4887/3206 3249/4890/3249 3156/4759/3156
f 3156/4756/3156 3249/4891/3249 3203/4774/3203 3117/4751/3117
f 3249/4891/3249 3192/4876/3192 3130/4779/3130 3203/4774/3203
f 3206/4892/3206 3131/4893/3131 3192/4876/3192 3249/4891/3249
f 3108/4894/3108 3205/4896/3205 3250/4895/3250 3161/4803/3161
f 3161/4803/3161 3250/4895/3250 3204/4764/3204 3120/4761/3120
f 3250/4895/3250 3197/4871/3197 3136/4772/3136 3204/4764/3204
f 3205/4896/3205 3135/4870/3135 3197/4871/3197 3250/4895/3250
f 3138/4882/3138 3209/4898/3209 3251/4897/3251 3207/4881/3207
f 3207/4880/3207 3251/4900/3251 3211/4899/3211 3125/4879/3125
f 3251/4900/3251 3213/4902/3213 3142/4901/3142 3211/4899/3211
f 3209/4903/3209 3140/4906/3140 3213/4905/3213 3251/4904/3251
f 3140/4906/3140 3208/4908/3208 3252/4907/3252 3213/4905/3213
f 3213/4909/3213 3252/4910/3252 3212/4856/3212 3142/4857/3142
f 3252/4910/3252 3210/4911/3210 3141/4855/3141 3212/4856/3212
f 3208/4908/3208 3139/4913/3139 3210/4912/3210 3252/4907/3252
f 3130/4779/3130 3202/4877/3202 3253/4914/3253 3199/4859/3199
f 3199/4859/3199 3253/4914/3253 3216/4915/3216 3137/4864/3137
f 3253/4914/3253 3211/4899/3211 3142/4901/3142 3216/4915/3216
f 3202/4877/3202 3125/4879/3125 3211/4899/3211 3253/4914/3253
f 3132/4786/3132 3218/4917/3218 3254/4916/3254 3193/4785/3193
f 3193/4785/3193 3254/4916/3254 3217/4918/3217 3133/4784/3133
f 3254/4919/3254 3208/4922/3208 3140/4921/3140 3217/4920/3217
f 3218/4923/3218 3139/4924/3139 3208/4922/3208 3254/4919/3254
f 3136/4772/3136 3215/4854/3215 3255/4925/3255 3198/4771/3198
f 3198/4771/3198 3255/4925/3255 3218/4926/3218 3132/4770/3132
f 3255/4925/3255 3210/4911/3210 3139/4927/3139 3218/4926/3218
f 3215/4854/3215 3141/4855/3141 3210/4911/3210 3255/4925/3255
f 3133/4784/3133 3217/4918/3217 3256/4928/3256 3194/4889/3194
f 3194/4889/3194 3256/4928/3256 3214/4929/3214 3131/4888/3131
f 3256/4930/3256 3209/4898/3209 3138/4882/3138 3214/4875/3214
f 3217/4920/3217 3140/4921/3140 3209/4932/3209 3256/4931/3256
o Cube.012
v 1.895553 2.256099 0.264320
v 1.895553 2.797077 0.264320
v 3.070213 2.256099 1.438980
v 3.070213 2.797077 1.438980
v 0.913681 2.275728 1.314997
v 0.916894 2.968141 1.279459
v 2.021748 2.275728 2.423065
v 2.057286 2.968141 2.419851
v 2.577456 2.181682 0.773670
v 1.877501 2.587061 0.073714
v 2.577456 2.847304 0.773670
v 3.257500 2.587061 1.453713
v 2.731422 2.181682 1.979791
v 2.731422 2.875191 1.979791
v 2.167222 2.637514 2.614741
v 1.448857 2.152516 1.904481
v 1.469629 3.083003 1.883710
v 0.716473 2.637514 1.163993
v 1.351423 2.181682 0.599792
v 1.351423 2.875191 0.599792
v 2.774193 2.587061 0.576933
v 2.957624 2.592638 2.205993
v 0.635302 2.256302 2.903985
v 1.118583 2.592638 0.366952
v 2.051379 2.011991 1.299748
v 2.051379 3.002081 1.299748
v 1.352944 3.049194 2.608594
v 1.087307 2.663268 2.755191
v 1.081123 2.393649 2.694407
v 0.664463 2.393649 2.277747
v 0.859252 2.333021 2.502936
v 0.986369 3.125713 2.375820
v 0.747510 3.049194 2.003161
v 0.604431 2.663268 2.272316
v 0.724583 2.706851 2.639818
v 0.642802 2.179269 2.880579
v 0.483822 2.179269 2.721600
v 0.527693 2.122425 2.836708
v 0.460416 2.256302 2.729099
v 0.502930 2.222353 2.861472
v 2.903011 2.204831 1.152899
v 2.191190 2.204831 0.441079
v 1.880593 2.401874 0.130482
v 1.880593 2.720958 0.130482
v 2.191190 2.828299 0.441079
v 2.903011 2.828299 1.152899
v 3.201301 2.720958 1.451189
v 3.201301 2.401874 1.451189
v 2.420454 2.205844 2.228693
v 2.965841 2.204831 1.686649
v 2.965841 2.831785 1.686649
v 2.424896 2.916235 2.228291
v 2.160669 2.822642 2.565048
v 2.138018 2.440511 2.565476
v 1.149833 2.180969 1.578303
v 1.768813 2.180969 2.197283
v 1.801186 3.055021 2.187134
v 1.159983 3.055021 1.545930
v 0.766858 2.822642 1.171236
v 0.766430 2.440511 1.193887
v 1.645133 2.204831 0.365942
v 1.103213 2.205844 0.911452
v 1.103615 2.916235 0.907009
v 1.645133 2.831785 0.365942
v 2.339312 2.587061 0.240265
v 2.725087 2.738528 0.626040
v 3.103394 2.587061 1.004347
v 2.725087 2.381169 0.626040
v 3.192620 2.587758 1.865417
v 2.904834 2.755260 2.153203
v 2.612283 2.606614 2.454598
v 2.904834 2.381866 2.153203
v 0.777625 2.369507 1.812605
v 1.137454 2.280143 2.220310
v 1.651561 3.031399 2.551329
v 1.202676 3.139757 2.155088
v 0.870808 2.606614 0.713123
v 1.172203 2.755260 0.420572
v 1.459989 2.587758 0.132786
v 1.172203 2.381866 0.420572
v 2.429686 2.054347 1.678055
v 1.754037 2.050701 1.597366
v 1.665604 2.054347 0.913973
v 2.339165 2.054347 1.011962
v 2.429686 2.965075 1.678055
v 2.339165 2.936491 1.011962
v 1.665604 2.965075 0.913973
v 1.756634 3.041249 1.594769
v 1.258427 2.920548 2.683174
v 1.118019 2.491515 2.749504
v 0.749860 2.345516 2.378345
v 0.982600 2.345516 2.611084
v 1.178733 3.106712 2.529149
v 0.831281 3.106712 2.181696
v 0.674482 2.920548 2.099229
v 0.608597 2.491515 2.240082
v 0.849758 2.701251 2.721366
v 0.840651 2.963400 2.523474
v 0.642543 2.701251 2.514151
v 0.769777 2.414408 2.848024
v 1.638071 2.680351 2.701310
v 0.643378 2.680351 1.706617
v 0.796102 3.031399 1.695871
v 1.535203 2.369508 2.570182
v 0.625293 2.190915 2.910115
v 0.490881 2.133642 2.782819
v 0.581582 2.133641 2.873520
v 0.454286 2.190915 2.739108
v 0.566275 2.228498 2.901301
v 0.463100 2.228498 2.798126
v 0.476599 2.110334 2.887802
v 0.781072 2.286207 2.810672
v 0.515885 2.414408 2.594132
v 0.600276 2.438437 2.764125
v 0.654347 2.241447 2.709777
v 0.553037 2.286207 2.582638
v 2.307760 2.390430 0.294462
v 2.307760 2.730050 0.294462
v 3.049304 2.730050 1.036006
v 3.049304 2.390430 1.036006
v 3.135462 2.390517 1.829734
v 3.135462 2.732141 1.829734
v 2.575558 2.782654 2.398330
v 2.572726 2.396370 2.398383
v 0.676535 2.501031 1.734036
v 1.682509 2.877334 2.659564
v 0.935510 2.299590 1.994428
v 1.461283 3.116097 2.383637
v 0.927835 2.396370 0.753492
v 0.927889 2.782654 0.750661
v 1.496471 2.732141 0.190744
v 1.496472 2.390517 0.190744
v 2.695519 2.091327 1.389791
v 2.125021 2.088551 1.950805
v 1.393286 2.088551 1.219070
v 1.953975 2.091327 0.648248
v 2.129068 3.007094 1.949536
v 2.695519 2.905246 1.389791
v 1.953975 2.905246 0.648248
v 1.394555 3.007094 1.215023
v 0.541363 2.436388 2.678861
v 0.998339 2.953401 2.632277
v 0.730957 2.953401 2.364894
v 0.797059 2.345843 2.842873
v 0.970299 3.116097 1.892653
v 1.359602 2.299590 2.418520
v 1.610918 2.501031 2.668419
v 0.685295 2.877334 1.662350
v 0.531473 2.121382 2.920159
v 0.444242 2.121382 2.832928
v 0.685452 2.436388 2.822950
v 0.596174 2.250615 2.640435
v 0.520766 2.345843 2.566580
v 0.723534 2.250615 2.767795
vn 0.0801 -0.7885 -0.6097
vn 0.0602 0.9112 -0.4076
vn 0.6165 -0.7843 -0.0686
vn 0.4134 0.9090 -0.0523
vn -0.5654 -0.8229 -0.0555
vn -0.3820 0.8903 -0.2479
vn 0.0693 -0.8188 0.5699
vn 0.2623 0.8848 0.3851
vn 0.3809 -0.8430 -0.3798
vn 0.0963 0.0492 -0.9941
vn 0.2560 0.9324 -0.2551
vn 0.9954 0.0490 -0.0818
vn 0.3370 -0.8797 0.3355
vn 0.3041 0.9373 0.1700
vn 0.2653 -0.0025 0.9642
vn -0.1784 -0.9675 0.1793
vn 0.0896 0.9920 -0.0889
vn -0.9697 -0.0003 -0.2444
vn -0.3272 -0.8860 -0.3286
vn -0.1627 0.9408 -0.2972
vn 0.7070 0.0508 -0.7054
vn 0.7169 0.0377 0.6961
vn 0.0580 0.2428 0.9683
vn -0.6961 0.0381 -0.7170
vn 0.0043 -1.0000 -0.0032
vn 0.0898 0.9920 -0.0890
vn 0.0800 0.7452 0.6620
vn 0.0449 0.1872 0.9813
vn 0.2721 -0.7822 0.5605
vn -0.5620 -0.7863 -0.2567
vn 0.0657 -0.9957 -0.0651
vn -0.2599 0.9298 0.2606
vn -0.6583 0.7502 -0.0613
vn -0.9812 0.1916 -0.0241
vn -0.5926 0.5449 0.5932
vn 0.6380 -0.7173 0.2801
vn -0.2805 -0.7186 -0.6364
vn 0.2404 -0.9405 -0.2403
vn -0.9684 0.2436 -0.0543
vn -0.6420 0.4192 0.6420
vn 0.5036 -0.8279 -0.2470
vn 0.2516 -0.8289 -0.4996
vn 0.0882 -0.4964 -0.8636
vn 0.0819 0.6467 -0.7584
vn 0.1651 0.9256 -0.3407
vn 0.3438 0.9250 -0.1619
vn 0.7623 0.6435 -0.0699
vn 0.8672 -0.4924 -0.0750
vn 0.1868 -0.8610 0.4731
vn 0.4957 -0.8542 0.1568
vn 0.3579 0.9310 0.0721
vn 0.2771 0.9230 0.2670
vn 0.3011 0.5337 0.7902
vn 0.1961 -0.4914 0.8486
vn -0.3193 -0.9450 0.0709
vn -0.0655 -0.9444 0.3222
vn 0.1769 0.9830 0.0500
vn -0.0481 0.9839 -0.1720
vn -0.7914 0.5428 -0.2813
vn -0.8499 -0.4963 -0.1773
vn -0.1473 -0.8599 -0.4888
vn -0.4663 -0.8667 -0.1768
vn -0.2604 0.9274 -0.2685
vn -0.0650 0.9339 -0.3516
vn 0.4851 0.0498 -0.8730
vn 0.5216 0.6763 -0.5202
vn 0.8772 0.0498 -0.4775
vn 0.6027 -0.5247 -0.6012
vn 0.9241 0.0468 0.3792
vn 0.5576 0.6721 0.4873
vn 0.4783 0.0180 0.8780
vn 0.5863 -0.5624 0.5831
vn -0.6124 -0.7890 -0.0495
vn -0.1447 -0.9787 0.1455
vn 0.2118 0.8236 0.5261
vn 0.0311 0.9990 -0.0306
vn -0.8821 0.0187 -0.4706
vn -0.4828 0.6786 -0.5535
vn -0.3713 0.0472 -0.9273
vn -0.5791 -0.5707 -0.5822
vn 0.1316 -0.9832 0.1267
vn -0.1122 -0.9872 0.1132
vn -0.1224 -0.9843 -0.1273
vn 0.1613 -0.9738 -0.1603
vn 0.1820 0.9832 0.0111
vn 0.1443 0.9791 -0.1434
vn -0.0078 0.9839 -0.1788
vn 0.0720 0.9949 -0.0712
vn -0.0035 0.4211 0.9070
vn 0.2444 -0.2991 0.9224
vn -0.1278 -0.9770 -0.1709
vn 0.1759 -0.9760 0.1284
vn -0.0856 0.8792 0.4687
vn -0.4668 0.8795 0.0927
vn -0.9040 0.4268 0.0253
vn -0.9280 -0.3004 -0.2203
vn -0.2801 0.4770 0.8331
vn -0.5297 0.6616 0.5307
vn -0.8304 0.4778 0.2866
vn 0.0767 0.2541 0.9641
vn 0.1381 0.0239 0.9901
vn -0.9936 0.0287 -0.1095
vn -0.5242 0.8296 -0.1922
vn 0.0665 -0.7862 0.6144
vn 0.3680 -0.2873 0.8844
vn -0.0457 -0.8823 -0.4685
vn 0.4687 -0.8822 0.0457
vn -0.8849 -0.2876 -0.3665
vn -0.3099 0.3532 0.8827
vn -0.8826 0.3532 0.3101
vn -0.5428 -0.6409 0.5428
vn 0.5586 -0.7401 0.3745
vn -0.9643 0.2566 -0.0651
vn -0.5922 0.5461 0.5925
vn 0.3104 -0.8986 -0.3101
vn -0.3759 -0.7442 -0.5522
vn 0.4236 -0.5042 -0.7525
vn 0.3646 0.6591 -0.6578
vn 0.6618 0.6582 -0.3590
vn 0.7566 -0.5035 -0.4171
vn 0.7818 -0.5347 0.3208
vn 0.6979 0.6667 0.2616
vn 0.4248 0.6249 0.6550
vn 0.3764 -0.5428 0.7508
vn -0.9064 -0.4089 -0.1063
vn 0.1810 0.4210 0.8888
vn -0.3098 -0.9498 0.0433
vn 0.1346 0.9816 0.1352
vn -0.7500 -0.5502 -0.3671
vn -0.6539 0.6322 -0.4156
vn -0.2527 0.6718 -0.6963
vn -0.3114 -0.5420 -0.7806
vn 0.2759 -0.9607 -0.0323
vn 0.0114 -0.9692 0.2461
vn -0.2421 -0.9702 -0.0068
vn 0.0364 -0.9617 -0.2718
vn 0.1646 0.9856 0.0399
vn 0.2251 0.9730 -0.0502
vn 0.0531 0.9736 -0.2221
vn -0.0367 0.9863 -0.1610
vn -0.8101 0.4975 0.3103
vn -0.2653 0.5857 0.7659
vn -0.7626 0.5865 0.2730
vn 0.4306 -0.2373 0.8708
vn -0.1346 0.9826 -0.1283
vn -0.0372 -0.9495 0.3115
vn 0.1323 -0.4068 0.9039
vn -0.8891 0.4312 -0.1537
vn -0.0824 -0.5646 0.8212
vn -0.8212 -0.5646 0.0824
vn -0.3073 0.4974 0.8113
vn 0.1358 -0.8947 -0.4254
vn -0.8765 -0.2381 -0.4184
vn 0.4273 -0.8939 -0.1357
vt 0.413899 0.765666
vt 0.419563 0.763081
vt 0.420535 0.777531
vt 0.412558 0.776659
vt 0.425465 0.761927
vt 0.426998 0.777374
vt 0.426188 0.794591
vt 0.419391 0.794191
vt 0.410767 0.792478
vt 0.428548 0.762695
vt 0.430098 0.777119
vt 0.125017 0.692055
vt 0.125452 0.687556
vt 0.134923 0.682050
vt 0.138694 0.687120
vt 0.147434 0.671728
vt 0.152211 0.676890
vt 0.429453 0.793758
vt 0.426620 0.808965
vt 0.423414 0.810187
vt 0.158140 0.660035
vt 0.162881 0.664187
vt 0.163765 0.651227
vt 0.168094 0.651210
vt 0.980998 0.894620
vt 0.984518 0.895791
vt 0.988721 0.907015
vt 0.985688 0.906844
vt 0.417057 0.809376
vt 0.409219 0.807228
vt 0.974902 0.896478
vt 0.979687 0.907661
vt 0.968403 0.901753
vt 0.973754 0.908794
vt 0.980729 0.919786
vt 0.972385 0.917381
vt 0.987280 0.919943
vt 0.986322 0.932442
vt 0.979345 0.931753
vt 0.970361 0.928492
vt 0.990402 0.919094
vt 0.160605 0.643210
vt 0.166322 0.639173
vt 0.153341 0.633640
vt 0.159248 0.628724
vt 0.890598 0.008225
vt 0.895488 0.009196
vt 0.896224 0.018565
vt 0.890728 0.017919
vt 0.897779 0.030377
vt 0.891924 0.030299
vt 0.143756 0.625443
vt 0.148967 0.620668
vt 0.132159 0.618963
vt 0.135873 0.614987
vt 0.900356 0.044201
vt 0.894371 0.045036
vt 0.976813 0.942232
vt 0.968403 0.938869
vt 0.884525 0.019922
vt 0.885689 0.031869
vt 0.888483 0.046290
vt 0.642105 0.342099
vt 0.635255 0.339665
vt 0.644787 0.328319
vt 0.650215 0.330540
vt 0.901959 0.477171
vt 0.907831 0.478464
vt 0.903866 0.495524
vt 0.898480 0.494257
vt 0.704055 0.345414
vt 0.698095 0.344351
vt 0.694232 0.328383
vt 0.698253 0.328980
vt 0.907304 0.497737
vt 0.904884 0.512771
vt 0.902170 0.511635
vt 0.896663 0.512040
vt 0.903902 0.059389
vt 0.897798 0.061777
vt 0.905831 0.045789
vt 0.909207 0.058989
vt 0.910914 0.068521
vt 0.907070 0.072439
vt 0.899546 0.079160
vt 0.687474 0.340677
vt 0.687042 0.325767
vt 0.674136 0.336202
vt 0.677948 0.322589
vt 0.681347 0.310431
vt 0.686308 0.312214
vt 0.690231 0.313689
vt 0.123645 0.625821
vt 0.112913 0.619169
vt 0.119276 0.614313
vt 0.112798 0.635083
vt 0.104455 0.626130
vt 0.097822 0.619072
vt 0.104101 0.614426
vt 0.109818 0.612245
vt 0.706332 0.360166
vt 0.699024 0.358516
vt 0.904390 0.462322
vt 0.910608 0.463938
vt 0.905522 0.450009
vt 0.911709 0.452059
vt 0.704648 0.373194
vt 0.696905 0.371014
vt 0.895961 0.476386
vt 0.898522 0.462459
vt 0.090412 0.658093
vt 0.094964 0.654232
vt 0.100661 0.666306
vt 0.095226 0.671626
vt 0.108331 0.676320
vt 0.102736 0.682309
vt 0.900015 0.450714
vt 0.900667 0.441506
vt 0.905565 0.440485
vt 0.117528 0.684055
vt 0.112864 0.689862
vt 0.421472 0.751074
vt 0.425097 0.752785
vt 0.699154 0.384574
vt 0.692324 0.382033
vt 0.911367 0.442736
vt 0.415478 0.753199
vt 0.409219 0.760202
vt 0.636157 0.374057
vt 0.635255 0.365572
vt 0.647345 0.369710
vt 0.645210 0.379464
vt 0.637275 0.353814
vt 0.650314 0.357609
vt 0.666661 0.362335
vt 0.663074 0.374759
vt 0.660103 0.385021
vt 0.654602 0.345324
vt 0.660728 0.332962
vt 0.670363 0.349469
vt 0.686221 0.354444
vt 0.683331 0.367132
vt 0.679388 0.378952
vt 0.675968 0.388335
vt 0.686915 0.388697
vt 0.133932 0.633714
vt 0.143312 0.642638
vt 0.130896 0.654200
vt 0.121729 0.644548
vt 0.151610 0.652134
vt 0.139903 0.663717
vt 0.127424 0.675068
vt 0.118390 0.666268
vt 0.109975 0.656431
vt 0.102732 0.645652
vt 0.893286 0.522409
vt 0.894286 0.519107
vt 0.902196 0.525830
vt 0.901561 0.528055
vt 0.903341 0.523468
vt 0.907885 0.528578
vt 0.908444 0.530790
vt 0.908226 0.532497
vt 0.909418 0.079941
vt 0.901900 0.086076
vt 0.913741 0.073086
vt 0.098792 0.611624
vt 0.093672 0.614920
vt 0.910775 0.083956
vt 0.902889 0.089307
vt 0.885375 0.517107
vt 0.886749 0.512994
vt 0.092768 0.625172
vt 0.090071 0.619893
vt 0.882417 0.506108
vt 0.885280 0.501374
vt 0.889131 0.505297
vt 0.900758 0.791668
vt 0.903738 0.789377
vt 0.904265 0.799272
vt 0.902487 0.800581
vt 0.894046 0.078799
vt 0.892871 0.090503
vt 0.890618 0.089876
vt 0.888341 0.095620
vt 0.886318 0.096210
vt 0.903917 0.806661
vt 0.902912 0.806293
vt 0.096899 0.634354
vt 0.091374 0.640770
vt 0.090071 0.630969
vt 0.668717 0.320481
vt 0.661497 0.318940
vt 0.672227 0.308495
vt 0.676251 0.309313
vt 0.657878 0.317335
vt 0.892404 0.063023
vt 0.888928 0.065110
vt 0.891317 0.079886
vt 0.890430 0.478184
vt 0.892365 0.491897
vt 0.887024 0.491626
vt 0.903191 0.809995
vt 0.902050 0.808304
vt 0.887786 0.097823
vt 0.884526 0.099420
vt 0.888000 0.099501
vt 0.884525 0.100910
vt 0.979128 0.531272
vt 0.981268 0.530893
vt 0.982173 0.532705
vt 0.979929 0.533187
vt 0.982092 0.534728
vt 0.979985 0.535260
vt 0.911707 0.533891
vt 0.911709 0.532378
vt 0.909910 0.529164
vt 0.980221 0.537051
vt 0.979128 0.537011
vt 0.894014 0.092831
vt 0.894642 0.095012
vt 0.686558 0.302581
vt 0.688647 0.303517
vt 0.683872 0.301548
vt 0.314785 0.964077
vt 0.314814 0.966835
vt 0.308686 0.966859
vt 0.308897 0.964894
vt 0.315593 0.961681
vt 0.310534 0.963263
vt 0.905593 0.522831
vt 0.907283 0.523323
vt 0.910253 0.528465
vt 0.681054 0.300994
vt 0.678793 0.300675
vt 0.900758 0.801840
vt 0.315593 0.969519
vt 0.309472 0.968769
s 1
usemtl Material.016
f 3257/4933/3257 3299/4934/3299 3373/4935/3373 3298/4936/3298
f 3299/4934/3299 3266/4937/3266 3321/4938/3321 3373/4935/3373
f 3373/4935/3373 3321/4938/3321 3277/4939/3277 3324/4940/3324
f 3298/4936/3298 3373/4935/3373 3324/4940/3324 3265/4941/3265
f 3266/4937/3266 3300/4942/3300 3374/4943/3374 3321/4938/3321
f 3300/4944/3300 3258/4945/3258 3301/4946/3301 3374/4947/3374
f 3374/4947/3374 3301/4946/3301 3267/4948/3267 3322/4949/3322
f 3321/4938/3321 3374/4943/3374 3322/4950/3322 3277/4939/3277
f 3277/4939/3277 3322/4950/3322 3375/4951/3375 3323/4952/3323
f 3322/4949/3322 3267/4948/3267 3302/4953/3302 3375/4954/3375
f 3375/4954/3375 3302/4953/3302 3260/4955/3260 3303/4956/3303
f 3323/4957/3323 3375/4958/3375 3303/4959/3303 3268/4960/3268
f 3265/4941/3265 3324/4940/3324 3376/4961/3376 3297/4962/3297
f 3324/4940/3324 3277/4939/3277 3323/4952/3323 3376/4961/3376
f 3376/4963/3376 3323/4957/3323 3268/4960/3268 3304/4964/3304
f 3297/4965/3297 3376/4963/3376 3304/4964/3304 3259/4966/3259
f 3259/4966/3259 3304/4964/3304 3377/4967/3377 3306/4968/3306
f 3304/4964/3304 3268/4960/3268 3325/4969/3325 3377/4967/3377
f 3377/4967/3377 3325/4969/3325 3278/4970/3278 3328/4971/3328
f 3306/4968/3306 3377/4967/3377 3328/4971/3328 3269/4972/3269
f 3268/4960/3268 3303/4959/3303 3378/4973/3378 3325/4969/3325
f 3303/4956/3303 3260/4955/3260 3307/4974/3307 3378/4975/3378
f 3378/4975/3378 3307/4974/3307 3270/4976/3270 3326/4977/3326
f 3325/4978/3325 3378/4979/3378 3326/4980/3326 3278/4981/3278
f 3278/4981/3278 3326/4980/3326 3379/4982/3379 3327/4983/3327
f 3326/4977/3326 3270/4976/3270 3308/4984/3308 3379/4985/3379
f 3379/4985/3379 3308/4984/3308 3264/4986/3264 3309/4987/3309
f 3327/4983/3327 3379/4982/3379 3309/4988/3309 3271/4989/3271
f 3269/4972/3269 3328/4971/3328 3380/4990/3380 3305/4991/3305
f 3328/4992/3328 3278/4981/3278 3327/4983/3327 3380/4993/3380
f 3380/4993/3380 3327/4983/3327 3271/4989/3271 3310/4994/3310
f 3305/4995/3305 3380/4996/3380 3310/4997/3310 3263/4998/3263
f 3274/4999/3274 3316/5000/3316 3381/5001/3381 3358/5002/3358
f 3316/5003/3316 3261/5004/3261 3329/5005/3329 3381/5006/3381
f 3381/5001/3381 3329/5007/3329 3286/5008/3286 3352/5009/3352
f 3358/5002/3358 3381/5001/3381 3352/5009/3352 3290/5010/3290
f 3271/4989/3271 3309/4988/3309 3382/5011/3382 3357/5012/3357
f 3309/4988/3309 3264/5013/3264 3331/5014/3331 3382/5011/3382
f 3382/5011/3382 3331/5014/3331 3283/5015/3283 3345/5016/3345
f 3357/5012/3357 3382/5011/3382 3345/5016/3345 3284/5017/3284
f 3261/5004/3261 3311/5018/3311 3383/5019/3383 3329/5005/3329
f 3311/5018/3311 3272/5020/3272 3330/5021/3330 3383/5019/3383
f 3383/5019/3383 3330/5021/3330 3287/5022/3287 3347/5023/3347
f 3329/5005/3329 3383/5019/3383 3347/5023/3347 3286/5024/3286
f 3264/4986/3264 3313/5025/3313 3384/5026/3384 3331/5027/3331
f 3313/5025/3313 3273/5028/3273 3332/5029/3332 3384/5026/3384
f 3384/5026/3384 3332/5029/3332 3288/5030/3288 3349/5031/3349
f 3331/5027/3331 3384/5026/3384 3349/5031/3349 3283/5032/3283
f 3261/5004/3261 3316/5003/3316 3385/5033/3385 3318/5034/3318
f 3316/5000/3316 3274/4999/3274 3333/5035/3333 3385/5036/3385
f 3385/5036/3385 3333/5035/3333 3280/5037/3280 3336/5038/3336
f 3318/5034/3318 3385/5033/3385 3336/5039/3336 3275/5040/3275
f 3274/4999/3274 3315/5041/3315 3386/5042/3386 3333/5035/3333
f 3315/5043/3315 3262/5044/3262 3319/5045/3319 3386/5046/3386
f 3386/5046/3386 3319/5045/3319 3276/5047/3276 3334/5048/3334
f 3333/5035/3333 3386/5042/3386 3334/5049/3334 3280/5037/3280
f 3280/5037/3280 3334/5049/3334 3387/5050/3387 3335/5051/3335
f 3334/5048/3334 3276/5047/3276 3320/5052/3320 3387/5053/3387
f 3387/5053/3387 3320/5052/3320 3258/4945/3258 3300/4944/3300
f 3335/5054/3335 3387/5055/3387 3300/4942/3300 3266/4937/3266
f 3275/5040/3275 3336/5039/3336 3388/5056/3388 3317/5057/3317
f 3336/5038/3336 3280/5037/3280 3335/5051/3335 3388/5058/3388
f 3388/5059/3388 3335/5054/3335 3266/4937/3266 3299/4934/3299
f 3317/5060/3317 3388/5059/3388 3299/4934/3299 3257/4933/3257
f 3259/5061/3259 3306/5062/3306 3389/5063/3389 3297/5064/3297
f 3306/5062/3306 3269/5065/3269 3337/5066/3337 3389/5063/3389
f 3389/5063/3389 3337/5066/3337 3281/5067/3281 3340/5068/3340
f 3297/5064/3297 3389/5063/3389 3340/5068/3340 3265/5069/3265
f 3269/5065/3269 3305/4995/3305 3390/5070/3390 3337/5066/3337
f 3305/4995/3305 3263/4998/3263 3312/5071/3312 3390/5070/3390
f 3390/5070/3390 3312/5071/3312 3272/5020/3272 3338/5072/3338
f 3337/5066/3337 3390/5070/3390 3338/5072/3338 3281/5067/3281
f 3281/5067/3281 3338/5072/3338 3391/5073/3391 3339/5074/3339
f 3338/5072/3338 3272/5020/3272 3311/5018/3311 3391/5073/3391
f 3391/5073/3391 3311/5018/3311 3261/5004/3261 3318/5034/3318
f 3339/5074/3339 3391/5073/3391 3318/5034/3318 3275/5040/3275
f 3265/5069/3265 3340/5068/3340 3392/5075/3392 3298/5076/3298
f 3340/5068/3340 3281/5067/3281 3339/5074/3339 3392/5075/3392
f 3392/5075/3392 3339/5074/3339 3275/5040/3275 3317/5057/3317
f 3298/5076/3298 3392/5075/3392 3317/5057/3317 3257/5077/3257
f 3264/4986/3264 3308/4984/3308 3393/5078/3393 3313/5025/3313
f 3308/4984/3308 3270/4976/3270 3341/5079/3341 3393/5078/3393
f 3393/5078/3393 3341/5079/3341 3282/5080/3282 3344/5081/3344
f 3313/5025/3313 3393/5078/3393 3344/5081/3344 3273/5028/3273
f 3270/4976/3270 3307/4974/3307 3394/5082/3394 3341/5079/3341
f 3307/4974/3307 3260/4955/3260 3302/4953/3302 3394/5082/3394
f 3394/5082/3394 3302/4953/3302 3267/4948/3267 3342/5083/3342
f 3341/5079/3341 3394/5082/3394 3342/5083/3342 3282/5080/3282
f 3282/5080/3282 3342/5083/3342 3395/5084/3395 3343/5085/3343
f 3342/5083/3342 3267/4948/3267 3301/4946/3301 3395/5084/3395
f 3395/5084/3395 3301/4946/3301 3258/4945/3258 3320/5052/3320
f 3343/5085/3343 3395/5084/3395 3320/5052/3320 3276/5047/3276
f 3273/5028/3273 3344/5081/3344 3396/5086/3396 3314/5087/3314
f 3344/5081/3344 3282/5080/3282 3343/5085/3343 3396/5086/3396
f 3396/5086/3396 3343/5085/3343 3276/5047/3276 3319/5045/3319
f 3314/5087/3314 3396/5086/3396 3319/5045/3319 3262/5044/3262
f 3291/5088/3291 3355/5089/3355 3397/5090/3397 3370/5091/3370
f 3355/5089/3355 3290/5010/3290 3369/5092/3369 3397/5090/3397
f 3397/5090/3397 3369/5092/3369 3295/5093/3295 3366/5094/3366
f 3370/5091/3370 3397/5090/3397 3366/5094/3366 3296/5095/3296
f 3284/5017/3284 3345/5016/3345 3398/5096/3398 3353/5097/3353
f 3345/5016/3345 3283/5015/3283 3349/5098/3349 3398/5096/3398
f 3398/5099/3398 3349/5031/3349 3288/5030/3288 3354/5100/3354
f 3353/5097/3353 3398/5096/3398 3354/5101/3354 3291/5102/3291
f 3291/5088/3291 3354/5103/3354 3399/5104/3399 3355/5089/3355
f 3354/5100/3354 3288/5030/3288 3350/5105/3350 3399/5106/3399
f 3399/5104/3399 3350/5107/3350 3289/5108/3289 3351/5109/3351
f 3355/5089/3355 3399/5104/3399 3351/5109/3351 3290/5010/3290
f 3285/5110/3285 3346/5111/3346 3400/5112/3400 3368/5113/3368
f 3346/5114/3346 3284/5017/3284 3356/5115/3356 3400/5116/3400
f 3400/5116/3400 3356/5115/3356 3279/5117/3279 3361/5118/3361
f 3368/5113/3368 3400/5112/3400 3361/5119/3361 3292/5120/3292
f 3273/5028/3273 3314/5087/3314 3401/5121/3401 3332/5029/3332
f 3314/5087/3314 3262/5044/3262 3359/5122/3359 3401/5121/3401
f 3401/5121/3401 3359/5122/3359 3289/5123/3289 3350/5105/3350
f 3332/5029/3332 3401/5121/3401 3350/5105/3350 3288/5030/3288
f 3272/5020/3272 3312/5071/3312 3402/5124/3402 3330/5021/3330
f 3312/5071/3312 3263/4998/3263 3360/5125/3360 3402/5124/3402
f 3402/5124/3402 3360/5125/3360 3285/5126/3285 3348/5127/3348
f 3330/5021/3330 3402/5124/3402 3348/5127/3348 3287/5022/3287
f 3263/4998/3263 3310/4997/3310 3403/5128/3403 3360/5125/3360
f 3310/4994/3310 3271/4989/3271 3357/5012/3357 3403/5129/3403
f 3403/5129/3403 3357/5012/3357 3284/5017/3284 3346/5114/3346
f 3360/5130/3360 3403/5129/3403 3346/5114/3346 3285/5131/3285
f 3262/5132/3262 3315/5041/3315 3404/5133/3404 3359/5134/3359
f 3315/5041/3315 3274/4999/3274 3358/5002/3358 3404/5133/3404
f 3404/5133/3404 3358/5002/3358 3290/5010/3290 3351/5109/3351
f 3359/5134/3359 3404/5133/3404 3351/5109/3351 3289/5108/3289
f 3292/5120/3292 3361/5119/3361 3405/5135/3405 3363/5136/3363
f 3361/5118/3361 3279/5117/3279 3365/5137/3365 3405/5138/3405
f 3405/5138/3405 3365/5137/3365 3296/5139/3296 3367/5140/3367
f 3363/5141/3363 3405/5142/3405 3367/5143/3367 3294/5144/3294
f 3294/5144/3294 3367/5143/3367 3406/5145/3406 3362/5146/3362
f 3367/5147/3367 3296/5095/3296 3366/5094/3366 3406/5148/3406
f 3406/5148/3406 3366/5094/3366 3295/5093/3295 3364/5149/3364
f 3362/5146/3362 3406/5145/3406 3364/5150/3364 3293/5151/3293
f 3284/5017/3284 3353/5097/3353 3407/5152/3407 3356/5115/3356
f 3353/5097/3353 3291/5102/3291 3370/5153/3370 3407/5152/3407
f 3407/5152/3407 3370/5153/3370 3296/5139/3296 3365/5137/3365
f 3356/5115/3356 3407/5152/3407 3365/5137/3365 3279/5117/3279
f 3286/5024/3286 3347/5023/3347 3408/5154/3408 3372/5155/3372
f 3347/5023/3347 3287/5022/3287 3371/5156/3371 3408/5154/3408
f 3408/5157/3408 3371/5158/3371 3294/5159/3294 3362/5160/3362
f 3372/5161/3372 3408/5157/3408 3362/5160/3362 3293/5162/3293
f 3290/5010/3290 3352/5009/3352 3409/5163/3409 3369/5092/3369
f 3352/5009/3352 3286/5008/3286 3372/5164/3372 3409/5163/3409
f 3409/5163/3409 3372/5164/3372 3293/5165/3293 3364/5149/3364
f 3369/5092/3369 3409/5163/3409 3364/5149/3364 3295/5093/3295
f 3287/5022/3287 3348/5127/3348 3410/5166/3410 3371/5156/3371
f 3348/5127/3348 3285/5126/3285 3368/5167/3368 3410/5166/3410
f 3410/5168/3410 3368/5113/3368 3292/5120/3292 3363/5136/3363
f 3371/5158/3371 3410/5169/3410 3363/5170/3363 3294/5159/3294
o Cube.013
v 2.200624 2.307173 0.378096
v 2.370399 1.279987 0.165205
v 1.540928 2.307173 1.037791
v 1.689820 1.279987 0.845784
v 2.860320 2.307173 1.037791
v 3.073211 1.279987 0.868017
v 2.200624 2.307173 1.697487
v 2.392632 1.279987 1.548596
v 2.843409 1.246634 1.332133
v 2.838962 1.246634 0.399453
v 2.227910 1.848415 0.221396
v 2.227910 1.848415 1.799617
v 1.438799 1.848415 1.010506
v 3.017020 1.848415 1.010506
v 1.806069 2.398683 1.432347
v 1.806069 2.398683 0.643236
v 1.928515 1.246634 1.309901
v 2.595179 2.398683 1.432347
v 2.595179 2.398683 0.643236
v 1.906282 1.246634 0.395007
v 2.200624 2.607351 1.037791
v 1.685803 1.848415 1.552613
v 2.770016 1.848415 1.552613
v 2.682915 0.195325 1.013993
v 1.685803 1.848415 0.468400
v 2.770016 1.848415 0.468400
v 3.093238 0.656553 0.779592
v 2.879695 0.618883 1.194602
v 2.539189 0.772128 1.384225
v 2.458823 0.656553 0.145177
v 2.881716 0.618882 0.356700
v 2.133400 0.865214 1.105016
v 1.854191 0.772128 0.699227
v 2.043813 0.618882 0.358721
v 2.085500 1.403268 1.869184
v 2.311661 0.177699 1.491916
v 2.216771 0.424777 1.654296
v 2.224423 0.195325 0.555501
v 2.463807 0.113227 0.774608
v 1.611240 1.769132 2.273066
v 1.584119 0.424777 1.021644
v 1.746500 0.177699 0.926755
v 1.974484 0.055960 1.263931
v 1.759044 1.448786 1.479372
v 1.369231 1.403268 1.152915
v 1.108286 0.939312 1.455361
v 1.783054 0.939311 2.130130
v 1.779553 0.713013 2.045083
v 1.239892 0.690227 2.718019
v 1.193333 0.713013 1.458862
v 1.517221 0.596523 1.721194
v 1.246412 1.812328 1.992004
v 0.965350 1.769132 1.627176
v 0.629409 1.305154 2.015291
v 1.223124 1.305154 2.609006
v 1.518156 0.988445 2.366957
v 0.793865 1.335407 2.444550
v 0.871458 0.988445 1.720260
v 1.318086 0.872581 1.920330
v 0.916873 0.767279 2.859058
v 0.573278 0.742793 2.665138
v 0.379357 0.767279 2.321542
v 0.520397 0.690227 1.998523
v 1.050143 0.571481 1.623261
v 1.385693 0.487758 1.852722
v 0.796095 0.253386 1.833336
v 1.615155 0.571481 2.188272
v 1.405079 0.253386 2.442320
v 1.034662 0.325794 2.695417
v 0.759508 0.248862 2.478907
v 0.542998 0.325794 2.203753
v 1.164727 0.060250 2.073688
v 3.006842 1.263311 1.114299
v 2.630576 1.263311 1.490564
v 2.617237 1.263311 0.232129
v 3.006286 1.263311 0.621179
v 2.204035 2.121441 0.285527
v 2.286649 1.568454 0.195019
v 2.289428 1.568454 1.705737
v 2.204035 2.121441 1.783235
v 1.455181 2.121441 1.034381
v 1.532679 1.568454 0.948988
v 2.952889 2.121441 1.034381
v 3.043397 1.568454 0.951767
v 1.628364 2.370217 1.214385
v 2.024031 2.370217 1.610052
v 2.024031 2.370217 0.465531
v 1.628364 2.370217 0.861198
v 2.149684 1.263311 1.477781
v 1.760635 1.263311 1.088731
v 2.377218 2.370217 1.610052
v 2.772885 2.370217 1.214385
v 2.772885 2.370217 0.861198
v 2.377218 2.370217 0.465531
v 1.747851 1.263311 0.607839
v 2.124117 1.263311 0.231574
v 2.416462 2.555266 0.821954
v 2.416462 2.555266 1.253629
v 1.984787 2.555266 1.253629
v 1.984787 2.555266 0.821954
v 1.506795 1.848415 1.299945
v 1.698758 2.146903 1.539658
v 1.938470 1.848415 1.731621
v 1.775456 1.549276 1.462960
v 2.517349 1.848415 1.731621
v 2.709311 2.146903 1.539658
v 2.949024 1.848415 1.299945
v 2.801732 1.549276 1.465739
v 3.124627 0.970351 0.786477
v 2.896408 0.931455 0.342008
v 2.083016 0.962247 1.155399
v 2.517056 0.984424 1.400118
v 1.938470 1.848415 0.289392
v 1.698758 2.146903 0.529104
v 1.506795 1.848415 0.721067
v 1.772676 1.549276 0.436684
v 2.949024 1.848415 0.721067
v 2.709312 2.146903 0.529104
v 2.517349 1.848415 0.289392
v 2.801176 1.549276 0.437239
v 3.023523 0.637718 1.005613
v 2.722733 0.649974 1.314417
v 2.682116 0.637718 0.203498
v 3.034917 0.637718 0.556300
v 2.345916 0.872150 1.279726
v 1.958689 0.872150 0.892500
v 1.923999 0.649974 0.515683
v 2.232803 0.637718 0.214892
v 1.938122 0.340600 0.575058
v 1.712399 0.538757 0.843684
v 2.394732 0.538757 1.526016
v 2.663358 0.340600 1.300293
v 2.019016 0.931455 0.331700
v 2.451939 0.970351 0.113789
v 2.906715 0.931455 1.219400
v 1.838298 0.984424 0.721360
v 2.542234 0.143997 1.208242
v 2.255432 0.293239 1.607687
v 2.321282 0.137799 0.646280
v 2.592136 0.137799 0.917134
v 2.001089 1.085452 1.237327
v 1.993924 0.403427 1.798548
v 1.630729 0.293239 0.982984
v 2.030174 0.143997 0.696181
v 2.216167 0.002307 1.022249
v 1.828490 0.089484 1.109021
v 2.319478 1.034933 1.595196
v 2.129395 0.089484 1.409925
v 2.022926 0.614162 1.853755
v 2.345551 0.372708 0.341358
v 2.714371 0.333469 0.524044
v 2.897058 0.372708 0.892865
v 1.985910 1.461009 1.688827
v 1.549588 1.461009 1.252505
v 1.208749 1.187436 1.284547
v 1.953868 1.187436 2.029666
v 1.763034 0.794389 2.131092
v 1.500269 1.731067 1.738147
v 1.835413 1.681243 2.123358
v 1.107323 0.794390 1.475381
v 1.339917 0.635414 1.551584
v 0.853469 1.205892 1.701998
v 1.686831 0.635414 1.898498
v 1.115057 1.681243 1.403002
v 1.384660 0.614162 1.215489
v 1.439868 0.403427 1.244492
v 1.643220 1.034933 0.918938
v 1.730916 0.295640 1.507500
v 1.471898 1.819571 2.182435
v 1.055981 1.819571 1.766517
v 0.804370 1.615832 1.792284
v 1.446131 1.615832 2.434046
v 1.361919 1.118007 2.548978
v 0.980696 1.346456 2.584002
v 0.654414 1.346456 2.257719
v 0.689438 1.118008 1.876496
v 1.123945 0.911967 1.751397
v 0.632384 0.850188 1.885819
v 1.487018 0.911967 2.114470
v 1.004428 1.641061 2.233987
v 1.012355 0.941362 1.618770
v 1.536417 1.205892 2.384946
v 1.371561 0.814250 1.866854
v 1.619646 0.941362 2.226060
v 1.086627 0.733871 2.823095
v 0.740553 0.757823 2.796778
v 0.441638 0.757823 2.497862
v 0.415320 0.733871 2.151788
v 0.431324 0.504917 2.277351
v 0.619429 0.477911 2.618986
v 0.970362 0.770932 1.648923
v 0.614564 0.485004 1.910228
v 0.639354 1.028376 2.599061
v 0.453053 1.041922 2.242230
v 1.352596 0.850188 2.606031
v 0.996186 1.041922 2.785363
v 1.200354 0.523186 1.685219
v 0.950447 0.407011 1.673282
v 1.553196 0.523186 2.038061
v 1.202624 0.249658 2.599619
v 0.921603 0.273942 2.618795
v 0.619620 0.273942 2.316812
v 0.638796 0.249658 2.035791
v 0.983037 0.107318 1.905212
v 0.959513 0.085448 2.278903
v 1.333203 0.107318 2.255378
v 1.319569 0.222813 1.918846
v 1.565133 0.407011 2.287968
v 1.328187 0.485004 2.623851
v 0.961064 0.504917 2.807091
v 1.354369 0.739002 1.884046
v 1.589492 0.770932 2.268053
v 2.200624 2.509792 0.622222
v 2.616193 2.509792 1.037791
v 2.200624 2.509792 1.453361
v 1.785055 2.509792 1.037791
v 1.600760 1.558865 1.221965
v 1.523129 2.135514 1.299718
v 1.938698 2.135514 1.715287
v 2.016450 1.558865 1.637656
v 2.561779 1.558865 1.639254
v 2.469372 2.135514 1.715287
v 2.884941 2.135514 1.299718
v 2.975872 1.558865 1.225161
v 2.722126 0.953128 1.356878
v 2.219674 0.950903 0.179475
v 3.059045 0.950903 0.553232
v 2.294855 0.978930 1.321891
v 2.013254 1.558865 0.262543
v 1.938698 2.135514 0.353475
v 1.523129 2.135514 0.769044
v 1.599162 1.558865 0.676636
v 2.975803 1.558865 0.678304
v 2.884941 2.135514 0.769044
v 2.469372 2.135514 0.353475
v 2.560112 1.558865 0.262613
v 2.540409 0.351668 0.388996
v 1.372417 0.480845 1.245913
v 1.826511 0.386553 0.703418
v 2.534998 0.386553 1.411904
v 1.916525 0.978930 0.943561
v 2.685183 0.950903 0.179370
v 1.881538 0.953128 0.516290
v 3.058941 0.950903 1.018742
v 2.358215 0.034718 1.155990
v 2.082425 0.034718 0.880201
v 2.216129 1.095549 1.431807
v 1.992502 0.480845 1.865998
v 2.811395 0.352660 1.109563
v 2.128852 0.352660 0.427021
v 2.192411 0.830871 1.747672
v 2.849420 0.351668 0.698007
v 1.701835 1.468929 2.286626
v 0.885627 1.039984 1.679426
v 1.732210 1.742290 1.949335
v 0.951789 1.468929 1.536581
v 1.490744 0.830872 1.046004
v 1.892159 0.331561 1.671162
v 1.806609 1.095550 1.022286
v 1.567253 0.331561 1.346257
v 1.216346 1.651888 2.396188
v 0.507551 1.042258 2.428351
v 1.524354 0.769581 2.073647
v 0.842227 1.651888 2.022069
v 1.289080 1.742290 1.506205
v 1.543256 0.855157 2.053023
v 1.185392 0.855157 1.695159
v 1.558989 1.039984 2.352788
v 1.141447 0.470159 2.755884
v 0.487691 0.494159 2.452276
v 1.176192 0.978520 2.734380
v 0.504036 0.978520 2.062223
v 0.810064 1.042258 2.730864
v 0.780632 0.631239 1.739610
v 1.132807 0.269753 1.748015
v 0.795783 0.124150 2.115444
v 1.122971 0.124150 2.442632
v 1.490400 0.269753 2.105608
v 0.482531 0.470160 2.096968
v 1.164768 0.769581 1.714062
v 0.786139 0.494159 2.750725
v 1.498805 0.631239 2.457783
vn -0.0018 0.5847 -0.8113
vn 0.0027 0.1254 -0.9921
vn -0.8204 0.5718 0.0019
vn -0.8794 -0.4757 0.0187
vn 0.8113 0.5847 0.0018
vn 0.9921 0.1254 -0.0027
vn -0.0019 0.5718 0.8204
vn -0.0187 -0.4757 0.8794
vn 0.6959 -0.1582 0.7005
vn 0.6894 0.2221 -0.6894
vn -0.0102 0.1555 -0.9878
vn -0.0070 -0.1258 0.9920
vn -0.9920 -0.1258 0.0070
vn 0.9878 0.1555 0.0102
vn -0.5031 0.7027 0.5031
vn -0.5001 0.7077 -0.4990
vn -0.5693 -0.5931 0.5693
vn 0.4990 0.7077 0.5001
vn 0.4960 0.7127 -0.4960
vn -0.7005 -0.1582 -0.6959
vn -0.0000 1.0000 -0.0000
vn -0.6969 -0.1689 0.6969
vn 0.7008 0.0171 0.7131
vn 0.6071 -0.7873 0.1075
vn -0.7131 0.0171 -0.7008
vn 0.6909 0.2129 -0.6909
vn 0.9468 -0.3218 0.0060
vn 0.7115 -0.2162 0.6686
vn 0.4652 0.0593 0.8832
vn -0.0060 -0.3218 -0.9468
vn 0.6557 -0.3744 -0.6557
vn -0.3959 0.8286 0.3959
vn -0.8832 0.0593 -0.4652
vn -0.6686 -0.2162 -0.7115
vn 0.8618 0.4284 0.2715
vn 0.3688 -0.6853 0.6280
vn 0.6442 -0.0945 0.7590
vn -0.1075 -0.7873 -0.6071
vn 0.2945 -0.9092 -0.2945
vn 0.3998 0.7188 0.5687
vn -0.7590 -0.0945 -0.6442
vn -0.6280 -0.6853 -0.3688
vn -0.2581 -0.9310 0.2581
vn 0.4745 0.7415 -0.4745
vn -0.2715 0.4284 -0.8618
vn -0.7358 -0.1072 -0.6687
vn 0.6687 -0.1072 0.7358
vn -0.2956 -0.7113 0.6378
vn 0.6227 -0.0152 0.7823
vn -0.6378 -0.7113 0.2956
vn -0.5040 -0.7014 0.5040
vn -0.0995 0.9900 0.0995
vn -0.5687 0.7188 -0.3998
vn -0.8937 0.3577 -0.2709
vn 0.2709 0.3577 0.8937
vn 0.7816 -0.1635 0.6019
vn -0.5443 0.6384 0.5443
vn -0.6019 -0.1635 -0.7816
vn 0.4465 -0.7754 -0.4465
vn -0.0647 0.0462 0.9968
vn -0.7069 0.0265 0.7069
vn -0.9968 0.0462 0.0647
vn -0.7823 -0.0152 -0.6227
vn 0.0451 -0.0359 -0.9983
vn 0.7032 -0.1043 -0.7033
vn -0.4969 -0.5613 -0.6618
vn 0.9983 -0.0359 -0.0451
vn 0.6618 -0.5613 0.4969
vn 0.0026 -0.6293 0.7771
vn -0.4496 -0.7719 0.4496
vn -0.7771 -0.6293 -0.0026
vn 0.1932 -0.9620 -0.1932
vn 0.9014 -0.0219 0.4325
vn 0.3800 -0.3167 0.8691
vn 0.4389 0.2093 -0.8738
vn 0.8738 0.2093 -0.4389
vn -0.0063 0.3463 -0.9381
vn -0.0062 0.0858 -0.9963
vn -0.0031 -0.3965 0.9181
vn -0.0065 0.2524 0.9676
vn -0.9676 0.2524 0.0065
vn -0.9181 -0.3965 0.0031
vn 0.9381 0.3463 0.0063
vn 0.9963 0.0858 0.0062
vn -0.6916 0.6702 0.2693
vn -0.2693 0.6702 0.6916
vn -0.2659 0.6778 -0.6855
vn -0.6896 0.6734 -0.2665
vn -0.3432 -0.5659 0.7496
vn -0.7496 -0.5659 0.3432
vn 0.2665 0.6734 0.6896
vn 0.6855 0.6778 0.2659
vn 0.6836 0.6809 -0.2630
vn 0.2630 0.6809 -0.6836
vn -0.8691 -0.3167 -0.3800
vn -0.4325 -0.0219 -0.9014
vn 0.2455 0.9378 -0.2455
vn 0.2455 0.9378 0.2455
vn -0.2455 0.9378 0.2455
vn -0.2455 0.9378 -0.2455
vn -0.8963 -0.1627 0.4126
vn -0.6767 0.2899 0.6767
vn -0.4126 -0.1627 0.8963
vn -0.6179 -0.4862 0.6179
vn 0.4069 -0.0542 0.9119
vn 0.6589 0.3491 0.6663
vn 0.9019 0.0837 0.4239
vn 0.6926 -0.1706 0.7009
vn 0.9990 0.0409 -0.0173
vn 0.7045 0.0866 -0.7045
vn -0.5754 -0.5813 0.5754
vn -0.0580 -0.3391 0.9390
vn -0.4239 0.0837 -0.9019
vn -0.6663 0.3491 -0.6589
vn -0.9119 -0.0542 -0.4069
vn -0.7009 -0.1706 -0.6926
vn 0.8918 0.2021 -0.4048
vn 0.6460 0.4067 -0.6460
vn 0.4048 0.2021 -0.8918
vn 0.6968 0.1699 -0.6968
vn 0.8672 -0.2906 0.4043
vn 0.5307 -0.0855 0.8433
vn 0.3946 -0.3536 -0.8481
vn 0.8481 -0.3536 -0.3946
vn 0.2247 0.6211 0.7508
vn -0.7508 0.6211 -0.2247
vn -0.8433 -0.0855 -0.5307
vn -0.4043 -0.2906 -0.8672
vn -0.6482 -0.4112 -0.6409
vn -0.7809 -0.0337 -0.6238
vn 0.6238 -0.0337 0.7809
vn 0.6409 -0.4112 0.6482
vn -0.6943 -0.1069 -0.7117
vn 0.0173 0.0409 -0.9990
vn 0.7117 -0.1069 0.6943
vn -0.9390 -0.3391 0.0580
vn 0.5269 -0.7790 0.3400
vn 0.4857 -0.3796 0.7874
vn 0.0914 -0.8802 -0.4656
vn 0.4656 -0.8802 -0.0914
vn 0.5232 0.6727 -0.5232
vn -0.0152 -0.7138 0.7002
vn -0.7874 -0.3796 -0.4857
vn -0.3400 -0.7790 -0.5269
vn 0.0491 -0.9976 -0.0491
vn -0.4571 -0.8893 0.0170
vn 0.8785 0.4077 0.2491
vn -0.0170 -0.8893 0.4571
vn 0.6690 -0.1130 0.7346
vn -0.0662 -0.6493 -0.7577
vn 0.4669 -0.7510 -0.4669
vn 0.7577 -0.6493 0.0662
vn 0.5851 0.7285 -0.3562
vn 0.3562 0.7285 -0.5851
vn -0.7067 -0.0515 -0.7056
vn 0.7056 -0.0515 0.7067
vn 0.1898 -0.5494 0.8137
vn 0.2984 0.9066 -0.2984
vn 0.7133 0.5857 0.3850
vn -0.8137 -0.5494 -0.1898
vn -0.5889 -0.7033 0.3981
vn -0.7794 0.0007 -0.6265
vn -0.3981 -0.7033 0.5889
vn -0.3850 0.5857 -0.7133
vn -0.7346 -0.1130 -0.6690
vn -0.7002 -0.7138 0.0152
vn -0.2491 0.4077 -0.8785
vn -0.4477 -0.7740 0.4477
vn 0.0325 0.9724 0.2310
vn -0.2310 0.9724 -0.0325
vn -0.8490 0.4472 -0.2814
vn 0.2814 0.4472 0.8490
vn 0.6477 0.1276 0.7511
vn -0.2928 0.6128 0.7340
vn -0.7340 0.6128 0.2928
vn -0.7511 0.1276 -0.6477
vn -0.0365 -0.6954 -0.7177
vn -0.6890 0.0762 -0.7207
vn 0.7177 -0.6954 0.0365
vn -0.4261 0.7980 0.4261
vn -0.4961 -0.8200 0.2855
vn 0.6265 0.0007 0.7794
vn -0.4689 -0.7485 0.4689
vn -0.2855 -0.8200 0.4961
vn 0.3878 -0.0000 0.9217
vn -0.4797 0.0424 0.8764
vn -0.8764 0.0424 0.4797
vn -0.9217 -0.0000 -0.3878
vn -0.9276 -0.3708 0.0443
vn -0.6278 -0.4602 0.6278
vn -0.0975 0.1893 -0.9771
vn -0.7224 -0.2036 -0.6608
vn -0.6331 0.4454 0.6331
vn -0.9277 0.3673 -0.0671
vn 0.7207 0.0762 0.6890
vn 0.0671 0.3673 0.9277
vn 0.4902 -0.0864 -0.8673
vn -0.2382 -0.3337 -0.9121
vn 0.8673 -0.0864 -0.4902
vn 0.3149 -0.6503 0.6913
vn -0.2431 -0.7414 0.6254
vn -0.6254 -0.7414 0.2431
vn -0.6913 -0.6503 -0.3149
vn -0.1131 -0.8722 -0.4758
vn -0.2046 -0.9572 0.2046
vn 0.4758 -0.8722 0.1131
vn 0.5590 -0.6124 -0.5590
vn 0.9121 -0.3337 0.2382
vn 0.6608 -0.2036 0.7224
vn -0.0443 -0.3708 0.9276
vn 0.6823 0.2625 -0.6823
vn 0.9771 0.1893 0.0975
vn -0.0000 0.8892 -0.4576
vn 0.4576 0.8892 -0.0000
vn -0.0000 0.8892 0.4576
vn -0.4576 0.8892 -0.0000
vn -0.8078 -0.4651 0.3621
vn -0.8715 0.2667 0.4115
vn -0.4115 0.2667 0.8715
vn -0.3621 -0.4651 0.8078
vn 0.3888 -0.2873 0.8754
vn 0.3978 0.3033 0.8659
vn 0.8477 0.3472 0.4011
vn 0.9040 -0.0464 0.4250
vn 0.4275 -0.1762 0.8867
vn -0.4247 -0.0439 -0.9043
vn 0.8884 0.0826 -0.4515
vn -0.4097 -0.5066 0.7586
vn -0.4250 -0.0464 -0.9040
vn -0.4011 0.3472 -0.8477
vn -0.8659 0.3033 -0.3978
vn -0.8754 -0.2873 -0.3888
vn 0.8932 0.1596 -0.4204
vn 0.8392 0.3827 -0.3863
vn 0.3863 0.3827 -0.8392
vn 0.4204 0.1596 -0.8932
vn 0.2447 -0.7225 -0.6466
vn -0.8267 -0.4646 -0.3173
vn -0.7911 -0.1742 -0.5863
vn 0.5863 -0.1742 0.7911
vn -0.7586 -0.5066 0.4097
vn 0.4515 0.0826 -0.8884
vn -0.8867 -0.1762 -0.4275
vn 0.9043 -0.0439 0.4247
vn 0.2674 -0.9472 0.1767
vn -0.1767 -0.9472 -0.2674
vn 0.5987 0.6801 -0.4231
vn 0.3173 -0.4646 0.8267
vn 0.7345 -0.5499 0.3977
vn -0.3977 -0.5499 -0.7345
vn 0.6999 -0.0664 0.7112
vn 0.6466 -0.7225 -0.2447
vn 0.6355 0.0495 0.7705
vn -0.7381 -0.1787 -0.6506
vn 0.4099 0.8905 -0.1974
vn -0.7705 0.0495 -0.6355
vn -0.7112 -0.0664 -0.6999
vn -0.2585 -0.7674 0.5868
vn 0.4231 0.6801 -0.5987
vn -0.5868 -0.7674 0.2585
vn -0.2163 0.7490 0.6263
vn -0.7970 0.4483 0.4047
vn 0.8145 0.2858 -0.5048
vn -0.6263 0.7490 0.2163
vn 0.1974 0.8905 -0.4099
vn -0.3566 -0.7735 0.5240
vn -0.5240 -0.7735 0.3566
vn 0.6506 -0.1787 0.7381
vn 0.3847 -0.3142 0.8679
vn -0.8039 -0.4305 0.4104
vn 0.5173 0.1803 0.8366
vn -0.8366 0.1803 -0.5173
vn -0.4047 0.4483 0.7970
vn -0.5720 -0.0437 -0.8191
vn 0.2501 -0.5636 -0.7873
vn -0.4324 -0.8997 -0.0601
vn 0.0601 -0.8997 0.4324
vn 0.7873 -0.5636 -0.2501
vn -0.8679 -0.3142 -0.3847
vn 0.5048 0.2858 -0.8145
vn -0.4104 -0.4305 0.8039
vn 0.8191 -0.0437 0.5720
vt 0.921381 0.195396
vt 0.918978 0.187367
vt 0.930294 0.186771
vt 0.929927 0.197341
vt 0.917206 0.175520
vt 0.929375 0.174211
vt 0.942341 0.173306
vt 0.942757 0.186401
vt 0.941668 0.197803
vt 0.917010 0.163832
vt 0.928226 0.162052
vt 0.918099 0.156157
vt 0.926201 0.152798
vt 0.937742 0.150865
vt 0.940609 0.160724
vt 0.951923 0.160803
vt 0.953991 0.172914
vt 0.948764 0.151608
vt 0.962549 0.108651
vt 0.956862 0.118645
vt 0.951487 0.115054
vt 0.953290 0.106876
vt 0.964709 0.096221
vt 0.954481 0.094953
vt 0.953991 0.185521
vt 0.952489 0.196151
vt 0.963681 0.083907
vt 0.954368 0.083317
vt 0.958903 0.074057
vt 0.953285 0.075774
vt 0.902668 0.752330
vt 0.901341 0.738652
vt 0.911305 0.734059
vt 0.911837 0.748696
vt 0.900758 0.727676
vt 0.911213 0.722442
vt 0.924052 0.720701
vt 0.923654 0.732742
vt 0.923389 0.747872
vt 0.934654 0.071660
vt 0.945195 0.072829
vt 0.943026 0.082050
vt 0.931625 0.081515
vt 0.942167 0.094194
vt 0.930192 0.094105
vt 0.941893 0.106794
vt 0.930449 0.107217
vt 0.943154 0.117417
vt 0.932503 0.118645
vt 0.936187 0.734059
vt 0.935124 0.748696
vt 0.937052 0.722442
vt 0.947992 0.727676
vt 0.946638 0.738652
vt 0.944737 0.752330
vt 0.493845 0.476479
vt 0.480012 0.481001
vt 0.482773 0.471377
vt 0.496598 0.468160
vt 0.467331 0.482556
vt 0.469826 0.472298
vt 0.472999 0.459809
vt 0.486209 0.459513
vt 0.500018 0.457591
vt 0.456104 0.479855
vt 0.457860 0.470136
vt 0.449172 0.475447
vt 0.448488 0.467161
vt 0.450251 0.455397
vt 0.460452 0.457988
vt 0.464085 0.446014
vt 0.476293 0.447242
vt 0.454416 0.444195
vt 0.459054 0.437155
vt 0.467322 0.436387
vt 0.479153 0.436752
vt 0.488977 0.447341
vt 0.502234 0.446320
vt 0.491307 0.437237
vt 0.504040 0.436975
vt 0.511049 0.464894
vt 0.508039 0.471684
vt 0.514312 0.455801
vt 0.527166 0.459157
vt 0.523848 0.466840
vt 0.517031 0.472837
vt 0.489346 0.008772
vt 0.491397 0.017367
vt 0.477405 0.016469
vt 0.475606 0.008225
vt 0.493705 0.028369
vt 0.479373 0.026699
vt 0.466488 0.030160
vt 0.464654 0.020505
vt 0.462868 0.012297
vt 0.735412 0.763452
vt 0.744068 0.763506
vt 0.743356 0.775900
vt 0.735107 0.775680
vt 0.755404 0.764310
vt 0.754254 0.776835
vt 0.753616 0.790024
vt 0.743335 0.789125
vt 0.735587 0.788934
vt 0.934569 0.763231
vt 0.923163 0.762594
vt 0.943729 0.766490
vt 0.943536 0.772927
vt 0.934725 0.768220
vt 0.923081 0.767507
vt 0.502122 0.008897
vt 0.504731 0.018148
vt 0.514291 0.008361
vt 0.517449 0.017937
vt 0.520859 0.030158
vt 0.507606 0.030002
vt 0.526046 0.008225
vt 0.529548 0.017040
vt 0.534186 0.009385
vt 0.538945 0.016060
vt 0.543179 0.027060
vt 0.533284 0.028709
vt 0.535819 0.041048
vt 0.523964 0.042876
vt 0.544916 0.038918
vt 0.544142 0.047496
vt 0.537347 0.051487
vt 0.526200 0.053949
vt 0.510980 0.042071
vt 0.497076 0.039105
vt 0.513501 0.052455
vt 0.499617 0.048090
vt 0.734890 0.751978
vt 0.744284 0.751626
vt 0.734890 0.740729
vt 0.744739 0.739910
vt 0.757314 0.739959
vt 0.756386 0.752097
vt 0.737043 0.729859
vt 0.746291 0.728557
vt 0.912794 0.154564
vt 0.908173 0.164704
vt 0.907517 0.177104
vt 0.758447 0.728165
vt 0.771000 0.729412
vt 0.770405 0.740798
vt 0.910240 0.189423
vt 0.771681 0.720701
vt 0.779694 0.724078
vt 0.781568 0.731399
vt 0.781808 0.742352
vt 0.769000 0.752481
vt 0.767200 0.764306
vt 0.779884 0.753535
vt 0.777199 0.764898
vt 0.764312 0.789851
vt 0.763481 0.803485
vt 0.754115 0.803718
vt 0.773308 0.790239
vt 0.771257 0.803647
vt 0.769248 0.812743
vt 0.763512 0.814916
vt 0.755352 0.815586
vt 0.454397 0.060618
vt 0.460548 0.064195
vt 0.472150 0.077333
vt 0.468324 0.076365
vt 0.466592 0.065275
vt 0.477323 0.074665
vt 0.494603 0.086102
vt 0.488790 0.088267
vt 0.831160 0.048211
vt 0.829262 0.044563
vt 0.828276 0.024695
vt 0.830307 0.029241
vt 0.469772 0.037960
vt 0.460955 0.049219
vt 0.457298 0.042704
vt 0.476447 0.044404
vt 0.469049 0.055086
vt 0.532597 0.477867
vt 0.524466 0.483620
vt 0.536266 0.471399
vt 0.539014 0.488813
vt 0.532935 0.492610
vt 0.526891 0.493692
vt 0.911923 0.763231
vt 0.903100 0.766490
vt 0.911546 0.768220
vt 0.902533 0.772927
vt 0.765585 0.776669
vt 0.775103 0.777064
vt 0.482592 0.035938
vt 0.485410 0.043335
vt 0.516197 0.445328
vt 0.517768 0.436387
vt 0.530495 0.440410
vt 0.528924 0.449274
vt 0.862665 0.088469
vt 0.856942 0.090114
vt 0.856367 0.081627
vt 0.863800 0.081891
vt 0.848802 0.091090
vt 0.848040 0.082276
vt 0.847617 0.069452
vt 0.856699 0.068788
vt 0.864893 0.068857
vt 0.840729 0.090114
vt 0.839859 0.081627
vt 0.835221 0.088469
vt 0.833149 0.081891
vt 0.831063 0.068857
vt 0.838687 0.068788
vt 0.677786 0.875989
vt 0.666146 0.876650
vt 0.665176 0.865670
vt 0.677463 0.865561
vt 0.657463 0.880241
vt 0.657531 0.864529
vt 0.655906 0.845191
vt 0.663920 0.846972
vt 0.677009 0.847002
vt 0.521335 0.505743
vt 0.516168 0.503099
vt 0.866716 0.061778
vt 0.864324 0.048211
vt 0.866379 0.044563
vt 0.865397 0.029241
vt 0.867526 0.024695
vt 0.504734 0.516787
vt 0.498927 0.514650
vt 0.538344 0.461417
vt 0.539894 0.452360
vt 0.544739 0.463925
vt 0.544293 0.474218
vt 0.455146 0.032939
vt 0.453412 0.024441
vt 0.449026 0.046291
vt 0.448488 0.036268
vt 0.509286 0.492835
vt 0.503027 0.482542
vt 0.490718 0.504180
vt 0.484072 0.493396
vt 0.745108 0.802850
vt 0.738466 0.802512
vt 0.747408 0.814359
vt 0.741987 0.811800
vt 0.475349 0.515966
vt 0.468884 0.505082
vt 0.484224 0.526378
vt 0.476199 0.540873
vt 0.466390 0.526050
vt 0.462538 0.514961
vt 0.827769 0.008225
vt 0.829756 0.015227
vt 0.509315 0.097812
vt 0.502091 0.097973
vt 0.517247 0.112612
vt 0.508250 0.108532
vt 0.496503 0.093800
vt 0.500341 0.100183
vt 0.663601 0.828624
vt 0.676894 0.828552
vt 0.655662 0.827173
vt 0.658206 0.815427
vt 0.664973 0.813571
vt 0.677465 0.813016
vt 0.502858 0.075471
vt 0.518231 0.087256
vt 0.509428 0.064906
vt 0.524619 0.076593
vt 0.530882 0.086739
vt 0.527060 0.097752
vt 0.484245 0.064257
vt 0.490435 0.054165
vt 0.857352 0.050691
vt 0.847559 0.051685
vt 0.847688 0.033734
vt 0.858140 0.032538
vt 0.698334 0.881392
vt 0.689251 0.877301
vt 0.689610 0.866359
vt 0.697880 0.865666
vt 0.689954 0.847705
vt 0.698643 0.846395
vt 0.837903 0.050691
vt 0.837374 0.032538
vt 0.522208 0.864190
vt 0.534633 0.862753
vt 0.532993 0.874883
vt 0.521793 0.876558
vt 0.541796 0.863730
vt 0.541550 0.873546
vt 0.540482 0.890410
vt 0.531851 0.891843
vt 0.522080 0.893414
vt 0.505158 0.892529
vt 0.512438 0.893008
vt 0.513666 0.908543
vt 0.506815 0.907434
vt 0.522633 0.909002
vt 0.523507 0.921670
vt 0.514636 0.921199
vt 0.507763 0.919912
vt 0.561190 0.952749
vt 0.568742 0.954767
vt 0.568438 0.960303
vt 0.561197 0.960939
vt 0.579416 0.956256
vt 0.579036 0.961454
vt 0.578594 0.971616
vt 0.568194 0.970253
vt 0.562250 0.968712
vt 0.503367 0.866036
vt 0.509887 0.864238
vt 0.510734 0.876219
vt 0.503367 0.875837
vt 0.690040 0.829369
vt 0.698643 0.828383
vt 0.689789 0.814270
vt 0.696743 0.816513
vt 0.858577 0.019760
vt 0.866107 0.015227
vt 0.847801 0.021169
vt 0.847800 0.017120
vt 0.858717 0.015496
vt 0.867115 0.008269
vt 0.837156 0.019760
vt 0.828405 0.008269
vt 0.836984 0.015496
vt 0.491451 0.526545
vt 0.868075 0.008225
vt 0.496956 0.522119
vt 0.493176 0.528675
vt 0.485304 0.537130
vt 0.494153 0.562698
vt 0.496954 0.557152
vt 0.508701 0.556404
vt 0.505647 0.562688
vt 0.500641 0.550143
vt 0.510435 0.547023
vt 0.521962 0.541927
vt 0.519458 0.552384
vt 0.514417 0.559193
vt 0.339639 0.935958
vt 0.346858 0.934270
vt 0.345486 0.943219
vt 0.338484 0.945003
vt 0.524817 0.930887
vt 0.515953 0.930375
vt 0.354340 0.943765
vt 0.352847 0.956273
vt 0.343949 0.955188
vt 0.338499 0.954108
vt 0.488249 0.549382
vt 0.484023 0.555345
vt 0.495759 0.541924
vt 0.505341 0.120691
vt 0.497889 0.113048
vt 0.509411 0.127146
vt 0.499312 0.134415
vt 0.496671 0.128365
vt 0.493036 0.121190
vt 0.531665 0.907463
vt 0.539130 0.905495
vt 0.539744 0.917993
vt 0.532420 0.920131
vt 0.486701 0.106806
vt 0.490096 0.097601
vt 0.483247 0.118054
vt 0.471599 0.113330
vt 0.475526 0.102646
vt 0.481025 0.096794
vt 0.589185 0.970207
vt 0.589598 0.981469
vt 0.578863 0.983369
vt 0.595864 0.968638
vt 0.597759 0.976285
vt 0.468561 0.101821
vt 0.464213 0.112387
vt 0.590379 0.989856
vt 0.579874 0.991775
vt 0.350786 0.980267
vt 0.340609 0.977625
vt 0.341944 0.967877
vt 0.351495 0.969925
vt 0.474067 0.123913
vt 0.467853 0.123773
vt 0.335610 0.962066
vt 0.370012 0.974215
vt 0.361450 0.979863
vt 0.361416 0.969969
vt 0.369167 0.965670
vt 0.361921 0.957118
vt 0.367760 0.957251
vt 0.568324 0.981516
vt 0.561190 0.976364
vt 0.569546 0.989902
vt 0.518008 0.531174
vt 0.524659 0.529373
vt 0.529032 0.540003
vt 0.484931 0.127600
vt 0.487832 0.134368
vt 0.479023 0.130991
vt 0.590343 0.954720
vt 0.589830 0.960256
vt 0.599663 0.952665
vt 0.598031 0.960859
vt 0.533710 0.929310
vt 0.540821 0.927081
vt 0.363248 0.945127
vt 0.370012 0.948389
vt 0.506951 0.535702
vt 0.503401 0.526029
vt 0.512420 0.525057
s 1
usemtl Material.003
f 3411/5171/3411 3497/5174/3497 3623/5173/3623 3504/5172/3504
f 3504/5172/3504 3623/5173/3623 3507/5176/3507 3429/5175/3429
f 3623/5173/3623 3510/5178/3510 3431/5177/3431 3507/5176/3507
f 3497/5174/3497 3426/5179/3426 3510/5178/3510 3623/5173/3623
f 3429/5175/3429 3507/5176/3507 3624/5181/3624 3503/5180/3503
f 3503/5180/3503 3624/5181/3624 3502/5183/3502 3415/5182/3415
f 3624/5181/3624 3508/5185/3508 3428/5184/3428 3502/5183/3502
f 3507/5176/3507 3431/5177/3431 3508/5185/3508 3624/5181/3624
f 3431/5177/3431 3509/5187/3509 3625/5186/3625 3508/5185/3508
f 3508/5185/3508 3625/5186/3625 3501/5188/3501 3428/5184/3428
f 3625/5189/3625 3496/5192/3496 3417/5191/3417 3501/5190/3501
f 3509/5193/3509 3425/5194/3425 3496/5192/3496 3625/5189/3625
f 3426/5179/3426 3498/5196/3498 3626/5195/3626 3510/5178/3510
f 3510/5178/3510 3626/5195/3626 3509/5187/3509 3431/5177/3431
f 3626/5197/3626 3495/5198/3495 3425/5194/3425 3509/5193/3509
f 3498/5199/3498 3413/5200/3413 3495/5198/3495 3626/5197/3626
f 3414/5201/3414 3500/5204/3500 3627/5203/3627 3492/5202/3492
f 3492/5202/3492 3627/5203/3627 3511/5206/3511 3423/5205/3423
f 3627/5203/3627 3514/5208/3514 3432/5207/3432 3511/5206/3511
f 3500/5204/3500 3427/5209/3427 3514/5208/3514 3627/5203/3627
f 3423/5210/3423 3511/5213/3511 3628/5212/3628 3491/5211/3491
f 3491/5211/3491 3628/5212/3628 3495/5198/3495 3413/5200/3413
f 3628/5212/3628 3512/5214/3512 3425/5194/3425 3495/5198/3495
f 3511/5213/3511 3432/5215/3432 3512/5214/3512 3628/5212/3628
f 3432/5215/3432 3513/5217/3513 3629/5216/3629 3512/5214/3512
f 3512/5214/3512 3629/5216/3629 3496/5192/3496 3425/5194/3425
f 3629/5216/3629 3490/5218/3490 3417/5191/3417 3496/5192/3496
f 3513/5217/3513 3422/5219/3422 3490/5218/3490 3629/5216/3629
f 3427/5209/3427 3499/5221/3499 3630/5220/3630 3514/5208/3514
f 3514/5208/3514 3630/5220/3630 3513/5222/3513 3432/5207/3432
f 3630/5220/3630 3489/5224/3489 3422/5223/3422 3513/5222/3513
f 3499/5221/3499 3418/5225/3418 3489/5224/3489 3630/5220/3630
f 3418/5226/3418 3484/5229/3484 3631/5228/3631 3489/5227/3489
f 3489/5227/3489 3631/5228/3631 3515/5231/3515 3422/5230/3422
f 3631/5228/3631 3518/5233/3518 3433/5232/3433 3515/5231/3515
f 3484/5229/3484 3419/5234/3419 3518/5233/3518 3631/5228/3631
f 3422/5230/3422 3515/5231/3515 3632/5236/3632 3490/5235/3490
f 3490/5235/3490 3632/5236/3632 3501/5238/3501 3417/5237/3417
f 3632/5236/3632 3516/5240/3516 3428/5239/3428 3501/5238/3501
f 3515/5231/3515 3433/5232/3433 3516/5240/3516 3632/5236/3632
f 3433/5232/3433 3517/5242/3517 3633/5241/3633 3516/5240/3516
f 3516/5240/3516 3633/5241/3633 3502/5243/3502 3428/5239/3428
f 3633/5241/3633 3493/5245/3493 3415/5244/3415 3502/5243/3502
f 3517/5242/3517 3424/5246/3424 3493/5245/3493 3633/5241/3633
f 3419/5234/3419 3483/5248/3483 3634/5247/3634 3518/5233/3518
f 3518/5233/3518 3634/5247/3634 3517/5242/3517 3433/5232/3433
f 3634/5247/3634 3494/5249/3494 3424/5246/3424 3517/5242/3517
f 3483/5248/3483 3416/5250/3416 3494/5249/3494 3634/5247/3634
f 3418/5226/3418 3522/5252/3522 3635/5251/3635 3484/5229/3484
f 3484/5229/3484 3635/5251/3635 3545/5253/3545 3419/5234/3419
f 3635/5251/3635 3532/5255/3532 3438/5254/3438 3545/5253/3545
f 3522/5252/3522 3439/5256/3439 3532/5255/3532 3635/5251/3635
f 3412/5257/3412 3544/5260/3544 3636/5259/3636 3506/5258/3506
f 3506/5258/3506 3636/5259/3636 3543/5262/3543 3430/5261/3430
f 3636/5259/3636 3538/5264/3538 3444/5263/3444 3543/5262/3543
f 3544/5260/3544 3440/5265/3440 3538/5264/3538 3636/5259/3636
f 3416/5266/3416 3519/5269/3519 3637/5268/3637 3486/5267/3486
f 3486/5267/3486 3637/5268/3637 3520/5271/3520 3420/5270/3420
f 3637/5268/3637 3534/5273/3534 3441/5272/3441 3520/5271/3520
f 3519/5269/3519 3437/5274/3437 3534/5273/3534 3637/5268/3637
f 3427/5209/3427 3521/5276/3521 3638/5275/3638 3499/5221/3499
f 3499/5221/3499 3638/5275/3638 3522/5277/3522 3418/5225/3418
f 3638/5275/3638 3535/5279/3535 3439/5278/3439 3522/5277/3522
f 3521/5276/3521 3442/5280/3442 3535/5279/3535 3638/5275/3638
f 3412/5257/3412 3506/5258/3506 3639/5282/3639 3488/5281/3488
f 3488/5281/3488 3639/5282/3639 3523/5284/3523 3421/5283/3421
f 3639/5282/3639 3526/5286/3526 3435/5285/3435 3523/5284/3523
f 3506/5258/3506 3430/5261/3430 3526/5286/3526 3639/5282/3639
f 3421/5283/3421 3523/5284/3523 3640/5288/3640 3487/5287/3487
f 3487/5287/3487 3640/5288/3640 3497/5290/3497 3411/5289/3411
f 3640/5288/3640 3524/5292/3524 3426/5291/3426 3497/5290/3497
f 3523/5284/3523 3435/5285/3435 3524/5292/3524 3640/5288/3640
f 3435/5285/3435 3525/5294/3525 3641/5293/3641 3524/5292/3524
f 3524/5292/3524 3641/5293/3641 3498/5295/3498 3426/5291/3426
f 3641/5293/3641 3491/5297/3491 3413/5296/3413 3498/5295/3498
f 3525/5294/3525 3423/5298/3423 3491/5297/3491 3641/5293/3641
f 3430/5261/3430 3505/5300/3505 3642/5299/3642 3526/5286/3526
f 3526/5286/3526 3642/5299/3642 3525/5294/3525 3435/5285/3435
f 3642/5299/3642 3492/5301/3492 3423/5298/3423 3525/5294/3525
f 3505/5300/3505 3414/5302/3414 3492/5301/3492 3642/5299/3642
f 3416/5266/3416 3486/5267/3486 3643/5304/3643 3494/5303/3494
f 3494/5303/3494 3643/5304/3643 3527/5306/3527 3424/5305/3424
f 3643/5304/3643 3530/5308/3530 3436/5307/3436 3527/5306/3527
f 3486/5267/3486 3420/5270/3420 3530/5308/3530 3643/5304/3643
f 3424/5305/3424 3527/5306/3527 3644/5310/3644 3493/5309/3493
f 3493/5311/3493 3644/5312/3644 3503/5180/3503 3415/5182/3415
f 3644/5312/3644 3528/5313/3528 3429/5175/3429 3503/5180/3503
f 3527/5306/3527 3436/5307/3436 3528/5314/3528 3644/5310/3644
f 3436/5307/3436 3529/5316/3529 3645/5315/3645 3528/5314/3528
f 3528/5313/3528 3645/5317/3645 3504/5172/3504 3429/5175/3429
f 3645/5315/3645 3487/5320/3487 3411/5319/3411 3504/5318/3504
f 3529/5316/3529 3421/5321/3421 3487/5320/3487 3645/5315/3645
f 3420/5270/3420 3485/5323/3485 3646/5322/3646 3530/5308/3530
f 3530/5308/3530 3646/5322/3646 3529/5316/3529 3436/5307/3436
f 3646/5322/3646 3488/5324/3488 3421/5321/3421 3529/5316/3529
f 3485/5323/3485 3412/5325/3412 3488/5324/3488 3646/5322/3646
f 3441/5272/3441 3561/5328/3561 3647/5327/3647 3533/5326/3533
f 3533/5326/3533 3647/5327/3647 3560/5330/3560 3440/5329/3440
f 3647/5327/3647 3549/5332/3549 3448/5331/3448 3560/5330/3560
f 3561/5328/3561 3449/5333/3449 3549/5332/3549 3647/5327/3647
f 3452/5334/3452 3576/5337/3576 3648/5336/3648 3553/5335/3553
f 3553/5335/3553 3648/5336/3648 3575/5339/3575 3451/5338/3451
f 3648/5336/3648 3570/5341/3570 3456/5340/3456 3575/5339/3575
f 3576/5342/3576 3460/5345/3460 3570/5344/3570 3648/5343/3648
f 3444/5263/3444 3539/5348/3539 3649/5347/3649 3537/5346/3537
f 3537/5346/3537 3649/5347/3649 3540/5350/3540 3443/5349/3443
f 3649/5347/3649 3553/5335/3553 3451/5338/3451 3540/5350/3540
f 3539/5348/3539 3452/5334/3452 3553/5335/3553 3649/5347/3649
f 3439/5256/3439 3541/5352/3541 3650/5351/3650 3532/5255/3532
f 3532/5255/3532 3650/5351/3650 3542/5353/3542 3438/5254/3438
f 3650/5351/3650 3548/5355/3548 3446/5354/3446 3542/5353/3542
f 3541/5352/3541 3447/5356/3447 3548/5355/3548 3650/5351/3650
f 3414/5201/3414 3546/5358/3546 3651/5357/3651 3500/5204/3500
f 3500/5204/3500 3651/5357/3651 3521/5276/3521 3427/5209/3427
f 3651/5357/3651 3536/5359/3536 3442/5280/3442 3521/5276/3521
f 3546/5358/3546 3443/5360/3443 3536/5359/3536 3651/5357/3651
f 3420/5270/3420 3520/5271/3520 3652/5361/3652 3485/5323/3485
f 3485/5323/3485 3652/5361/3652 3544/5362/3544 3412/5325/3412
f 3652/5361/3652 3533/5326/3533 3440/5329/3440 3544/5362/3544
f 3520/5271/3520 3441/5272/3441 3533/5326/3533 3652/5361/3652
f 3430/5261/3430 3543/5262/3543 3653/5363/3653 3505/5300/3505
f 3505/5300/3505 3653/5363/3653 3546/5364/3546 3414/5302/3414
f 3653/5363/3653 3537/5346/3537 3443/5349/3443 3546/5364/3546
f 3543/5262/3543 3444/5263/3444 3537/5346/3537 3653/5363/3653
f 3419/5234/3419 3545/5253/3545 3654/5365/3654 3483/5248/3483
f 3483/5248/3483 3654/5365/3654 3519/5366/3519 3416/5250/3416
f 3654/5365/3654 3531/5368/3531 3437/5367/3437 3519/5366/3519
f 3545/5253/3545 3438/5254/3438 3531/5368/3531 3654/5365/3654
f 3434/5369/3434 3547/5372/3547 3655/5371/3655 3550/5370/3550
f 3550/5370/3550 3655/5371/3655 3555/5374/3555 3449/5373/3449
f 3655/5371/3655 3558/5376/3558 3453/5375/3453 3555/5374/3555
f 3547/5372/3547 3446/5377/3446 3558/5376/3558 3655/5371/3655
f 3449/5373/3449 3555/5374/3555 3656/5379/3656 3549/5378/3549
f 3549/5378/3549 3656/5379/3656 3554/5381/3554 3448/5380/3448
f 3656/5379/3656 3556/5383/3556 3452/5382/3452 3554/5381/3554
f 3555/5374/3555 3453/5375/3453 3556/5383/3556 3656/5379/3656
f 3442/5384/3442 3551/5387/3551 3657/5386/3657 3535/5385/3535
f 3535/5385/3535 3657/5386/3657 3557/5389/3557 3439/5388/3439
f 3657/5386/3657 3563/5391/3563 3445/5390/3445 3557/5389/3557
f 3551/5387/3551 3454/5392/3454 3563/5391/3563 3657/5386/3657
f 3447/5356/3447 3559/5394/3559 3658/5393/3658 3548/5355/3548
f 3548/5395/3548 3658/5397/3658 3552/5396/3552 3446/5377/3446
f 3658/5397/3658 3567/5399/3567 3458/5398/3458 3552/5396/3552
f 3559/5394/3559 3457/5401/3457 3567/5400/3567 3658/5393/3658
f 3438/5254/3438 3542/5353/3542 3659/5402/3659 3531/5368/3531
f 3531/5368/3531 3659/5402/3659 3562/5403/3562 3437/5367/3437
f 3659/5402/3659 3547/5405/3547 3434/5404/3434 3562/5403/3562
f 3542/5353/3542 3446/5354/3446 3547/5405/3547 3659/5402/3659
f 3440/5265/3440 3560/5407/3560 3660/5406/3660 3538/5264/3538
f 3538/5264/3538 3660/5406/3660 3539/5348/3539 3444/5263/3444
f 3660/5406/3660 3554/5408/3554 3452/5334/3452 3539/5348/3539
f 3560/5407/3560 3448/5409/3448 3554/5408/3554 3660/5406/3660
f 3439/5256/3439 3557/5411/3557 3661/5410/3661 3541/5352/3541
f 3541/5352/3541 3661/5410/3661 3559/5394/3559 3447/5356/3447
f 3661/5410/3661 3566/5412/3566 3457/5401/3457 3559/5394/3559
f 3557/5411/3557 3445/5413/3445 3566/5412/3566 3661/5410/3661
f 3437/5274/3437 3562/5415/3562 3662/5414/3662 3534/5273/3534
f 3534/5273/3534 3662/5414/3662 3561/5328/3561 3441/5272/3441
f 3662/5414/3662 3550/5416/3550 3449/5333/3449 3561/5328/3561
f 3562/5415/3562 3434/5417/3434 3550/5416/3550 3662/5414/3662
f 3445/5413/3445 3569/5419/3569 3663/5418/3663 3566/5412/3566
f 3566/5412/3566 3663/5418/3663 3592/5420/3592 3457/5401/3457
f 3663/5418/3663 3582/5422/3582 3465/5421/3465 3592/5420/3592
f 3569/5419/3569 3450/5423/3450 3582/5422/3582 3663/5418/3663
f 3460/5345/3460 3591/5425/3591 3664/5424/3664 3570/5344/3570
f 3570/5341/3570 3664/5427/3664 3572/5426/3572 3456/5340/3456
f 3664/5427/3664 3586/5429/3586 3464/5428/3464 3572/5426/3572
f 3591/5430/3591 3468/5431/3468 3586/5429/3586 3664/5427/3664
f 3454/5392/3454 3568/5433/3568 3665/5432/3665 3563/5391/3563
f 3563/5391/3563 3665/5432/3665 3569/5434/3569 3445/5390/3445
f 3665/5432/3665 3579/5436/3579 3450/5435/3450 3569/5434/3569
f 3568/5433/3568 3462/5437/3462 3579/5436/3579 3665/5432/3665
f 3456/5340/3456 3572/5426/3572 3666/5439/3666 3565/5438/3565
f 3565/5438/3565 3666/5439/3666 3574/5441/3574 3455/5440/3455
f 3666/5439/3666 3581/5443/3581 3463/5442/3463 3574/5441/3574
f 3572/5426/3572 3464/5428/3464 3581/5443/3581 3666/5439/3666
f 3451/5338/3451 3575/5339/3575 3667/5444/3667 3540/5350/3540
f 3540/5350/3540 3667/5444/3667 3577/5445/3577 3443/5349/3443
f 3667/5444/3667 3565/5438/3565 3455/5440/3455 3577/5445/3577
f 3575/5339/3575 3456/5340/3456 3565/5438/3565 3667/5444/3667
f 3446/5377/3446 3552/5396/3552 3668/5446/3668 3558/5376/3558
f 3558/5376/3558 3668/5446/3668 3578/5447/3578 3453/5375/3453
f 3668/5446/3668 3573/5449/3573 3461/5448/3461 3578/5447/3578
f 3552/5396/3552 3458/5398/3458 3573/5449/3573 3668/5446/3668
f 3443/5450/3443 3577/5453/3577 3669/5452/3669 3536/5451/3536
f 3536/5451/3536 3669/5452/3669 3551/5387/3551 3442/5384/3442
f 3669/5452/3669 3564/5454/3564 3454/5392/3454 3551/5387/3551
f 3577/5453/3577 3455/5455/3455 3564/5454/3564 3669/5452/3669
f 3453/5375/3453 3578/5447/3578 3670/5456/3670 3556/5383/3556
f 3556/5383/3556 3670/5456/3670 3576/5342/3576 3452/5382/3452
f 3670/5456/3670 3571/5457/3571 3460/5345/3460 3576/5342/3576
f 3578/5447/3578 3461/5448/3461 3571/5457/3571 3670/5456/3670
f 3462/5458/3462 3590/5461/3590 3671/5460/3671 3579/5459/3579
f 3579/5459/3579 3671/5460/3671 3582/5463/3582 3450/5462/3450
f 3671/5460/3671 3584/5465/3584 3465/5464/3465 3582/5463/3582
f 3590/5461/3590 3467/5466/3467 3584/5465/3584 3671/5460/3671
f 3464/5467/3464 3604/5470/3604 3672/5469/3672 3585/5468/3585
f 3585/5468/3585 3672/5469/3672 3603/5471/3603 3467/5466/3467
f 3672/5469/3672 3597/5473/3597 3471/5472/3471 3603/5471/3603
f 3604/5470/3604 3472/5474/3472 3597/5473/3597 3672/5469/3672
f 3466/5475/3466 3622/5478/3622 3673/5477/3673 3589/5476/3589
f 3589/5476/3589 3673/5477/3673 3621/5480/3621 3469/5479/3469
f 3673/5477/3673 3609/5482/3609 3475/5481/3475 3621/5480/3621
f 3622/5478/3622 3477/5483/3477 3609/5482/3609 3673/5477/3673
f 3463/5484/3463 3581/5487/3581 3674/5486/3674 3580/5485/3580
f 3580/5485/3580 3674/5486/3674 3590/5461/3590 3462/5458/3462
f 3674/5486/3674 3585/5468/3585 3467/5466/3467 3590/5461/3590
f 3581/5487/3581 3464/5467/3464 3585/5468/3585 3674/5486/3674
f 3455/5455/3455 3574/5489/3574 3675/5488/3675 3564/5454/3564
f 3564/5454/3564 3675/5488/3675 3568/5433/3568 3454/5392/3454
f 3675/5488/3675 3580/5490/3580 3462/5437/3462 3568/5433/3568
f 3574/5489/3574 3463/5491/3463 3580/5490/3580 3675/5488/3675
f 3458/5398/3458 3594/5493/3594 3676/5492/3676 3573/5449/3573
f 3573/5449/3573 3676/5492/3676 3593/5494/3593 3461/5448/3461
f 3676/5492/3676 3589/5496/3589 3469/5495/3469 3593/5494/3593
f 3594/5493/3594 3466/5497/3466 3589/5496/3589 3676/5492/3676
f 3461/5448/3461 3593/5494/3593 3677/5498/3677 3571/5457/3571
f 3571/5457/3571 3677/5498/3677 3591/5425/3591 3460/5345/3460
f 3677/5498/3677 3587/5500/3587 3468/5499/3468 3591/5425/3591
f 3593/5494/3593 3469/5495/3469 3587/5500/3587 3677/5498/3677
f 3457/5401/3457 3592/5420/3592 3678/5501/3678 3567/5400/3567
f 3567/5399/3567 3678/5502/3678 3594/5493/3594 3458/5398/3458
f 3678/5501/3678 3583/5505/3583 3466/5504/3466 3594/5503/3594
f 3592/5420/3592 3465/5421/3465 3583/5505/3583 3678/5501/3678
f 3470/5506/3470 3620/5509/3620 3679/5508/3679 3595/5507/3595
f 3595/5507/3595 3679/5508/3679 3619/5511/3619 3459/5510/3459
f 3679/5508/3679 3610/5513/3610 3478/5512/3478 3619/5511/3619
f 3620/5509/3620 3479/5514/3479 3610/5513/3610 3679/5508/3679
f 3472/5515/3472 3599/5518/3599 3680/5517/3680 3597/5516/3597
f 3597/5473/3597 3680/5520/3680 3600/5519/3600 3471/5472/3471
f 3680/5517/3680 3612/5523/3612 3480/5522/3480 3600/5521/3600
f 3599/5518/3599 3481/5524/3481 3612/5523/3612 3680/5517/3680
f 3465/5421/3465 3606/5526/3606 3681/5525/3681 3583/5505/3583
f 3583/5505/3583 3681/5525/3681 3605/5527/3605 3466/5504/3466
f 3681/5525/3681 3595/5507/3595 3459/5510/3459 3605/5527/3605
f 3606/5526/3606 3470/5506/3470 3595/5507/3595 3681/5525/3681
f 3468/5431/3468 3588/5529/3588 3682/5528/3682 3586/5429/3586
f 3586/5429/3586 3682/5528/3682 3604/5530/3604 3464/5428/3464
f 3682/5528/3682 3598/5532/3598 3472/5531/3472 3604/5530/3604
f 3588/5529/3588 3473/5533/3473 3598/5532/3598 3682/5528/3682
f 3467/5466/3467 3603/5471/3603 3683/5534/3683 3584/5465/3584
f 3584/5465/3584 3683/5534/3683 3606/5535/3606 3465/5464/3465
f 3683/5534/3683 3596/5537/3596 3470/5536/3470 3606/5535/3606
f 3603/5471/3603 3471/5472/3471 3596/5537/3596 3683/5534/3683
f 3468/5431/3468 3601/5539/3601 3684/5538/3684 3588/5529/3588
f 3588/5529/3588 3684/5538/3684 3602/5540/3602 3473/5533/3473
f 3684/5538/3684 3608/5542/3608 3476/5541/3476 3602/5540/3602
f 3601/5539/3601 3474/5543/3474 3608/5542/3608 3684/5538/3684
f 3475/5481/3475 3617/5546/3617 3685/5545/3685 3607/5544/3607
f 3607/5544/3607 3685/5545/3685 3608/5548/3608 3474/5547/3474
f 3685/5549/3685 3614/5550/3614 3476/5541/3476 3608/5542/3608
f 3617/5546/3617 3482/5552/3482 3614/5551/3614 3685/5545/3685
f 3482/5553/3482 3615/5556/3615 3686/5555/3686 3614/5554/3614
f 3614/5550/3614 3686/5558/3686 3613/5557/3613 3476/5541/3476
f 3686/5555/3686 3612/5523/3612 3481/5524/3481 3613/5559/3613
f 3615/5556/3615 3480/5522/3480 3612/5523/3612 3686/5555/3686
f 3478/5560/3478 3610/5563/3610 3687/5562/3687 3616/5561/3616
f 3616/5561/3616 3687/5562/3687 3615/5556/3615 3482/5553/3482
f 3687/5562/3687 3611/5564/3611 3480/5522/3480 3615/5556/3615
f 3610/5563/3610 3479/5565/3479 3611/5564/3611 3687/5562/3687
f 3477/5483/3477 3618/5567/3618 3688/5566/3688 3609/5482/3609
f 3609/5482/3609 3688/5566/3688 3617/5546/3617 3475/5481/3475
f 3688/5566/3688 3616/5568/3616 3482/5552/3482 3617/5546/3617
f 3618/5569/3618 3478/5512/3478 3616/5571/3616 3688/5570/3688
f 3473/5533/3473 3602/5540/3602 3689/5572/3689 3598/5532/3598
f 3598/5532/3598 3689/5572/3689 3599/5573/3599 3472/5531/3472
f 3689/5572/3689 3613/5557/3613 3481/5574/3481 3599/5573/3599
f 3602/5540/3602 3476/5541/3476 3613/5557/3613 3689/5572/3689
f 3469/5479/3469 3621/5480/3621 3690/5576/3690 3587/5575/3587
f 3587/5575/3587 3690/5576/3690 3601/5578/3601 3468/5577/3468
f 3690/5576/3690 3607/5544/3607 3474/5547/3474 3601/5578/3601
f 3621/5480/3621 3475/5481/3475 3607/5544/3607 3690/5576/3690
f 3471/5472/3471 3600/5519/3600 3691/5579/3691 3596/5537/3596
f 3596/5537/3596 3691/5579/3691 3620/5580/3620 3470/5536/3470
f 3691/5581/3691 3611/5564/3611 3479/5565/3479 3620/5582/3620
f 3600/5521/3600 3480/5522/3480 3611/5564/3611 3691/5581/3691
f 3459/5510/3459 3619/5511/3619 3692/5583/3692 3605/5527/3605
f 3605/5527/3605 3692/5583/3692 3622/5584/3622 3466/5504/3466
f 3692/5583/3692 3618/5569/3618 3477/5585/3477 3622/5584/3622
f 3619/5511/3619 3478/5512/3478 3618/5569/3618 3692/5583/3692
