# Blender 5.0.1
# www.blender.org
mtllib webchairv1.mtl
o Circle
v -0.583949 4.537872 -1.428191
v -0.616934 5.596706 -1.376179
v -0.616934 6.130328 -0.538677
v -0.616934 6.130328 0.496532
v -0.616934 5.596706 1.334034
v -0.583949 4.537872 1.386045
v -0.591933 2.823657 1.474762
v -0.622986 2.396593 0.549692
v -0.622986 2.396593 -0.591838
v -0.591933 2.823657 -1.509637
v -0.583949 4.537872 -1.345124
v -0.616934 5.538586 -1.296183
v -0.616934 6.036287 -0.508122
v -0.616934 6.036287 0.465976
v -0.616934 5.538586 1.254038
v -0.583949 4.537872 1.302979
v -0.583949 3.759614 1.050108
v -0.638116 2.718497 0.515998
v -0.638116 2.718497 -0.558144
v -0.583949 3.759614 -1.092253
v -0.583949 4.537872 -1.188677
v -0.616934 5.429122 -1.145519
v -0.568909 5.874320 -0.350561
v -0.568909 5.874320 0.308415
v -0.616934 5.429122 1.103373
v -0.583949 4.537872 1.146532
v -0.583949 3.851571 0.923539
v -0.638116 3.153353 0.452539
v -0.638116 3.153353 -0.494684
v -0.583949 3.851571 -0.965684
v -0.583949 4.537872 -0.987428
v -0.616934 5.288311 -0.951709
v -0.616934 5.706192 -0.376544
v -0.616934 5.706192 0.334399
v -0.616934 5.288311 0.909563
v -0.583949 4.537872 0.945283
v -0.583949 3.969862 0.760725
v -0.583949 3.618813 0.277548
v -0.583949 3.618813 -0.319693
v -0.583949 3.969862 -0.802871
v -0.583949 4.537872 -0.753680
v -0.616934 5.124760 -0.726600
v -0.616934 5.441561 -0.290560
v -0.616934 5.441561 0.248415
v -0.616934 5.124760 0.684455
v -0.583949 4.537872 0.711534
v -0.583949 4.107256 0.571619
v -0.583949 3.841121 0.205315
v -0.583949 3.841121 -0.247461
v -0.583949 4.107256 -0.613764
v -0.583949 4.537872 -0.503208
v -0.616934 4.949508 -0.485387
v -0.616934 5.157998 -0.198425
v -0.616934 5.157998 0.156279
v -0.616934 4.949508 0.443241
v -0.583949 4.537872 0.461063
v -0.583949 4.254480 0.368983
v -0.583949 4.079334 0.127915
v -0.583949 4.079334 -0.170061
v -0.583949 4.254480 -0.411128
v -0.583949 4.537872 -0.207975
v -0.616934 4.742937 -0.201066
v -0.616934 4.823760 -0.089824
v -0.616934 4.823760 0.047679
v -0.616934 4.742937 0.158921
v -0.583949 4.537872 0.165830
v -0.583949 4.428013 0.130134
v -0.583949 4.360117 0.036683
v -0.583949 4.360117 -0.078829
v -0.583949 4.428013 -0.172280
v -0.583949 4.537872 -0.032495
v -0.583949 4.544586 -0.030314
v -0.583949 4.548735 -0.024602
v -0.583949 4.548735 -0.017543
v -0.583949 4.544586 -0.011832
v -0.583949 4.537872 -0.009650
v -0.583949 4.531158 -0.011832
v -0.583949 4.527009 -0.017543
v -0.583949 4.527009 -0.024602
v -0.583949 4.531158 -0.030314
v -0.626504 2.233204 -1.389656
v -0.638116 3.273728 -0.992643
v -0.583949 3.705338 -0.625944
v -0.616934 5.104435 -1.536128
v -0.616934 5.075375 -1.446690
v -0.616934 4.990704 -1.186099
v -0.616934 6.130328 -0.021073
v -0.616934 6.036287 -0.021073
v -0.568909 5.799995 -0.021073
v -0.616934 5.104435 1.493982
v -0.616934 5.075375 1.404544
v -0.616934 4.990704 1.143954
v -0.626504 2.233204 1.354781
v -0.638116 3.273728 0.950497
v -0.583949 3.705338 0.583799
v -0.616934 4.818276 -0.655420
v -0.616934 4.746331 -0.433997
v -0.583949 4.084564 -0.350420
v -0.583949 4.242794 -0.235459
v -0.583949 4.084564 0.308275
v -0.583949 4.242794 0.193314
v -0.616934 4.818276 0.613274
v -0.616934 4.746331 0.391851
v -0.616934 5.279156 -0.021073
v -0.616934 5.046338 -0.021073
v -0.616934 5.900947 -0.957428
v -0.616934 5.721378 -0.824550
v -0.616934 5.425750 -0.612177
v -0.616934 5.302441 -0.522588
v -0.616934 4.956558 -0.271289
v -0.616934 4.783348 -0.145445
v -0.583949 4.546660 -0.027458
v -0.629834 5.978527 -0.816260
v -0.629834 5.832717 -0.655615
v -0.616934 5.807803 -0.624309
v -0.616934 5.601722 -0.520335
v -0.616934 5.362361 -0.399570
v -0.616934 5.105875 -0.270165
v -0.616934 4.803554 -0.117635
v -0.583949 4.547698 -0.026030
v -0.616934 5.748827 -1.166804
v -0.616934 5.621558 -1.053039
v -0.616934 5.555349 -0.971782
v -0.616934 5.392781 -0.807918
v -0.616934 5.203960 -0.617590
v -0.616934 5.001630 -0.413646
v -0.616934 4.763143 -0.173256
v -0.583949 4.545623 -0.028886
v -0.583949 4.124330 -1.293823
v -0.564385 4.161597 -1.045507
v -0.583949 4.276810 -0.824537
v -0.583949 4.316378 -0.702762
v -0.583949 4.427363 -0.361182
v -0.583949 4.482943 -0.190127
v -0.583949 4.534515 -0.031404
v -0.583949 4.331101 -1.361007
v -0.564385 4.321861 -1.139536
v -0.583949 4.366297 -1.132929
v -0.583949 4.395869 -0.941289
v -0.583949 4.430218 -0.718701
v -0.583949 4.467024 -0.480188
v -0.583949 4.510407 -0.199051
v -0.583949 4.536193 -0.031950
v -0.583949 3.917559 -1.226639
v -0.564385 3.976671 -1.027378
v -0.583949 4.023146 -1.021433
v -0.583949 4.111865 -0.849010
v -0.583949 4.214910 -0.648743
v -0.583949 4.325328 -0.434148
v -0.583949 4.455478 -0.181204
v -0.583949 4.532836 -0.030859
v -0.622986 2.396593 -0.021073
v -0.638116 2.777541 -0.021073
v -0.583949 3.693059 -0.021073
v -0.583949 3.821101 -0.021073
v -0.583949 4.180260 -0.021073
v -0.583949 4.360117 -0.021073
v -0.583949 4.527009 -0.021073
v -0.622986 2.396593 -0.306455
v -0.638116 2.718497 -0.289608
v -0.638116 3.153353 -0.257879
v -0.583949 3.618813 -0.170383
v -0.583949 3.841121 -0.134267
v -0.583949 4.079334 -0.095567
v -0.583949 4.360117 -0.049951
v -0.583949 4.527009 -0.022838
v -0.622986 2.396593 0.264310
v -0.638116 2.718497 0.247463
v -0.638116 3.153353 0.215733
v -0.583949 3.618813 0.128237
v -0.583949 3.841121 0.092121
v -0.583949 4.079334 0.053421
v -0.583949 4.360117 0.007805
v -0.583949 4.527009 -0.019308
v -0.583949 4.124330 1.251678
v -0.564385 4.161597 1.003362
v -0.583949 4.276810 0.782392
v -0.583949 4.316378 0.660617
v -0.583949 4.427363 0.319037
v -0.583949 4.482943 0.147982
v -0.583949 4.534515 -0.010741
v -0.583949 4.331101 1.318861
v -0.564385 4.321861 1.097391
v -0.583949 4.366297 1.090783
v -0.583949 4.395869 0.899143
v -0.583949 4.430218 0.676555
v -0.583949 4.467024 0.438043
v -0.583949 4.510407 0.156906
v -0.583949 4.536193 -0.010196
v -0.583949 3.917559 1.184494
v -0.564385 3.976671 0.985232
v -0.583949 4.023146 0.979287
v -0.583949 4.111865 0.806865
v -0.583949 4.214910 0.606598
v -0.583949 4.325328 0.392003
v -0.583949 4.455478 0.139058
v -0.583949 4.532836 -0.011287
v -0.616934 5.900947 0.915283
v -0.616934 5.713356 0.782404
v -0.616934 5.425750 0.570032
v -0.616934 5.302441 0.480443
v -0.616934 4.956558 0.229144
v -0.616934 4.783348 0.103300
v -0.583949 4.546660 -0.014687
v -0.616934 5.748827 1.124658
v -0.616934 5.613535 1.010893
v -0.616934 5.555349 0.929637
v -0.616934 5.392781 0.765772
v -0.616934 5.203960 0.575445
v -0.616934 5.001630 0.371501
v -0.616934 4.763143 0.131110
v -0.583949 4.545623 -0.013260
v -0.629834 5.978527 0.774114
v -0.629834 5.832717 0.613470
v -0.616934 5.807803 0.582164
v -0.616934 5.601722 0.478190
v -0.616934 5.362361 0.357425
v -0.616934 5.105875 0.228020
v -0.616934 4.803554 0.075489
v -0.583949 4.547698 -0.016115
v -0.237431 4.537872 -1.428191
v -0.204447 5.596706 -1.376179
v -0.204447 6.130328 -0.538677
v -0.204447 6.130328 0.496532
v -0.204447 5.596706 1.334034
v -0.237431 4.537872 1.386045
v -0.199188 2.823657 1.474762
v -0.168135 2.396593 0.549692
v -0.168135 2.396593 -0.591838
v -0.199188 2.823657 -1.509637
v -0.237431 4.537872 -1.345124
v -0.204447 5.538586 -1.296183
v -0.204447 6.036287 -0.508122
v -0.204447 6.036287 0.465976
v -0.204447 5.538586 1.254038
v -0.237431 4.537872 1.302979
v -0.237431 3.759614 1.050108
v -0.183264 2.718497 0.515998
v -0.183264 2.718497 -0.558144
v -0.237431 3.759614 -1.092253
v -0.237431 4.537872 -1.188677
v -0.204447 5.429122 -1.145519
v -0.252472 5.874320 -0.350561
v -0.252472 5.874320 0.308415
v -0.204447 5.429122 1.103373
v -0.237431 4.537872 1.146532
v -0.237431 3.851571 0.923539
v -0.183264 3.153353 0.452539
v -0.183264 3.153353 -0.494684
v -0.237431 3.851571 -0.965684
v -0.237431 4.537872 -0.987428
v -0.204447 5.288311 -0.951709
v -0.204447 5.706192 -0.376544
v -0.204447 5.706192 0.334399
v -0.204447 5.288311 0.909563
v -0.237431 4.537872 0.945283
v -0.237431 3.969862 0.760725
v -0.237431 3.618813 0.277548
v -0.237431 3.618813 -0.319693
v -0.237431 3.969862 -0.802871
v -0.237431 4.537872 -0.753680
v -0.204447 5.124760 -0.726600
v -0.204447 5.441561 -0.290560
v -0.204447 5.441561 0.248415
v -0.204447 5.124760 0.684455
v -0.237431 4.537872 0.711534
v -0.237431 4.107256 0.571619
v -0.237431 3.841121 0.205315
v -0.237431 3.841121 -0.247461
v -0.237431 4.107256 -0.613764
v -0.237431 4.537872 -0.503208
v -0.204446 4.949508 -0.485387
v -0.204447 5.157998 -0.198425
v -0.204447 5.157998 0.156279
v -0.204446 4.949508 0.443241
v -0.237431 4.537872 0.461063
v -0.237431 4.254480 0.368983
v -0.237431 4.079334 0.127915
v -0.237431 4.079334 -0.170061
v -0.237431 4.254480 -0.411128
v -0.237431 4.537872 -0.207975
v -0.204446 4.742937 -0.201066
v -0.204446 4.823760 -0.089824
v -0.204446 4.823760 0.047679
v -0.204446 4.742937 0.158921
v -0.237431 4.537872 0.165830
v -0.237431 4.428013 0.130134
v -0.237431 4.360117 0.036683
v -0.237431 4.360117 -0.078829
v -0.237431 4.428013 -0.172280
v -0.237431 4.537872 -0.032495
v -0.237431 4.544586 -0.030314
v -0.237431 4.548735 -0.024602
v -0.237431 4.548735 -0.017543
v -0.237431 4.544586 -0.011832
v -0.237431 4.537872 -0.009650
v -0.237431 4.531158 -0.011832
v -0.237431 4.527009 -0.017543
v -0.237431 4.527009 -0.024602
v -0.237431 4.531158 -0.030314
v -0.137795 2.233204 -1.389656
v -0.183264 3.273728 -0.992643
v -0.237431 3.705338 -0.625944
v -0.204447 5.104435 -1.536128
v -0.204447 5.075375 -1.446690
v -0.204446 4.990705 -1.186099
v -0.204447 6.130328 -0.021073
v -0.204447 6.036287 -0.021073
v -0.252472 5.799995 -0.021073
v -0.204447 5.104435 1.493982
v -0.204447 5.075375 1.404544
v -0.204446 4.990705 1.143954
v -0.137795 2.233204 1.354781
v -0.183264 3.273728 0.950497
v -0.237431 3.705338 0.583799
v -0.204446 4.818276 -0.655420
v -0.204446 4.746331 -0.433997
v -0.237431 4.084564 -0.350420
v -0.237431 4.242794 -0.235459
v -0.237431 4.084564 0.308275
v -0.237431 4.242794 0.193314
v -0.204446 4.818276 0.613274
v -0.204446 4.746331 0.391851
v -0.204447 5.279156 -0.021073
v -0.204447 5.046338 -0.021073
v -0.204447 5.900947 -0.957428
v -0.204447 5.721378 -0.824550
v -0.204447 5.425750 -0.612177
v -0.204447 5.302441 -0.522588
v -0.204446 4.956558 -0.271289
v -0.204446 4.783349 -0.145445
v -0.237431 4.546660 -0.027458
v -0.178646 5.978527 -0.816260
v -0.204447 5.832979 -0.659008
v -0.204447 5.807803 -0.624309
v -0.204447 5.601722 -0.520335
v -0.204447 5.362361 -0.399570
v -0.204447 5.105875 -0.270165
v -0.204446 4.803554 -0.117635
v -0.237431 4.547698 -0.026030
v -0.204447 5.748827 -1.166804
v -0.204447 5.621558 -1.053039
v -0.204447 5.555349 -0.971782
v -0.204447 5.392781 -0.807918
v -0.204447 5.203960 -0.617590
v -0.204446 5.001631 -0.413646
v -0.204446 4.763143 -0.173256
v -0.237431 4.545623 -0.028886
v -0.237431 4.124330 -1.293823
v -0.256995 4.161597 -1.045507
v -0.237431 4.276810 -0.824537
v -0.237431 4.316378 -0.702762
v -0.237431 4.427363 -0.361182
v -0.237431 4.482943 -0.190127
v -0.237431 4.534515 -0.031404
v -0.237431 4.331101 -1.361007
v -0.256995 4.321861 -1.139536
v -0.237431 4.366297 -1.132929
v -0.237431 4.395869 -0.941289
v -0.237431 4.430218 -0.718701
v -0.237431 4.467024 -0.480188
v -0.237431 4.510407 -0.199051
v -0.237431 4.536193 -0.031950
v -0.237431 3.917559 -1.226639
v -0.256995 3.976671 -1.027378
v -0.237431 4.023146 -1.021433
v -0.237431 4.111865 -0.849010
v -0.237431 4.214910 -0.648743
v -0.237431 4.325328 -0.434148
v -0.237431 4.455478 -0.181204
v -0.237431 4.532836 -0.030859
v -0.168135 2.396593 -0.021073
v -0.183264 2.777541 -0.021073
v -0.237431 3.693059 -0.021073
v -0.237431 3.821101 -0.021073
v -0.237431 4.180260 -0.021073
v -0.237431 4.360117 -0.021073
v -0.237431 4.527009 -0.021073
v -0.168135 2.396593 -0.306455
v -0.183264 2.718497 -0.289608
v -0.183264 3.153353 -0.257879
v -0.237431 3.618813 -0.170383
v -0.237431 3.841121 -0.134267
v -0.237431 4.079334 -0.095567
v -0.237431 4.360117 -0.049951
v -0.237431 4.527009 -0.022838
v -0.168135 2.396593 0.264310
v -0.183264 2.718497 0.247463
v -0.183264 3.153353 0.215733
v -0.237431 3.618813 0.128237
v -0.237431 3.841121 0.092121
v -0.237431 4.079334 0.053421
v -0.237431 4.360117 0.007805
v -0.237431 4.527009 -0.019308
v -0.237431 4.124330 1.251678
v -0.256995 4.161597 1.003362
v -0.237431 4.276810 0.782392
v -0.237431 4.316378 0.660617
v -0.237431 4.427363 0.319037
v -0.237431 4.482943 0.147982
v -0.237431 4.534515 -0.010741
v -0.237431 4.331101 1.318861
v -0.256995 4.321861 1.097391
v -0.237431 4.366297 1.090783
v -0.237431 4.395869 0.899143
v -0.237431 4.430218 0.676555
v -0.237431 4.467024 0.438043
v -0.237431 4.510407 0.156906
v -0.237431 4.536193 -0.010196
v -0.237431 3.917559 1.184494
v -0.256995 3.976671 0.985232
v -0.237431 4.023146 0.979287
v -0.237431 4.111865 0.806865
v -0.237431 4.214910 0.606598
v -0.237431 4.325328 0.392003
v -0.237431 4.455478 0.139058
v -0.237431 4.532836 -0.011287
v -0.204447 5.900947 0.915283
v -0.204447 5.713356 0.782404
v -0.204447 5.425750 0.570032
v -0.204447 5.302441 0.480443
v -0.204446 4.956558 0.229144
v -0.204446 4.783349 0.103300
v -0.237431 4.546660 -0.014687
v -0.204447 5.748827 1.124658
v -0.204447 5.613535 1.010893
v -0.204447 5.555349 0.929637
v -0.204447 5.392781 0.765772
v -0.204447 5.203960 0.575445
v -0.204446 5.001631 0.371501
v -0.204446 4.763143 0.131110
v -0.237431 4.545623 -0.013260
v -0.178646 5.978527 0.774114
v -0.204447 5.824956 0.616862
v -0.204447 5.807803 0.582164
v -0.204447 5.601722 0.478190
v -0.204447 5.362361 0.357425
v -0.204447 5.105875 0.228020
v -0.204446 4.803554 0.075489
v -0.237431 4.547698 -0.016115
vn 0.2929 0.2492 0.9231
vn 0.2595 -0.5677 0.7813
vn 0.2654 -0.9353 0.2340
vn 0.2654 -0.9353 -0.2340
vn 0.2595 -0.5677 -0.7813
vn 0.2929 0.2492 -0.9231
vn 0.2596 -0.0397 -0.9649
vn 0.3200 0.9428 0.0932
vn 0.3202 0.9427 -0.0940
vn 0.2598 -0.0367 0.9650
vn 0.9988 0.0487 -0.0061
vn 1.0000 -0.0000 -0.0000
vn 0.9973 0.0458 -0.0574
vn 0.9973 0.0458 0.0574
vn 0.9988 0.0487 0.0061
vn 0.9986 -0.0484 -0.0224
vn 0.9999 0.0124 0.0006
vn 0.9999 0.0124 -0.0006
vn 0.9986 -0.0484 0.0223
vn 0.5796 -0.5621 -0.5900
vn 0.7334 0.6193 -0.2803
vn 0.5348 0.6942 -0.4817
vn 0.5348 0.6942 0.4817
vn 0.7334 0.6193 0.2803
vn 0.5796 -0.5621 0.5900
vn 0.7553 -0.1208 0.6442
vn 0.8773 -0.4786 0.0351
vn 0.8773 -0.4786 -0.0351
vn 0.7553 -0.1208 -0.6442
vn 0.3043 -0.9526 -0.0000
vn 0.3043 0.7707 0.5599
vn 0.3558 -0.1127 -0.9278
vn 0.3558 -0.1127 0.9278
vn 0.3043 0.7707 -0.5599
vn 0.3030 -0.3342 -0.8925
vn 0.3030 -0.3342 0.8925
vn 0.4798 -0.7044 0.5231
vn 0.3860 0.5097 0.7689
vn 0.3860 -0.5738 -0.7223
vn 0.3860 -0.5738 0.7223
vn 0.3860 0.5097 -0.7689
vn 0.4798 -0.7044 -0.5231
vn 0.3860 0.8888 0.2471
vn 0.3860 0.0396 -0.9216
vn 0.3860 0.0396 0.9216
vn 0.3860 0.8888 -0.2471
vn 0.6631 -0.4058 -0.6290
vn 0.8578 0.4256 -0.2881
vn 0.8578 0.4055 -0.3157
vn 0.8578 0.4055 0.3157
vn 0.8578 0.4256 0.2881
vn 0.6631 -0.4058 0.6290
vn 0.8578 -0.1425 0.4938
vn 0.8578 -0.5137 -0.0171
vn 0.8578 -0.5137 0.0171
vn 0.8578 -0.1425 -0.4938
vn 0.5548 -0.5753 0.6010
vn 0.4330 0.4299 0.7923
vn 0.4918 -0.6886 -0.5329
vn 0.4918 -0.6886 0.5329
vn 0.4330 0.4299 -0.7923
vn 0.5548 -0.5753 -0.6010
vn 0.4838 0.8752 -0.0000
vn 0.4838 0.2705 -0.8324
vn 0.4838 0.2705 0.8324
vn 0.3731 0.0291 -0.9273
vn 0.3599 0.5732 -0.7362
vn 0.3589 0.8874 -0.2893
vn 0.3589 0.8874 0.2893
vn 0.3599 0.5732 0.7362
vn 0.3731 0.0291 0.9273
vn 0.3738 -0.5452 0.7504
vn 0.3738 -0.8821 0.2866
vn 0.3738 -0.8821 -0.2866
vn 0.3738 -0.5452 -0.7504
vn 0.2205 0.8108 0.5422
vn 0.9975 -0.0484 0.0510
vn 0.2383 -0.6307 -0.7385
vn 0.2682 -0.0553 0.9618
vn 0.9995 0.0319 0.0058
vn 0.3147 0.0593 -0.9473
vn 0.9923 0.1239 -0.0000
vn 0.2535 0.9673 -0.0000
vn 0.2682 -0.0553 -0.9618
vn 0.9995 0.0319 -0.0058
vn 0.3147 0.0593 0.9473
vn 0.2206 0.8103 -0.5429
vn 0.9976 -0.0484 -0.0502
vn 0.2383 -0.6307 0.7385
vn 0.3680 -0.0271 0.9294
vn 0.2672 0.0516 -0.9623
vn 0.4484 0.7231 0.5254
vn 0.2356 -0.7862 -0.5712
vn 0.4484 0.7231 -0.5254
vn 0.2356 -0.7862 0.5712
vn 0.3680 -0.0271 -0.9294
vn 0.2672 0.0516 0.9623
vn 0.4484 -0.8938 -0.0000
vn 0.2356 0.9718 -0.0000
vn 0.2919 -0.8025 0.5204
vn 0.2866 0.8458 -0.4500
vn 0.6775 -0.5950 0.4323
vn 0.2127 0.7905 -0.5743
vn 0.6512 -0.6140 0.4461
vn 0.9980 0.0510 -0.0371
vn 0.2933 0.7734 -0.5619
vn 0.3081 -0.8306 0.4639
vn 0.4855 0.8740 -0.0187
vn 0.4185 0.4572 0.7847
vn 0.9382 0.3320 -0.0982
vn 0.3043 0.4291 0.8505
vn 0.3538 0.2131 0.9107
vn 0.3043 -0.7707 0.5599
vn 0.7116 0.0952 -0.6961
vn 0.3378 -0.8192 -0.4634
vn 0.9290 0.1915 -0.3166
vn 0.3043 -0.6763 -0.6709
vn 0.3538 -0.8003 -0.4841
vn 0.3120 0.2933 0.9037
vn 0.2653 -0.2977 -0.9170
vn 0.6775 0.2273 0.6995
vn 0.2127 -0.3019 -0.9293
vn 0.6512 0.2345 0.7218
vn 0.3043 -0.2944 -0.9060
vn 0.3105 0.2972 0.9029
vn 0.3627 -0.1588 -0.9183
vn 0.6055 0.7124 -0.3548
vn 0.9290 0.0311 -0.3687
vn 0.3043 0.9414 -0.1453
vn 0.3538 0.9320 0.0787
vn 0.3712 0.0224 0.9283
vn 0.9625 -0.2321 0.1405
vn 0.2749 -0.3781 0.8840
vn 0.9290 -0.2419 -0.2799
vn 0.3043 -0.8470 0.4358
vn 0.3538 -0.7077 0.6115
vn 0.3005 0.9538 -0.0000
vn 0.2745 -0.9616 -0.0000
vn 0.8423 0.5391 -0.0000
vn 0.2084 -0.9781 -0.0000
vn 0.6512 0.7589 -0.0000
vn 0.3003 0.9538 -0.0007
vn 0.6548 -0.5623 -0.5050
vn 0.3427 0.2039 -0.9170
vn 0.9085 -0.4003 -0.1199
vn 0.3043 0.1528 -0.9403
vn 0.3538 0.3629 -0.8620
vn 0.3003 0.9538 0.0007
vn 0.6548 -0.5623 0.5050
vn 0.3427 0.2039 0.9170
vn 0.9085 -0.4003 0.1199
vn 0.3043 0.1528 0.9403
vn 0.3538 0.3629 0.8620
vn 0.3120 0.2933 -0.9037
vn 0.2653 -0.2977 0.9170
vn 0.6775 0.2273 -0.6995
vn 0.2127 -0.3019 0.9293
vn 0.6512 0.2345 -0.7218
vn 0.3043 -0.2944 0.9060
vn 0.3105 0.2972 -0.9029
vn 0.3627 -0.1588 0.9183
vn 0.6055 0.7124 0.3548
vn 0.9290 0.0311 0.3687
vn 0.3043 0.9414 0.1453
vn 0.3538 0.9320 -0.0787
vn 0.3721 0.0194 -0.9280
vn 0.9625 -0.2321 -0.1406
vn 0.2749 -0.3781 -0.8840
vn 0.9290 -0.2419 0.2799
vn 0.3043 -0.8470 -0.4358
vn 0.3538 -0.7077 -0.6115
vn 0.2919 -0.8025 -0.5204
vn 0.2875 0.8416 0.4571
vn 0.6775 -0.5950 -0.4323
vn 0.2127 0.7905 0.5743
vn 0.6512 -0.6140 -0.4461
vn 0.9980 0.0510 0.0371
vn 0.2933 0.7734 0.5619
vn 0.3043 -0.7707 -0.5599
vn 0.7339 0.0710 0.6755
vn 0.3310 -0.8354 0.4388
vn 0.9290 0.1915 0.3166
vn 0.3043 -0.6763 0.6709
vn 0.3538 -0.8003 0.4841
vn 0.3080 -0.8307 -0.4638
vn 0.4938 0.8675 0.0608
vn 0.4292 0.4902 -0.7586
vn 0.9382 0.3320 0.0982
vn 0.3043 0.4291 -0.8505
vn 0.3538 0.2131 -0.9107
vn -0.2929 0.2492 0.9231
vn -0.2595 -0.5677 0.7813
vn -0.2671 -0.9359 0.2299
vn -0.2670 -0.9359 -0.2299
vn -0.2595 -0.5677 -0.7813
vn -0.2929 0.2492 -0.9231
vn -0.2611 -0.0463 -0.9642
vn -0.3257 0.9399 0.1025
vn -0.3259 0.9397 -0.1033
vn -0.2614 -0.0434 0.9643
vn -0.9988 0.0487 -0.0061
vn -1.0000 -0.0000 -0.0000
vn -0.9958 0.0634 -0.0659
vn -0.9958 0.0632 0.0661
vn -0.9988 0.0487 0.0061
vn -0.9982 -0.0599 -0.0094
vn -0.9994 -0.0322 0.0149
vn -0.9994 -0.0323 -0.0150
vn -0.9982 -0.0599 0.0093
vn -0.5796 -0.5621 -0.5900
vn -0.7334 0.6193 -0.2803
vn -0.5374 0.6945 -0.4784
vn -0.5373 0.6945 0.4786
vn -0.7334 0.6193 0.2803
vn -0.5796 -0.5621 0.5900
vn -0.7553 -0.1208 0.6442
vn -0.8773 -0.4786 0.0351
vn -0.8773 -0.4786 -0.0351
vn -0.7553 -0.1208 -0.6442
vn -0.3043 -0.9526 -0.0000
vn -0.3043 0.7707 0.5599
vn -0.3558 -0.1127 -0.9278
vn -0.3558 -0.1127 0.9278
vn -0.3043 0.7707 -0.5599
vn -0.3030 -0.3342 -0.8925
vn -0.3030 -0.3342 0.8925
vn -0.4798 -0.7044 0.5231
vn -0.3860 0.5097 0.7689
vn -0.3860 -0.5738 -0.7223
vn -0.3860 -0.5738 0.7223
vn -0.3860 0.5097 -0.7689
vn -0.4798 -0.7044 -0.5231
vn -0.3860 0.8888 0.2471
vn -0.3860 0.0396 -0.9216
vn -0.3860 0.0396 0.9216
vn -0.3860 0.8888 -0.2471
vn -0.6631 -0.4058 -0.6290
vn -0.8578 0.4256 -0.2881
vn -0.8578 0.4055 -0.3157
vn -0.8578 0.4055 0.3157
vn -0.8578 0.4256 0.2881
vn -0.6631 -0.4058 0.6290
vn -0.8578 -0.1425 0.4938
vn -0.8578 -0.5137 -0.0171
vn -0.8578 -0.5137 0.0171
vn -0.8578 -0.1425 -0.4938
vn -0.5548 -0.5753 0.6010
vn -0.4330 0.4299 0.7923
vn -0.4918 -0.6886 -0.5329
vn -0.4918 -0.6886 0.5329
vn -0.4330 0.4299 -0.7923
vn -0.5548 -0.5753 -0.6010
vn -0.4838 0.8752 -0.0000
vn -0.4838 0.2705 -0.8324
vn -0.4838 0.2705 0.8324
vn -0.3731 0.0291 -0.9273
vn -0.3599 0.5732 -0.7362
vn -0.3589 0.8874 -0.2893
vn -0.3589 0.8874 0.2893
vn -0.3599 0.5732 0.7362
vn -0.3731 0.0291 0.9273
vn -0.3738 -0.5452 0.7504
vn -0.3738 -0.8821 0.2866
vn -0.3738 -0.8821 -0.2866
vn -0.3738 -0.5452 -0.7504
vn -0.2249 0.8112 0.5397
vn -0.9971 -0.0696 0.0320
vn -0.2383 -0.6307 -0.7385
vn -0.2682 -0.0553 0.9618
vn -0.9995 0.0319 0.0058
vn -0.3147 0.0593 -0.9473
vn -0.9923 0.1239 -0.0000
vn -0.2535 0.9673 -0.0000
vn -0.2682 -0.0553 -0.9618
vn -0.9995 0.0319 -0.0058
vn -0.3147 0.0593 0.9473
vn -0.2250 0.8107 -0.5405
vn -0.9971 -0.0697 -0.0314
vn -0.2383 -0.6307 0.7385
vn -0.3680 -0.0271 0.9294
vn -0.2672 0.0516 -0.9623
vn -0.4484 0.7231 0.5254
vn -0.2356 -0.7862 -0.5712
vn -0.4484 0.7231 -0.5254
vn -0.2356 -0.7862 0.5712
vn -0.3680 -0.0271 -0.9294
vn -0.2672 0.0516 0.9623
vn -0.4484 -0.8938 -0.0000
vn -0.2356 0.9718 -0.0000
vn -0.2921 -0.8026 0.5201
vn -0.2869 0.8457 -0.4499
vn -0.6775 -0.5950 0.4323
vn -0.2127 0.7905 -0.5743
vn -0.6512 -0.6140 0.4461
vn -0.9980 0.0510 -0.0371
vn -0.2933 0.7734 -0.5619
vn -0.3177 -0.8290 0.4603
vn -0.4638 0.8857 -0.0205
vn -0.4299 0.4345 0.7915
vn -0.9382 0.3320 -0.0982
vn -0.3043 0.4291 0.8505
vn -0.3538 0.2131 0.9107
vn -0.3043 -0.7707 0.5599
vn -0.7116 0.0952 -0.6961
vn -0.3378 -0.8192 -0.4634
vn -0.9290 0.1915 -0.3166
vn -0.3043 -0.6763 -0.6709
vn -0.3538 -0.8003 -0.4841
vn -0.3120 0.2933 0.9037
vn -0.2653 -0.2977 -0.9170
vn -0.6775 0.2273 0.6995
vn -0.2127 -0.3019 -0.9293
vn -0.6512 0.2345 0.7218
vn -0.3043 -0.2944 -0.9060
vn -0.3105 0.2972 0.9029
vn -0.3627 -0.1588 -0.9183
vn -0.6055 0.7124 -0.3548
vn -0.9290 0.0311 -0.3687
vn -0.3043 0.9414 -0.1453
vn -0.3538 0.9320 0.0787
vn -0.3719 0.0180 0.9281
vn -0.9623 -0.2350 0.1370
vn -0.2749 -0.3781 0.8840
vn -0.9290 -0.2419 -0.2799
vn -0.3043 -0.8470 0.4358
vn -0.3538 -0.7077 0.6115
vn -0.3081 0.9514 -0.0000
vn -0.2683 -0.9633 -0.0000
vn -0.8423 0.5391 -0.0000
vn -0.2084 -0.9781 -0.0000
vn -0.6512 0.7589 -0.0000
vn -0.3083 0.9513 0.0007
vn -0.6410 -0.5890 -0.4922
vn -0.3427 0.2039 -0.9170
vn -0.9085 -0.4003 -0.1199
vn -0.3043 0.1528 -0.9403
vn -0.3538 0.3629 -0.8620
vn -0.3083 0.9513 -0.0007
vn -0.6410 -0.5890 0.4922
vn -0.3427 0.2039 0.9170
vn -0.9085 -0.4003 0.1199
vn -0.3043 0.1528 0.9403
vn -0.3538 0.3629 0.8620
vn -0.3120 0.2933 -0.9037
vn -0.2653 -0.2977 0.9170
vn -0.6775 0.2273 -0.6995
vn -0.2127 -0.3019 0.9293
vn -0.6512 0.2345 -0.7218
vn -0.3043 -0.2944 0.9060
vn -0.3105 0.2972 -0.9029
vn -0.3627 -0.1588 0.9183
vn -0.6055 0.7124 0.3548
vn -0.9290 0.0311 0.3687
vn -0.3043 0.9414 0.1453
vn -0.3538 0.9320 -0.0787
vn -0.3727 0.0150 -0.9278
vn -0.9623 -0.2350 -0.1371
vn -0.2749 -0.3781 -0.8840
vn -0.9290 -0.2419 0.2799
vn -0.3043 -0.8470 -0.4358
vn -0.3538 -0.7077 -0.6115
vn -0.2920 -0.8026 -0.5202
vn -0.2839 0.8428 0.4572
vn -0.6775 -0.5950 -0.4323
vn -0.2127 0.7905 0.5743
vn -0.6512 -0.6140 -0.4461
vn -0.9980 0.0510 0.0371
vn -0.2933 0.7734 0.5619
vn -0.3043 -0.7707 -0.5599
vn -0.7339 0.0710 0.6755
vn -0.3310 -0.8354 0.4388
vn -0.9290 0.1915 0.3166
vn -0.3043 -0.6763 0.6709
vn -0.3538 -0.8003 0.4841
vn -0.3175 -0.8292 -0.4600
vn -0.4290 0.9013 0.0605
vn -0.4493 0.4669 -0.7617
vn -0.9382 0.3320 0.0982
vn -0.3043 0.4291 -0.8505
vn -0.3538 0.2131 -0.9107
vt 0.217365 0.371181
vt 0.222082 0.369648
vt 0.230021 0.394080
vt 0.225801 0.397145
vt 0.357706 0.405169
vt 0.351706 0.398456
vt 0.364530 0.394080
vt 0.368749 0.397145
vt 0.369460 0.226509
vt 0.348520 0.274624
vt 0.325603 0.245338
vt 0.327380 0.235126
vt 0.226602 0.330390
vt 0.238283 0.329902
vt 0.227439 0.341296
vt 0.223058 0.341296
vt 0.297275 0.425291
vt 0.297275 0.420331
vt 0.322964 0.420330
vt 0.324576 0.425291
vt 0.360862 0.308579
vt 0.350352 0.311695
vt 0.353774 0.300248
vt 0.375789 0.250882
vt 0.224707 0.226663
vt 0.246031 0.274624
vt 0.240777 0.300248
vt 0.218379 0.250882
vt 0.255334 0.417285
vt 0.263807 0.409594
vt 0.271586 0.420331
vt 0.269975 0.425291
vt 0.377186 0.371181
vt 0.372468 0.369648
vt 0.367111 0.341296
vt 0.371493 0.341296
vt 0.282223 0.228359
vt 0.283112 0.245338
vt 0.268948 0.245338
vt 0.267171 0.235280
vt 0.329179 0.297385
vt 0.322256 0.268275
vt 0.238631 0.332247
vt 0.235691 0.341296
vt 0.297275 0.407865
vt 0.314654 0.411785
vt 0.350039 0.314148
vt 0.347098 0.305098
vt 0.265372 0.297385
vt 0.247453 0.305098
vt 0.265458 0.408279
vt 0.279897 0.411785
vt 0.358724 0.365182
vt 0.358860 0.341296
vt 0.284785 0.268275
vt 0.272295 0.268275
vt 0.235827 0.365182
vt 0.237967 0.388306
vt 0.347420 0.394964
vt 0.356583 0.388306
vt 0.248739 0.333807
vt 0.246306 0.341296
vt 0.340944 0.318827
vt 0.338511 0.311337
vt 0.270942 0.397410
vt 0.278526 0.402920
vt 0.289400 0.292821
vt 0.281525 0.292821
vt 0.338777 0.386389
vt 0.346361 0.380879
vt 0.330381 0.324262
vt 0.328536 0.318584
vt 0.277312 0.384785
vt 0.283061 0.388962
vt 0.291305 0.304547
vt 0.285335 0.304547
vt 0.328738 0.376430
vt 0.334488 0.372253
vt 0.260479 0.335618
vt 0.258635 0.341296
vt 0.279904 0.317387
vt 0.285968 0.325733
vt 0.276702 0.326349
vt 0.266014 0.318584
vt 0.284137 0.371257
vt 0.287921 0.374006
vt 0.330734 0.356088
vt 0.319055 0.352293
vt 0.322705 0.341296
vt 0.335916 0.341296
vt 0.293346 0.317111
vt 0.289417 0.317111
vt 0.263817 0.356088
vt 0.275496 0.352293
vt 0.272785 0.363010
vt 0.260063 0.372253
vt 0.317981 0.365759
vt 0.321765 0.363010
vt 0.314647 0.317387
vt 0.308583 0.325733
vt 0.305134 0.317111
vt 0.309216 0.304547
vt 0.273060 0.337559
vt 0.271845 0.341296
vt 0.297275 0.380396
vt 0.297275 0.368117
vt 0.306630 0.374006
vt 0.311489 0.388962
vt 0.319063 0.330086
vt 0.317849 0.326349
vt 0.292182 0.355311
vt 0.293649 0.356377
vt 0.295752 0.331921
vt 0.294229 0.331921
vt 0.305302 0.353180
vt 0.306769 0.352114
vt 0.287888 0.339848
vt 0.287417 0.341296
vt 0.305721 0.336950
vt 0.305251 0.335502
vt 0.297763 0.341650
vt 0.297878 0.341296
vt 0.307133 0.341296
vt 0.297182 0.340723
vt 0.297089 0.340723
vt 0.296673 0.341296
vt 0.296788 0.341650
vt 0.287782 0.352114
vt 0.297687 0.341705
vt 0.297763 0.340942
vt 0.297462 0.340723
vt 0.300322 0.331921
vt 0.296702 0.341208
vt 0.297089 0.341869
vt 0.297462 0.341869
vt 0.300902 0.356377
vt 0.297792 0.341031
vt 0.296788 0.340942
vt 0.289300 0.335502
vt 0.297014 0.341815
vt 0.302368 0.355311
vt 0.297537 0.341815
vt 0.297612 0.341760
vt 0.303835 0.354246
vt 0.310414 0.371257
vt 0.310473 0.363381
vt 0.329093 0.408279
vt 0.323609 0.397410
vt 0.323727 0.381625
vt 0.328453 0.388128
vt 0.339217 0.417285
vt 0.330744 0.409594
vt 0.339654 0.403721
vt 0.346663 0.413192
vt 0.316024 0.402920
vt 0.317239 0.384785
vt 0.306663 0.339848
vt 0.297849 0.341208
vt 0.297820 0.341119
vt 0.306192 0.338399
vt 0.321491 0.337559
vt 0.315214 0.335468
vt 0.355919 0.332247
vt 0.345811 0.333806
vt 0.333231 0.329614
vt 0.339653 0.327527
vt 0.367949 0.330390
vt 0.356268 0.329902
vt 0.351308 0.321449
vt 0.364406 0.319484
vt 0.348245 0.341296
vt 0.334071 0.335618
vt 0.298799 0.331921
vt 0.297368 0.340723
vt 0.297275 0.340723
vt 0.297275 0.331921
vt 0.301204 0.317111
vt 0.297275 0.322434
vt 0.309765 0.268275
vt 0.305151 0.292821
vt 0.297275 0.303491
vt 0.297275 0.296738
vt 0.312328 0.235126
vt 0.311439 0.245338
vt 0.297275 0.248453
vt 0.297275 0.235126
vt 0.313026 0.292821
vt 0.303246 0.304547
vt 0.288829 0.336950
vt 0.296759 0.341031
vt 0.296730 0.341119
vt 0.288359 0.338399
vt 0.275488 0.330086
vt 0.279337 0.335468
vt 0.244512 0.314148
vt 0.253606 0.318827
vt 0.261320 0.329614
vt 0.254897 0.327527
vt 0.233689 0.308579
vt 0.244199 0.311695
vt 0.243242 0.321449
vt 0.230145 0.319484
vt 0.256040 0.311337
vt 0.264169 0.324262
vt 0.289249 0.353180
vt 0.296863 0.341705
vt 0.296939 0.341760
vt 0.290715 0.354246
vt 0.276569 0.365759
vt 0.284078 0.363381
vt 0.247131 0.394964
vt 0.255774 0.386389
vt 0.270823 0.381625
vt 0.266098 0.388128
vt 0.236845 0.405169
vt 0.242845 0.398033
vt 0.254897 0.403298
vt 0.247888 0.413192
vt 0.248190 0.380879
vt 0.265812 0.376430
vt 0.005687 0.288628
vt 0.014123 0.262663
vt 0.018343 0.265729
vt 0.010404 0.290160
vt 0.146028 0.254640
vt 0.157071 0.262663
vt 0.152852 0.265729
vt 0.140028 0.261352
vt 0.157782 0.434221
vt 0.115702 0.425604
vt 0.113925 0.414471
vt 0.136842 0.385186
vt 0.014924 0.329418
vt 0.011380 0.318512
vt 0.015761 0.318512
vt 0.026605 0.329906
vt 0.085597 0.234518
vt 0.112898 0.234518
vt 0.111286 0.239478
vt 0.085597 0.239478
vt 0.149184 0.351230
vt 0.164111 0.408925
vt 0.142096 0.359560
vt 0.138674 0.348113
vt 0.013029 0.440065
vt 0.006701 0.408925
vt 0.029099 0.359560
vt 0.034353 0.385186
vt 0.043656 0.242523
vt 0.058297 0.234518
vt 0.059908 0.239478
vt 0.051950 0.250624
vt 0.165508 0.288628
vt 0.159815 0.318512
vt 0.155433 0.318512
vt 0.160790 0.290160
vt 0.070545 0.431449
vt 0.055493 0.431449
vt 0.057270 0.414471
vt 0.071434 0.414471
vt 0.110578 0.391535
vt 0.117501 0.362423
vt 0.024013 0.318512
vt 0.026953 0.327561
vt 0.102976 0.248023
vt 0.085597 0.251943
vt 0.135420 0.354710
vt 0.138361 0.345661
vt 0.035775 0.354710
vt 0.053694 0.362423
vt 0.068219 0.248023
vt 0.053780 0.251529
vt 0.147182 0.318512
vt 0.147046 0.294626
vt 0.060617 0.391535
vt 0.073107 0.391535
vt 0.026289 0.271502
vt 0.024149 0.294626
vt 0.144905 0.271502
vt 0.135742 0.264845
vt 0.034628 0.318512
vt 0.037061 0.326002
vt 0.126833 0.348471
vt 0.129266 0.340981
vt 0.066848 0.256888
vt 0.059264 0.262399
vt 0.069847 0.366987
vt 0.077722 0.366987
vt 0.134683 0.278929
vt 0.127099 0.273419
vt 0.116858 0.341224
vt 0.118703 0.335546
vt 0.071383 0.270846
vt 0.065634 0.275024
vt 0.073657 0.355261
vt 0.079627 0.355261
vt 0.122810 0.287556
vt 0.117060 0.283378
vt 0.046957 0.318512
vt 0.048801 0.324190
vt 0.068226 0.342421
vt 0.054336 0.341224
vt 0.065024 0.333459
vt 0.074290 0.334076
vt 0.076243 0.285802
vt 0.072459 0.288552
vt 0.119056 0.303721
vt 0.124238 0.318512
vt 0.111027 0.318512
vt 0.107377 0.307515
vt 0.077739 0.342697
vt 0.081668 0.342697
vt 0.052139 0.303721
vt 0.048385 0.287556
vt 0.061107 0.296799
vt 0.063818 0.307515
vt 0.110087 0.296799
vt 0.106303 0.294050
vt 0.102969 0.342421
vt 0.097538 0.355261
vt 0.093456 0.342697
vt 0.096905 0.334076
vt 0.060167 0.318512
vt 0.061382 0.322249
vt 0.085597 0.279412
vt 0.099811 0.270846
vt 0.094952 0.285802
vt 0.085597 0.291692
vt 0.106171 0.333459
vt 0.107385 0.329722
vt 0.081971 0.303432
vt 0.080504 0.304497
vt 0.082551 0.327887
vt 0.084074 0.327887
vt 0.095091 0.307694
vt 0.093624 0.306629
vt 0.075739 0.318512
vt 0.076210 0.319961
vt 0.093573 0.324306
vt 0.094043 0.322858
vt 0.095455 0.318512
vt 0.086200 0.318512
vt 0.086085 0.318158
vt 0.085411 0.319085
vt 0.085504 0.319085
vt 0.076104 0.307694
vt 0.085110 0.318158
vt 0.084995 0.318512
vt 0.086009 0.318103
vt 0.088644 0.327887
vt 0.085784 0.319085
vt 0.086085 0.318866
vt 0.085024 0.318600
vt 0.089224 0.303432
vt 0.085784 0.317939
vt 0.085411 0.317939
vt 0.086114 0.318778
vt 0.077622 0.324306
vt 0.085110 0.318866
vt 0.085336 0.317994
vt 0.090690 0.304497
vt 0.092157 0.305563
vt 0.085934 0.318048
vt 0.085859 0.317994
vt 0.098736 0.288552
vt 0.098795 0.296427
vt 0.117415 0.251529
vt 0.116775 0.271680
vt 0.112049 0.278184
vt 0.111931 0.262399
vt 0.127539 0.242523
vt 0.134985 0.246616
vt 0.127976 0.256087
vt 0.119245 0.250201
vt 0.104346 0.256888
vt 0.105561 0.275024
vt 0.094985 0.319961
vt 0.094514 0.321409
vt 0.086142 0.318689
vt 0.086171 0.318600
vt 0.109813 0.322249
vt 0.103536 0.324341
vt 0.144241 0.327561
vt 0.127975 0.332281
vt 0.121553 0.330194
vt 0.134133 0.326002
vt 0.156271 0.329418
vt 0.152728 0.340324
vt 0.139630 0.338359
vt 0.144590 0.329906
vt 0.136567 0.318512
vt 0.122393 0.324190
vt 0.087120 0.327887
vt 0.085597 0.327887
vt 0.085597 0.319085
vt 0.085690 0.319085
vt 0.089526 0.342697
vt 0.085597 0.337374
vt 0.098087 0.391535
vt 0.085597 0.363071
vt 0.085597 0.356317
vt 0.093473 0.366987
vt 0.100650 0.428988
vt 0.085597 0.428988
vt 0.085597 0.411356
vt 0.099761 0.414471
vt 0.101348 0.366987
vt 0.091568 0.355261
vt 0.077151 0.322858
vt 0.076681 0.321409
vt 0.085052 0.318689
vt 0.085081 0.318778
vt 0.063810 0.329722
vt 0.067659 0.324341
vt 0.032834 0.345661
vt 0.043219 0.332281
vt 0.049642 0.330194
vt 0.041928 0.340981
vt 0.022011 0.351230
vt 0.018467 0.340324
vt 0.031564 0.338359
vt 0.032521 0.348113
vt 0.044362 0.348471
vt 0.052491 0.335546
vt 0.077571 0.306629
vt 0.079037 0.305563
vt 0.085261 0.318048
vt 0.085185 0.318103
vt 0.064891 0.294050
vt 0.072400 0.296427
vt 0.035453 0.264845
vt 0.054420 0.271680
vt 0.059145 0.278184
vt 0.044096 0.273419
vt 0.025167 0.254640
vt 0.036210 0.246616
vt 0.043219 0.256511
vt 0.031167 0.261776
vt 0.036512 0.278929
vt 0.054134 0.283378
vt 0.503830 0.666179
vt 0.503830 0.678696
vt 0.496881 0.678696
vt 0.496881 0.666179
vt 0.635589 0.770039
vt 0.635595 0.757641
vt 0.641433 0.757638
vt 0.641427 0.770036
vt 0.773234 0.390991
vt 0.773234 0.374830
vt 0.779072 0.374828
vt 0.779072 0.390988
vt 0.177464 0.380883
vt 0.177598 0.322940
vt 0.183436 0.322940
vt 0.184081 0.380883
vt 0.636502 0.671921
vt 0.636502 0.659171
vt 0.642339 0.659171
vt 0.642339 0.671921
vt 0.659865 0.243846
vt 0.659865 0.231097
vt 0.665703 0.231097
vt 0.665703 0.243846
vt 0.756374 0.413921
vt 0.756022 0.413921
vt 0.756022 0.408083
vt 0.756374 0.408083
vt 0.779072 0.402364
vt 0.779072 0.414945
vt 0.773234 0.414945
vt 0.773234 0.402364
vt 0.331146 0.801841
vt 0.331146 0.810518
vt 0.325308 0.810518
vt 0.325308 0.801841
vt 0.723026 0.316023
vt 0.722806 0.314344
vt 0.729973 0.314169
vt 0.729976 0.316018
vt 0.665694 0.582135
vt 0.665617 0.582135
vt 0.665617 0.576297
vt 0.665694 0.576297
vt 0.641430 0.707690
vt 0.641427 0.713921
vt 0.635589 0.713920
vt 0.635592 0.707690
vt 0.726325 0.374828
vt 0.726325 0.388859
vt 0.719376 0.388859
vt 0.719376 0.374828
vt 0.665388 0.582135
vt 0.665015 0.582135
vt 0.665015 0.576297
vt 0.665388 0.576297
vt 0.728644 0.342277
vt 0.728644 0.356308
vt 0.721695 0.356308
vt 0.721695 0.342277
vt 0.521597 0.644890
vt 0.522153 0.659764
vt 0.515204 0.659764
vt 0.515760 0.644890
vt 0.664941 0.582135
vt 0.664941 0.576297
vt 0.756552 0.413921
vt 0.756463 0.413921
vt 0.756463 0.408083
vt 0.756552 0.408083
vt 0.702154 0.239820
vt 0.702158 0.249948
vt 0.696320 0.249945
vt 0.696316 0.239817
vt 0.744648 0.385587
vt 0.744093 0.396521
vt 0.738255 0.396521
vt 0.737699 0.385587
vt 0.625922 0.227020
vt 0.625829 0.227020
vt 0.625829 0.221182
vt 0.625922 0.221182
vt 0.665427 0.599347
vt 0.665075 0.599347
vt 0.665075 0.593509
vt 0.665427 0.593509
vt 0.747187 0.293631
vt 0.747187 0.305960
vt 0.741349 0.305960
vt 0.741349 0.293631
vt 0.664986 0.599347
vt 0.664986 0.593509
vt 0.702156 0.393098
vt 0.702161 0.383282
vt 0.707999 0.383279
vt 0.707994 0.393095
vt 0.711433 0.293631
vt 0.711433 0.307845
vt 0.704483 0.307845
vt 0.704483 0.293631
vt 0.639916 0.282258
vt 0.639916 0.259352
vt 0.647579 0.259352
vt 0.647579 0.282258
vt 0.626503 0.227020
vt 0.626201 0.227020
vt 0.626201 0.221182
vt 0.626503 0.221182
vt 0.664808 0.599347
vt 0.664719 0.599347
vt 0.664719 0.593509
vt 0.664808 0.593509
vt 0.659865 0.255633
vt 0.665703 0.255633
vt 0.552236 0.227738
vt 0.552228 0.218259
vt 0.559178 0.218259
vt 0.559185 0.227738
vt 0.626108 0.227020
vt 0.626108 0.221182
vt 0.737693 0.231103
vt 0.737693 0.243159
vt 0.730743 0.243153
vt 0.730743 0.231097
vt 0.719370 0.231097
vt 0.719370 0.242789
vt 0.713532 0.242789
vt 0.713532 0.231097
vt 0.684383 0.231097
vt 0.684938 0.254976
vt 0.677989 0.254976
vt 0.678545 0.231097
vt 0.625528 0.227020
vt 0.625528 0.221182
vt 0.197206 0.356026
vt 0.197206 0.345180
vt 0.203043 0.345180
vt 0.203043 0.356026
vt 0.203266 0.763351
vt 0.203596 0.765807
vt 0.197758 0.765807
vt 0.198087 0.763351
vt 0.654626 0.732417
vt 0.654626 0.720732
vt 0.661575 0.720726
vt 0.661575 0.732410
vt 0.372253 0.550080
vt 0.372036 0.557526
vt 0.365087 0.557526
vt 0.364652 0.550080
vt 0.719370 0.255318
vt 0.713532 0.255318
vt 0.756730 0.413921
vt 0.756641 0.413921
vt 0.756641 0.408083
vt 0.756730 0.408083
vt 0.636502 0.647385
vt 0.642339 0.647385
vt 0.204707 0.709808
vt 0.204927 0.718843
vt 0.197760 0.718661
vt 0.197758 0.709805
vt 0.685447 0.409577
vt 0.685452 0.392287
vt 0.690783 0.392287
vt 0.690778 0.409577
vt 0.761860 0.374828
vt 0.761860 0.385391
vt 0.756022 0.385391
vt 0.756022 0.374828
vt 0.745856 0.344048
vt 0.745856 0.356377
vt 0.740018 0.356377
vt 0.740018 0.344048
vt 0.522153 0.729167
vt 0.522153 0.749305
vt 0.515204 0.749305
vt 0.515204 0.729167
vt 0.761860 0.396709
vt 0.756022 0.396709
vt 0.503274 0.724697
vt 0.503830 0.735630
vt 0.496881 0.735630
vt 0.497437 0.724697
vt 0.577508 0.221182
vt 0.577508 0.236964
vt 0.570559 0.236964
vt 0.570559 0.221182
vt 0.197806 0.509031
vt 0.197806 0.493982
vt 0.205469 0.493982
vt 0.205469 0.509030
vt 0.661575 0.622686
vt 0.661575 0.645772
vt 0.654626 0.645772
vt 0.654626 0.622686
vt 0.485507 0.670823
vt 0.485507 0.678698
vt 0.478558 0.678698
vt 0.478558 0.670823
vt 0.662289 0.681024
vt 0.662289 0.695188
vt 0.654626 0.695188
vt 0.654626 0.681024
vt 0.552228 0.236964
vt 0.559178 0.236963
vt 0.198670 0.643921
vt 0.197758 0.615664
vt 0.205421 0.615664
vt 0.204508 0.643921
vt 0.366680 0.742882
vt 0.366680 0.760802
vt 0.360842 0.760802
vt 0.360842 0.742882
vt 0.372036 0.447708
vt 0.372036 0.458751
vt 0.365087 0.458751
vt 0.365087 0.447708
vt 0.665541 0.582135
vt 0.665464 0.582135
vt 0.665464 0.576297
vt 0.665541 0.576297
vt 0.796283 0.401088
vt 0.796283 0.411887
vt 0.790446 0.411887
vt 0.790446 0.401088
vt 0.723026 0.305571
vt 0.723026 0.293636
vt 0.729975 0.293631
vt 0.729976 0.305567
vt 0.744648 0.374828
vt 0.737699 0.374828
vt 0.710321 0.333433
vt 0.710321 0.338691
vt 0.704483 0.338691
vt 0.704483 0.333433
vt 0.685447 0.322856
vt 0.686359 0.293631
vt 0.692197 0.293631
vt 0.693110 0.322856
vt 0.485507 0.694358
vt 0.485507 0.713325
vt 0.478558 0.713325
vt 0.478558 0.694358
vt 0.308426 0.745220
vt 0.308096 0.742882
vt 0.313934 0.742882
vt 0.313604 0.745220
vt 0.614154 0.221185
vt 0.614154 0.236334
vt 0.607205 0.236331
vt 0.607205 0.221182
vt 0.719370 0.271949
vt 0.719370 0.281215
vt 0.713532 0.281215
vt 0.713532 0.271949
vt 0.626015 0.227020
vt 0.626015 0.221182
vt 0.744648 0.407895
vt 0.744648 0.415403
vt 0.737699 0.415403
vt 0.737699 0.407895
vt 0.641427 0.683295
vt 0.641428 0.695071
vt 0.635590 0.695071
vt 0.635589 0.683294
vt 0.313934 0.801158
vt 0.313934 0.809835
vt 0.308096 0.809835
vt 0.308096 0.801158
vt 0.372036 0.535439
vt 0.365087 0.535439
vt 0.197071 0.265553
vt 0.196489 0.238978
vt 0.204722 0.238978
vt 0.203688 0.265553
vt 0.664867 0.582135
vt 0.664793 0.582135
vt 0.664793 0.576297
vt 0.664867 0.576297
vt 0.710321 0.351220
vt 0.704483 0.351220
vt 0.710321 0.362913
vt 0.704483 0.362913
vt 0.660464 0.753851
vt 0.660464 0.771770
vt 0.654626 0.771770
vt 0.654626 0.753851
vt 0.197206 0.334334
vt 0.197206 0.323487
vt 0.203043 0.323487
vt 0.203043 0.334334
vt 0.197758 0.592758
vt 0.205421 0.592758
vt 0.308426 0.763522
vt 0.308426 0.753754
vt 0.313604 0.753754
vt 0.313604 0.763522
vt 0.196650 0.411911
vt 0.196650 0.385811
vt 0.203599 0.385811
vt 0.203599 0.411911
vt 0.348357 0.771977
vt 0.348357 0.785525
vt 0.342519 0.785525
vt 0.342519 0.771977
vt 0.372036 0.436664
vt 0.365087 0.436664
vt 0.177598 0.312094
vt 0.183436 0.312094
vt 0.203596 0.790731
vt 0.203596 0.801388
vt 0.197758 0.801388
vt 0.197758 0.790731
vt 0.325637 0.752651
vt 0.325637 0.742882
vt 0.330816 0.742882
vt 0.330816 0.752651
vt 0.684938 0.278061
vt 0.677989 0.278061
vt 0.724821 0.414914
vt 0.719376 0.414914
vt 0.719376 0.409076
vt 0.724821 0.409076
vt 0.203596 0.779357
vt 0.197758 0.779357
vt 0.204707 0.720466
vt 0.197758 0.720462
vt 0.521042 0.788418
vt 0.521042 0.799077
vt 0.515204 0.799077
vt 0.515204 0.788418
vt 0.701757 0.281020
vt 0.696312 0.281020
vt 0.696312 0.275182
vt 0.701757 0.275182
vt 0.372036 0.480838
vt 0.372036 0.508138
vt 0.365087 0.508138
vt 0.365087 0.480838
vt 0.372036 0.568569
vt 0.372036 0.579613
vt 0.365087 0.579613
vt 0.365087 0.568569
vt 0.485507 0.644890
vt 0.485507 0.657409
vt 0.478558 0.657409
vt 0.478558 0.644890
vt 0.478558 0.796885
vt 0.479114 0.786064
vt 0.484951 0.786064
vt 0.485507 0.796885
vt 0.664897 0.599347
vt 0.664897 0.593509
vt 0.685447 0.374828
vt 0.690778 0.374828
vt 0.754904 0.231097
vt 0.754904 0.242416
vt 0.749066 0.242416
vt 0.749066 0.231097
vt 0.372253 0.466197
vt 0.364652 0.466197
vt 0.664719 0.582135
vt 0.664719 0.576297
vt 0.745856 0.333433
vt 0.740018 0.333433
vt 0.754904 0.252979
vt 0.749066 0.252979
vt 0.177043 0.260619
vt 0.177043 0.234518
vt 0.183992 0.234518
vt 0.183992 0.260619
vt 0.503830 0.806096
vt 0.503830 0.813349
vt 0.496881 0.813349
vt 0.496881 0.806096
vt 0.702165 0.374831
vt 0.708002 0.374828
vt 0.177598 0.301249
vt 0.177598 0.290403
vt 0.183436 0.290403
vt 0.183436 0.301249
vt 0.485507 0.690072
vt 0.478558 0.690072
vt 0.725516 0.397703
vt 0.720185 0.397703
vt 0.348028 0.787981
vt 0.342849 0.787981
vt 0.176882 0.407303
vt 0.185115 0.407303
vt 0.497437 0.794722
vt 0.496881 0.783902
vt 0.503830 0.783902
vt 0.503274 0.794722
vt 0.204707 0.697646
vt 0.197758 0.697643
vt 0.727835 0.333433
vt 0.722504 0.333433
vt 0.199774 0.468709
vt 0.203730 0.468709
vt 0.642538 0.725294
vt 0.642538 0.735417
vt 0.635589 0.735417
vt 0.635589 0.725294
vt 0.503830 0.690070
vt 0.503830 0.709037
vt 0.496881 0.709037
vt 0.496881 0.690070
vt 0.702150 0.231100
vt 0.696312 0.231097
vt 0.661019 0.669651
vt 0.655181 0.669651
vt 0.197806 0.524079
vt 0.205469 0.524079
vt 0.197758 0.581384
vt 0.197806 0.539128
vt 0.205469 0.539128
vt 0.205991 0.581384
vt 0.642538 0.746264
vt 0.635589 0.746264
vt 0.635595 0.775044
vt 0.641433 0.775041
vt 0.730743 0.279860
vt 0.730743 0.264916
vt 0.737693 0.264913
vt 0.737693 0.279857
vt 0.325637 0.761184
vt 0.330816 0.761184
vt 0.747187 0.316575
vt 0.741349 0.316575
vt 0.662289 0.709352
vt 0.654626 0.709352
vt 0.349469 0.799355
vt 0.349469 0.806864
vt 0.342519 0.806864
vt 0.342519 0.799355
vt 0.521042 0.760681
vt 0.521042 0.777044
vt 0.515204 0.777042
vt 0.515204 0.760679
vt 0.658953 0.280333
vt 0.666615 0.280333
vt 0.640828 0.231097
vt 0.646666 0.231097
vt 0.484402 0.769840
vt 0.484396 0.774691
vt 0.478558 0.774689
vt 0.478564 0.769838
vt 0.660464 0.783144
vt 0.660464 0.795725
vt 0.654626 0.795725
vt 0.654626 0.783144
vt 0.737693 0.253539
vt 0.730743 0.253533
vt 0.199749 0.446888
vt 0.204000 0.446888
vt 0.641427 0.786417
vt 0.641427 0.797215
vt 0.635589 0.797215
vt 0.635589 0.786417
vt 0.515207 0.717793
vt 0.515204 0.711473
vt 0.521042 0.711472
vt 0.521045 0.717793
vt 0.654626 0.742477
vt 0.661575 0.742470
vt 0.719370 0.260576
vt 0.713532 0.260576
vt 0.349469 0.742882
vt 0.349469 0.760603
vt 0.342519 0.760603
vt 0.342519 0.742882
vt 0.635589 0.622686
vt 0.643252 0.622686
vt 0.686359 0.363454
vt 0.685447 0.334230
vt 0.693110 0.334230
vt 0.692197 0.363454
vt 0.204707 0.731839
vt 0.204707 0.751977
vt 0.197758 0.751977
vt 0.197758 0.731839
vt 0.595831 0.221189
vt 0.595831 0.236416
vt 0.588882 0.236410
vt 0.588882 0.221182
vt 0.204707 0.671396
vt 0.204151 0.686269
vt 0.198313 0.686269
vt 0.197758 0.671396
vt 0.183831 0.423291
vt 0.183831 0.439072
vt 0.176882 0.439072
vt 0.176882 0.423291
vt 0.366680 0.772175
vt 0.366680 0.787747
vt 0.360842 0.787747
vt 0.360842 0.772175
vt 0.485507 0.724699
vt 0.485507 0.735547
vt 0.478558 0.735547
vt 0.478558 0.724699
vt 0.503830 0.644890
vt 0.503830 0.652766
vt 0.496881 0.652766
vt 0.496881 0.644890
vt 0.496881 0.772528
vt 0.496881 0.757770
vt 0.503830 0.757763
vt 0.503830 0.772521
vt 0.485507 0.745672
vt 0.478558 0.745672
vt 0.711433 0.322059
vt 0.704483 0.322059
vt 0.204707 0.655295
vt 0.197758 0.655295
vt 0.313934 0.774896
vt 0.313934 0.789784
vt 0.308096 0.789784
vt 0.308096 0.774896
vt 0.515205 0.698937
vt 0.521043 0.698937
vt 0.503830 0.746389
vt 0.496881 0.746389
vt 0.796283 0.374828
vt 0.796283 0.389715
vt 0.790446 0.389715
vt 0.790446 0.374828
vt 0.503830 0.713323
vt 0.496881 0.713323
vt 0.515207 0.687239
vt 0.521045 0.687238
vt 0.522153 0.675865
vt 0.515204 0.675865
vt 0.331146 0.774896
vt 0.331146 0.790468
vt 0.325308 0.790468
vt 0.325308 0.774896
vt 0.702150 0.263809
vt 0.696312 0.263806
vt 0.756016 0.264353
vt 0.756016 0.282074
vt 0.749066 0.282074
vt 0.749066 0.264353
vt 0.325308 0.763522
vt 0.331146 0.763522
vt 0.702165 0.407010
vt 0.708002 0.407007
vt 0.366680 0.799121
vt 0.366680 0.808387
vt 0.360842 0.808387
vt 0.360842 0.799121
vt 0.484396 0.757048
vt 0.478558 0.757046
s 1
usemtl Material.001
f 90/1/84 91/2/85 15/3/12 5/4/5
f 121/5/113 122/6/114 12/7/12 2/8/2
f 81/9/76 82/10/77 19/11/18 9/12/9
f 182/13/160 183/14/161 16/15/15 6/16/6
f 87/17/30 88/18/82 13/19/13 3/20/3
f 144/21/131 145/22/132 20/23/19 10/24/10
f 93/25/87 94/26/88 17/27/16 7/28/7
f 213/29/185 214/30/186 14/31/14 4/32/4
f 84/33/79 85/34/80 11/35/11 1/36/1
f 167/37/148 168/38/149 18/39/17 8/40/8
f 82/10/77 83/41/78 29/42/28 19/11/18
f 183/14/161 184/43/162 26/44/25 16/15/15
f 88/18/82 89/45/83 23/46/22 13/19/13
f 145/22/132 146/47/133 30/48/29 20/23/19
f 94/26/88 95/49/89 27/50/26 17/27/16
f 214/30/186 215/51/187 24/52/23 14/31/14
f 85/34/80 86/53/81 21/54/20 11/35/11
f 168/38/149 169/55/150 28/56/27 18/39/17
f 91/2/85 92/57/86 25/58/24 15/3/12
f 122/6/114 123/59/115 22/60/21 12/7/12
f 184/43/162 185/61/163 36/62/30 26/44/25
f 146/47/133 147/63/134 40/64/34 30/48/29
f 215/51/187 216/65/188 34/66/33 24/52/23
f 169/55/150 170/67/151 38/68/35 28/56/27
f 123/59/115 124/69/116 32/70/31 22/60/21
f 147/63/134 148/71/135 50/72/46 40/64/34
f 216/65/188 217/73/189 44/74/40 34/66/33
f 170/67/151 171/75/152 48/76/44 38/68/35
f 124/69/116 125/77/117 42/78/38 32/70/31
f 185/61/163 186/79/164 46/80/42 36/62/30
f 100/81/94 101/82/95 57/83/53 47/84/43
f 217/73/189 218/85/190 54/86/50 44/74/40
f 96/87/90 97/88/91 51/89/47 41/90/37
f 171/75/152 172/91/153 58/92/54 48/76/44
f 102/93/96 103/94/97 55/95/51 45/96/41
f 125/77/117 126/97/118 52/98/48 42/78/38
f 98/99/92 99/100/93 59/101/55 49/102/45
f 186/79/164 187/103/165 56/104/52 46/80/42
f 104/105/98 105/106/99 53/107/49 43/108/39
f 148/71/135 149/109/136 60/110/56 50/72/46
f 218/85/190 219/111/177 64/112/60 54/86/50
f 172/91/153 173/113/12 68/114/64 58/92/54
f 126/97/118 127/115/105 62/116/58 52/98/48
f 187/103/165 188/117/12 66/118/62 56/104/52
f 149/109/136 150/119/12 70/120/63 60/110/56
f 62/116/58 72/121/67 71/122/66 61/123/57
f 173/113/12 174/124/30 78/125/73 68/114/64
f 66/118/62 76/126/71 75/127/70 65/128/61
f 127/115/105 128/129/106 72/121/67 62/116/58
f 70/120/63 80/130/75 79/131/74 69/132/65
f 188/117/12 189/133/159 76/126/71 66/118/62
f 64/112/60 74/134/69 73/135/68 63/136/59
f 150/119/12 151/137/124 80/130/75 70/120/63
f 68/114/64 78/125/73 77/138/72 67/139/63
f 219/111/177 220/140/178 74/134/69 64/112/60
f 20/23/19 30/48/29 83/41/78 82/10/77
f 10/24/10 20/23/19 82/10/77 81/9/76
f 12/7/12 22/60/21 86/53/81 85/34/80
f 2/8/2 12/7/12 85/34/80 84/33/79
f 14/31/14 24/52/23 89/45/83 88/18/82
f 4/32/4 14/31/14 88/18/82 87/17/30
f 16/15/15 26/44/25 92/57/86 91/2/85
f 6/16/6 16/15/15 91/2/85 90/1/84
f 18/39/17 28/56/27 95/49/89 94/26/88
f 8/40/8 18/39/17 94/26/88 93/25/87
f 42/78/38 52/98/48 97/88/91 96/87/90
f 50/72/46 60/110/56 99/100/93 98/99/92
f 48/76/44 58/92/54 101/82/95 100/81/94
f 46/80/42 56/104/52 103/94/97 102/93/96
f 44/74/40 54/86/50 105/106/99 104/105/98
f 119/141/105 120/142/106 112/143/106 111/144/105
f 118/145/112 119/141/105 111/144/105 110/146/104
f 115/147/109 116/148/110 109/149/103 108/150/102
f 113/151/107 114/152/108 107/153/101 106/154/100
f 3/20/3 13/19/13 114/152/108 113/151/107
f 13/19/13 23/46/22 115/147/109 114/152/108
f 23/46/22 33/155/32 116/148/110 115/147/109
f 33/155/32 43/108/39 117/156/111 116/148/110
f 43/108/39 53/107/49 118/145/112 117/156/111
f 53/107/49 63/136/59 119/141/105 118/145/112
f 63/136/59 73/135/68 120/142/106 119/141/105
f 111/144/105 112/143/106 128/129/106 127/115/105
f 110/146/104 111/144/105 127/115/105 126/97/118
f 108/150/102 109/149/103 124/69/116 123/59/115
f 106/154/100 107/153/101 122/6/114 121/5/113
f 142/157/12 143/158/124 135/159/124 134/160/12
f 141/161/130 142/157/12 134/160/12 133/162/123
f 138/163/127 139/164/128 132/165/122 131/166/121
f 136/167/125 137/168/126 130/169/120 129/170/119
f 1/36/1 11/35/11 137/168/126 136/167/125
f 11/35/11 21/54/20 138/163/127 137/168/126
f 21/54/20 31/171/30 139/164/128 138/163/127
f 31/171/30 41/90/37 140/172/129 139/164/128
f 41/90/37 51/89/47 141/161/130 140/172/129
f 51/89/47 61/123/57 142/157/12 141/161/130
f 61/123/57 71/122/66 143/158/124 142/157/12
f 134/160/12 135/159/124 151/137/124 150/119/12
f 133/162/123 134/160/12 150/119/12 149/109/136
f 131/166/121 132/165/122 147/63/134 146/47/133
f 129/170/119 130/169/120 145/22/132 144/21/131
f 165/173/12 166/174/30 158/175/30 157/176/12
f 164/177/147 165/173/12 157/176/12 156/178/141
f 161/179/144 162/180/145 155/181/140 154/182/139
f 159/183/142 160/184/143 153/185/138 152/186/137
f 9/12/9 19/11/18 160/184/143 159/183/142
f 19/11/18 29/42/28 161/179/144 160/184/143
f 29/42/28 39/187/36 162/180/145 161/179/144
f 39/187/36 49/102/45 163/188/146 162/180/145
f 49/102/45 59/101/55 164/177/147 163/188/146
f 59/101/55 69/132/65 165/173/12 164/177/147
f 69/132/65 79/131/74 166/174/30 165/173/12
f 157/176/12 158/175/30 174/124/30 173/113/12
f 156/178/141 157/176/12 173/113/12 172/91/153
f 154/182/139 155/181/140 170/67/151 169/55/150
f 152/186/137 153/185/138 168/38/149 167/37/148
f 196/189/12 197/190/159 181/191/159 180/192/12
f 195/193/171 196/189/12 180/192/12 179/194/158
f 192/195/168 193/196/169 178/197/157 177/198/156
f 190/199/166 191/200/167 176/201/155 175/202/154
f 180/192/12 181/191/159 189/133/159 188/117/12
f 179/194/158 180/192/12 188/117/12 187/103/165
f 177/198/156 178/197/157 185/61/163 184/43/162
f 175/202/154 176/201/155 183/14/161 182/13/160
f 7/28/7 17/27/16 191/200/167 190/199/166
f 17/27/16 27/50/26 192/195/168 191/200/167
f 27/50/26 37/203/31 193/196/169 192/195/168
f 37/203/31 47/84/43 194/204/170 193/196/169
f 47/84/43 57/83/53 195/193/171 194/204/170
f 57/83/53 67/139/63 196/189/12 195/193/171
f 67/139/63 77/138/72 197/190/159 196/189/12
f 211/205/177 212/206/178 204/207/178 203/208/177
f 210/209/184 211/205/177 203/208/177 202/210/176
f 207/211/181 208/212/182 201/213/175 200/214/174
f 205/215/179 206/216/180 199/217/173 198/218/172
f 5/4/5 15/3/12 206/216/180 205/215/179
f 15/3/12 25/58/24 207/211/181 206/216/180
f 25/58/24 35/219/34 208/212/182 207/211/181
f 35/219/34 45/96/41 209/220/183 208/212/182
f 45/96/41 55/95/51 210/209/184 209/220/183
f 55/95/51 65/128/61 211/205/177 210/209/184
f 65/128/61 75/127/70 212/206/178 211/205/177
f 203/208/177 204/207/178 220/140/178 219/111/177
f 202/210/176 203/208/177 219/111/177 218/85/190
f 200/214/174 201/213/175 216/65/188 215/51/187
f 198/218/172 199/217/173 214/30/186 213/29/185
f 310/221/274 225/222/195 235/223/202 311/224/275
f 341/225/303 222/226/192 232/227/202 342/228/304
f 301/229/266 229/230/199 239/231/208 302/232/267
f 402/233/350 226/234/196 236/235/205 403/236/351
f 307/237/220 223/238/193 233/239/203 308/240/272
f 364/241/321 230/242/200 240/243/209 365/244/322
f 313/245/277 227/246/197 237/247/206 314/248/278
f 433/249/375 224/250/194 234/251/204 434/252/376
f 304/253/269 221/254/191 231/255/201 305/256/270
f 387/257/338 228/258/198 238/259/207 388/260/339
f 302/232/267 239/231/208 249/261/218 303/262/268
f 403/236/351 236/235/205 246/263/215 404/264/352
f 308/240/272 233/239/203 243/265/212 309/266/273
f 365/244/322 240/243/209 250/267/219 366/268/323
f 314/248/278 237/247/206 247/269/216 315/270/279
f 434/252/376 234/251/204 244/271/213 435/272/377
f 305/256/270 231/255/201 241/273/210 306/274/271
f 388/260/339 238/259/207 248/275/217 389/276/340
f 311/224/275 235/223/202 245/277/214 312/278/276
f 342/228/304 232/227/202 242/279/211 343/280/305
f 404/264/352 246/263/215 256/281/220 405/282/353
f 366/268/323 250/267/219 260/283/224 367/284/324
f 435/272/377 244/271/213 254/285/223 436/286/378
f 389/276/340 248/275/217 258/287/225 390/288/341
f 343/280/305 242/279/211 252/289/221 344/290/306
f 367/284/324 260/283/224 270/291/236 368/292/325
f 436/286/378 254/285/223 264/293/230 437/294/379
f 390/288/341 258/287/225 268/295/234 391/296/342
f 344/290/306 252/289/221 262/297/228 345/298/307
f 405/282/353 256/281/220 266/299/232 406/300/354
f 320/301/284 267/302/233 277/303/243 321/304/285
f 437/294/379 264/293/230 274/305/240 438/306/380
f 316/307/280 261/308/227 271/309/237 317/310/281
f 391/296/342 268/295/234 278/311/244 392/312/343
f 322/313/286 265/314/231 275/315/241 323/316/287
f 345/298/307 262/297/228 272/317/238 346/318/308
f 318/319/282 269/320/235 279/321/245 319/322/283
f 406/300/354 266/299/232 276/323/242 407/324/355
f 324/325/288 263/326/229 273/327/239 325/328/289
f 368/292/325 270/291/236 280/329/246 369/330/326
f 438/306/380 274/305/240 284/331/250 439/332/367
f 392/312/343 278/311/244 288/333/254 393/334/202
f 346/318/308 272/317/238 282/335/248 347/336/295
f 407/324/355 276/323/242 286/337/252 408/338/202
f 369/330/326 280/329/246 290/339/253 370/340/202
f 282/335/248 281/341/247 291/342/256 292/343/257
f 393/334/202 288/333/254 298/344/263 394/345/220
f 286/337/252 285/346/251 295/347/260 296/348/261
f 347/336/295 282/335/248 292/343/257 348/349/296
f 290/339/253 289/350/255 299/351/264 300/352/265
f 408/338/202 286/337/252 296/348/261 409/353/349
f 284/331/250 283/354/249 293/355/258 294/356/259
f 370/340/202 290/339/253 300/352/265 371/357/314
f 288/333/254 287/358/253 297/359/262 298/344/263
f 439/332/367 284/331/250 294/356/259 440/360/368
f 240/243/209 302/232/267 303/262/268 250/267/219
f 230/242/200 301/229/266 302/232/267 240/243/209
f 232/227/202 305/256/270 306/274/271 242/279/211
f 222/226/192 304/253/269 305/256/270 232/227/202
f 234/251/204 308/240/272 309/266/273 244/271/213
f 224/250/194 307/237/220 308/240/272 234/251/204
f 236/235/205 311/224/275 312/278/276 246/263/215
f 226/234/196 310/221/274 311/224/275 236/235/205
f 238/259/207 314/248/278 315/270/279 248/275/217
f 228/258/198 313/245/277 314/248/278 238/259/207
f 262/297/228 316/307/280 317/310/281 272/317/238
f 270/291/236 318/319/282 319/322/283 280/329/246
f 268/295/234 320/301/284 321/304/285 278/311/244
f 266/299/232 322/313/286 323/316/287 276/323/242
f 264/293/230 324/325/288 325/328/289 274/305/240
f 339/361/295 331/362/295 332/363/296 340/364/296
f 338/365/302 330/366/294 331/362/295 339/361/295
f 335/367/299 328/368/292 329/369/293 336/370/300
f 333/371/297 326/372/290 327/373/291 334/374/298
f 223/238/193 333/371/297 334/374/298 233/239/203
f 233/239/203 334/374/298 335/367/299 243/265/212
f 243/265/212 335/367/299 336/370/300 253/375/222
f 253/375/222 336/370/300 337/376/301 263/326/229
f 263/326/229 337/376/301 338/365/302 273/327/239
f 273/327/239 338/365/302 339/361/295 283/354/249
f 283/354/249 339/361/295 340/364/296 293/355/258
f 331/362/295 347/336/295 348/349/296 332/363/296
f 330/366/294 346/318/308 347/336/295 331/362/295
f 328/368/292 343/280/305 344/290/306 329/369/293
f 326/372/290 341/225/303 342/228/304 327/373/291
f 362/377/202 354/378/202 355/379/314 363/380/314
f 361/381/320 353/382/313 354/378/202 362/377/202
f 358/383/317 351/384/311 352/385/312 359/386/318
f 356/387/315 349/388/309 350/389/310 357/390/316
f 221/254/191 356/387/315 357/390/316 231/255/201
f 231/255/201 357/390/316 358/383/317 241/273/210
f 241/273/210 358/383/317 359/386/318 251/391/220
f 251/391/220 359/386/318 360/392/319 261/308/227
f 261/308/227 360/392/319 361/381/320 271/309/237
f 271/309/237 361/381/320 362/377/202 281/341/247
f 281/341/247 362/377/202 363/380/314 291/342/256
f 354/378/202 370/340/202 371/357/314 355/379/314
f 353/382/313 369/330/326 370/340/202 354/378/202
f 351/384/311 366/268/323 367/284/324 352/385/312
f 349/388/309 364/241/321 365/244/322 350/389/310
f 385/393/202 377/394/202 378/395/220 386/396/220
f 384/397/337 376/398/331 377/394/202 385/393/202
f 381/399/334 374/400/329 375/401/330 382/402/335
f 379/403/332 372/404/327 373/405/328 380/406/333
f 229/230/199 379/403/332 380/406/333 239/231/208
f 239/231/208 380/406/333 381/399/334 249/261/218
f 249/261/218 381/399/334 382/402/335 259/407/226
f 259/407/226 382/402/335 383/408/336 269/320/235
f 269/320/235 383/408/336 384/397/337 279/321/245
f 279/321/245 384/397/337 385/393/202 289/350/255
f 289/350/255 385/393/202 386/396/220 299/351/264
f 377/394/202 393/334/202 394/345/220 378/395/220
f 376/398/331 392/312/343 393/334/202 377/394/202
f 374/400/329 389/276/340 390/288/341 375/401/330
f 372/404/327 387/257/338 388/260/339 373/405/328
f 416/409/202 400/410/202 401/411/349 417/412/349
f 415/413/361 399/414/348 400/410/202 416/409/202
f 412/415/358 397/416/346 398/417/347 413/418/359
f 410/419/356 395/420/344 396/421/345 411/422/357
f 400/410/202 408/338/202 409/353/349 401/411/349
f 399/414/348 407/324/355 408/338/202 400/410/202
f 397/416/346 404/264/352 405/282/353 398/417/347
f 395/420/344 402/233/350 403/236/351 396/421/345
f 227/246/197 410/419/356 411/422/357 237/247/206
f 237/247/206 411/422/357 412/415/358 247/269/216
f 247/269/216 412/415/358 413/418/359 257/423/221
f 257/423/221 413/418/359 414/424/360 267/302/233
f 267/302/233 414/424/360 415/413/361 277/303/243
f 277/303/243 415/413/361 416/409/202 287/358/253
f 287/358/253 416/409/202 417/412/349 297/359/262
f 431/425/367 423/426/367 424/427/368 432/428/368
f 430/429/374 422/430/366 423/426/367 431/425/367
f 427/431/371 420/432/364 421/433/365 428/434/372
f 425/435/369 418/436/362 419/437/363 426/438/370
f 225/222/195 425/435/369 426/438/370 235/223/202
f 235/223/202 426/438/370 427/431/371 245/277/214
f 245/277/214 427/431/371 428/434/372 255/439/224
f 255/439/224 428/434/372 429/440/373 265/314/231
f 265/314/231 429/440/373 430/429/374 275/315/241
f 275/315/241 430/429/374 431/425/367 285/346/251
f 285/346/251 431/425/367 432/428/368 295/347/260
f 423/426/367 439/332/367 440/360/368 424/427/368
f 422/430/366 438/306/380 439/332/367 423/426/367
f 420/432/364 435/272/377 436/286/378 421/433/365
f 418/436/362 433/249/375 434/252/376 419/437/363
f 217/441/189 216/442/188 436/443/378 437/444/379
f 67/445/63 57/446/53 277/447/243 287/448/253
f 138/449/127 131/450/121 351/451/311 358/452/317
f 7/453/7 190/454/166 410/455/356 227/456/197
f 98/457/92 49/458/45 269/459/235 318/460/282
f 48/461/44 100/462/94 320/463/284 268/464/234
f 71/465/66 72/466/67 292/467/257 291/468/256
f 132/469/122 139/470/128 359/471/318 352/472/312
f 101/473/95 58/474/54 278/475/244 321/476/285
f 215/477/187 214/478/186 434/479/376 435/480/377
f 72/481/67 128/482/106 348/483/296 292/484/257
f 141/485/130 133/486/123 353/487/313 361/488/320
f 43/489/39 33/490/32 253/491/222 263/492/229
f 73/493/68 74/494/69 294/495/259 293/496/258
f 34/497/33 44/498/40 264/499/230 254/500/223
f 46/501/42 102/502/96 322/503/286 266/504/232
f 74/494/69 220/505/178 440/506/368 294/495/259
f 135/507/124 143/508/124 363/509/314 355/510/314
f 40/511/34 50/512/46 270/513/236 260/514/224
f 103/515/97 56/516/52 276/517/242 323/518/287
f 166/519/30 79/520/74 299/521/264 386/522/220
f 75/523/70 76/524/71 296/525/261 295/526/260
f 41/527/37 31/528/30 251/529/220 261/530/227
f 76/524/71 189/531/159 409/532/349 296/525/261
f 47/533/43 37/534/31 257/535/221 267/536/233
f 44/537/40 104/538/98 324/539/288 264/540/230
f 160/541/143 161/542/144 381/543/334 380/544/333
f 77/545/72 78/546/73 298/547/263 297/548/262
f 197/549/159 77/550/72 297/551/262 417/552/349
f 38/553/35 48/461/44 268/464/234 258/554/225
f 105/555/99 54/556/50 274/557/240 325/558/289
f 78/546/73 174/559/30 394/560/220 298/547/263
f 45/561/41 35/562/34 255/563/224 265/564/231
f 162/565/145 163/566/146 383/567/336 382/568/335
f 21/569/20 86/570/81 306/571/271 241/572/210
f 79/520/74 80/573/75 300/574/265 299/521/264
f 1/575/1 136/576/125 356/577/315 221/578/191
f 191/579/167 192/580/168 412/581/358 411/582/357
f 32/583/31 42/584/38 262/585/228 252/586/221
f 113/587/107 106/588/100 326/589/290 333/590/297
f 163/566/146 164/591/147 384/592/337 383/567/336
f 80/593/75 151/594/124 371/595/314 300/596/265
f 49/458/45 39/597/36 259/598/226 269/459/235
f 107/599/101 114/600/108 334/601/298 327/602/291
f 23/603/22 89/604/83 309/605/273 243/606/212
f 193/607/169 194/608/170 414/609/360 413/610/359
f 36/611/30 46/612/42 266/613/232 256/614/220
f 115/615/109 108/616/102 328/617/292 335/618/299
f 194/608/170 195/619/171 415/620/361 414/609/360
f 51/621/47 97/622/91 317/623/281 271/624/237
f 109/625/103 116/626/110 336/627/300 329/628/293
f 152/629/137 167/630/148 387/631/338 372/632/327
f 25/633/24 92/634/86 312/635/276 245/636/214
f 118/637/112 110/638/104 330/639/294 338/640/302
f 168/641/149 153/642/138 373/643/328 388/644/339
f 53/645/49 105/555/99 325/558/289 273/646/239
f 154/647/139 169/648/150 389/649/340 374/650/329
f 27/651/26 95/652/89 315/653/279 247/654/216
f 205/655/179 198/656/172 418/657/362 425/658/369
f 112/659/106 120/660/106 340/661/296 332/662/296
f 170/663/151 155/664/140 375/665/330 390/666/341
f 143/508/124 71/465/66 291/468/256 363/509/314
f 199/667/173 206/668/180 426/669/370 419/670/363
f 55/671/51 103/515/97 323/518/287 275/672/241
f 156/673/141 172/674/153 392/675/343 376/676/331
f 29/677/28 83/678/78 303/679/268 249/680/218
f 207/681/181 200/682/174 420/683/364 427/684/371
f 137/685/126 138/686/127 358/687/317 357/688/316
f 201/689/175 208/690/182 428/691/372 421/692/365
f 57/693/53 101/694/95 321/695/285 277/696/243
f 174/559/30 158/697/30 378/698/220 394/560/220
f 210/699/184 202/700/176 422/701/366 430/702/374
f 139/703/128 140/704/129 360/705/319 359/706/318
f 59/707/55 99/708/93 319/709/283 279/710/245
f 3/711/3 113/587/107 333/590/297 223/712/193
f 10/713/10 81/714/76 301/715/266 230/716/200
f 140/704/129 141/485/130 361/488/320 360/705/319
f 204/717/178 212/718/178 432/719/368 424/720/368
f 172/674/153 171/721/152 391/722/342 392/675/343
f 171/721/152 170/723/151 390/724/341 391/722/342
f 83/725/78 30/726/29 250/727/219 303/728/268
f 129/729/119 144/730/131 364/731/321 349/732/309
f 169/648/150 168/733/149 388/734/339 389/649/340
f 145/735/132 130/736/120 350/737/310 365/738/322
f 2/739/2 84/740/79 304/741/269 222/742/192
f 131/743/121 146/744/133 366/745/323 351/746/311
f 5/747/5 205/655/179 425/658/369 225/748/195
f 190/454/166 175/749/154 395/750/344 410/455/356
f 147/751/134 132/752/122 352/753/312 367/754/324
f 120/660/106 73/493/68 293/496/258 340/661/296
f 176/755/155 191/756/167 411/757/357 396/758/345
f 86/570/81 22/759/21 242/760/211 306/571/271
f 133/761/123 149/762/136 369/763/326 353/764/313
f 192/580/168 177/765/156 397/766/346 412/581/358
f 114/600/108 115/767/109 335/768/299 334/601/298
f 178/769/157 193/770/169 413/771/359 398/772/347
f 151/594/124 135/507/124 355/510/314 371/595/314
f 84/740/79 1/575/1 221/578/191 304/741/269
f 195/773/171 179/774/158 399/775/348 415/776/361
f 4/777/4 87/778/30 307/779/220 224/780/194
f 121/781/113 2/782/2 222/783/192 341/784/303
f 116/785/110 117/786/111 337/787/301 336/788/300
f 87/778/30 3/711/3 223/712/193 307/779/220
f 62/789/58 61/790/57 281/791/247 282/792/248
f 117/786/111 118/637/112 338/640/302 337/787/301
f 181/793/159 197/549/159 417/552/349 401/794/349
f 89/604/83 24/795/23 244/796/213 309/605/273
f 149/797/136 148/798/135 368/799/325 369/800/326
f 213/801/185 4/777/4 224/780/194 433/802/375
f 212/718/178 75/803/70 295/804/260 432/719/368
f 26/805/25 36/611/30 256/614/220 246/806/215
f 148/798/135 147/807/134 367/808/324 368/799/325
f 90/809/84 5/810/5 225/811/195 310/812/274
f 64/813/60 63/814/59 283/815/249 284/816/250
f 37/534/31 27/817/26 247/818/216 257/535/221
f 182/819/160 6/820/6 226/821/196 402/822/350
f 206/823/180 207/681/181 427/684/371 426/824/370
f 106/588/100 121/781/113 341/784/303 326/589/290
f 33/490/32 23/825/22 243/826/212 253/491/222
f 6/820/6 90/809/84 310/812/274 226/821/196
f 146/744/133 145/827/132 365/828/322 366/745/323
f 93/829/87 7/453/7 227/456/197 313/830/277
f 66/831/62 65/832/61 285/833/251 286/834/252
f 122/835/114 107/599/101 327/602/291 342/836/304
f 24/837/23 34/497/33 254/500/223 244/838/213
f 167/630/148 8/839/8 228/840/198 387/631/338
f 208/841/182 209/842/183 429/843/373 428/844/372
f 108/845/102 123/846/115 343/847/305 328/848/292
f 175/749/154 182/819/160 402/822/350 395/750/344
f 30/849/29 40/511/34 260/514/224 250/850/219
f 92/634/86 26/851/25 246/852/215 312/635/276
f 159/853/142 152/629/137 372/632/327 379/854/332
f 81/855/76 9/856/9 229/857/199 301/858/266
f 209/842/183 210/859/184 430/860/374 429/843/373
f 68/861/64 67/445/63 287/448/253 288/862/254
f 124/863/116 109/864/103 329/865/293 344/866/306
f 183/867/161 176/755/155 396/758/345 403/868/351
f 31/528/30 21/869/20 241/870/210 251/529/220
f 153/642/138 160/871/143 380/872/333 373/643/328
f 144/730/131 10/713/10 230/716/200 364/731/321
f 110/873/104 126/874/118 346/875/308 330/876/294
f 177/877/156 184/878/162 404/879/352 397/880/346
f 28/881/27 38/553/35 258/554/225 248/882/217
f 161/542/144 154/883/139 374/884/329 381/543/334
f 70/885/63 69/886/65 289/887/255 290/888/253
f 185/889/163 178/890/157 398/891/347 405/892/353
f 35/562/34 25/893/24 245/894/214 255/563/224
f 8/839/8 93/895/87 313/896/277 228/840/198
f 155/897/140 162/898/145 382/899/335 375/900/330
f 198/656/172 213/801/185 433/802/375 418/657/362
f 128/482/106 112/659/106 332/662/296 348/483/296
f 179/901/158 187/902/165 407/903/355 399/904/348
f 22/905/21 32/583/31 252/586/221 242/906/211
f 164/591/147 156/907/141 376/908/331 384/592/337
f 214/478/186 199/667/173 419/670/363 434/479/376
f 54/909/50 64/910/60 284/911/250 274/912/240
f 39/597/36 29/913/28 249/914/218 259/598/226
f 95/915/89 28/916/27 248/917/217 315/918/279
f 200/919/174 215/920/187 435/921/377 420/922/364
f 65/923/61 55/924/51 275/925/241 285/926/251
f 189/531/159 181/793/159 401/794/349 409/532/349
f 96/927/90 41/928/37 261/929/227 316/930/280
f 158/697/30 166/519/30 386/522/220 378/698/220
f 216/931/188 201/932/175 421/933/365 436/934/378
f 61/935/57 51/936/47 271/937/237 281/938/247
f 126/939/118 125/940/117 345/941/307 346/942/308
f 202/943/176 218/944/190 438/945/380 422/946/366
f 52/947/48 62/948/58 282/949/248 272/950/238
f 125/940/117 124/951/116 344/952/306 345/941/307
f 104/538/98 43/953/39 263/954/229 324/539/288
f 42/955/38 96/927/90 316/930/280 262/956/228
f 58/957/54 68/958/64 288/959/254 278/960/244
f 187/902/165 186/961/164 406/962/354 407/903/355
f 97/622/91 52/963/48 272/964/238 317/623/281
f 220/505/178 204/717/178 424/720/368 440/506/368
f 69/965/65 59/966/55 279/967/245 289/968/255
f 123/846/115 122/969/114 342/970/304 343/847/305
f 186/961/164 185/971/163 405/972/353 406/962/354
f 102/502/96 45/973/41 265/974/231 322/503/286
f 56/975/52 66/976/62 286/977/252 276/978/242
f 50/512/46 98/979/92 318/980/282 270/513/236
f 9/856/9 159/853/142 379/854/332 229/857/199
f 63/981/59 53/982/49 273/983/239 283/984/249
f 136/576/125 129/729/119 349/732/309 356/577/315
f 184/985/162 183/867/161 403/868/351 404/986/352
f 100/987/94 47/533/43 267/536/233 320/988/284
f 99/989/93 60/990/56 280/991/246 319/992/283
f 218/944/190 217/441/189 437/444/379 438/945/380
f 60/993/56 70/885/63 290/888/253 280/994/246
f 130/736/120 137/685/126 357/688/316 350/737/310
o Cube.002
v -0.254752 1.809028 1.354585
v -0.254752 2.429309 1.354585
v -0.254752 1.809028 -1.429237
v -0.254752 2.429309 -1.429237
v 2.093540 1.809028 1.354585
v 2.093539 2.429309 1.354585
v 2.093540 1.809028 -1.429237
v 2.093540 2.429309 -1.429237
v -0.348829 1.930704 -0.815767
v -0.620527 1.909283 -0.037326
v -0.348829 1.930704 0.741115
v -0.620527 1.954529 1.389746
v -0.620527 2.119168 1.480997
v -0.620527 2.283808 1.389746
v -0.348829 2.600685 0.741115
v -0.620527 2.622105 -0.037326
v -0.348829 2.600684 -0.815767
v -0.620527 2.283808 -1.464397
v -0.620527 2.119168 -1.555649
v -0.620527 1.954529 -1.464397
v 1.616014 1.763789 -1.632268
v 0.919394 1.741065 -1.734254
v 0.222773 1.763789 -1.632269
v 0.222773 2.474548 -1.632268
v 0.919394 2.497272 -1.734254
v 1.616014 2.474548 -1.632269
v 2.264807 2.303175 -1.632268
v 2.350837 2.119168 -1.734254
v 2.264807 1.935162 -1.632268
v 2.187617 1.930704 0.741115
v 2.268711 1.909283 -0.037326
v 2.187617 1.930704 -0.815767
v 2.187617 2.600685 -0.815767
v 2.268711 2.622105 -0.037326
v 2.187617 2.600684 0.741115
v 2.264807 2.303175 1.557617
v 2.350837 2.119168 1.659603
v 2.264807 1.935162 1.557617
v 0.222773 1.763789 1.557617
v 0.919394 1.741065 1.659602
v 1.616014 1.763789 1.557617
v 1.616014 2.474548 1.557617
v 0.919394 2.497272 1.659602
v 0.222773 2.474548 1.557617
v -0.620527 2.080839 0.792304
v -0.620527 2.265694 0.836870
v -0.620527 2.450549 0.792304
v -0.620527 2.070909 -0.037326
v -0.620527 2.265694 -0.037326
v -0.620527 2.460479 -0.037326
v -0.620527 2.080839 -0.866956
v -0.620527 2.265694 -0.911522
v -0.620527 2.450549 -0.866956
v 0.176965 1.923062 -1.848599
v 0.137083 2.119168 -1.848599
v 0.176965 2.315275 -1.848599
v 0.919394 1.912528 -1.848599
v 0.919394 2.119168 -1.848599
v 0.919394 2.325809 -1.848599
v 1.661823 1.923062 -1.848599
v 1.701705 2.119168 -1.848599
v 1.661823 2.315275 -1.848599
v 2.533060 2.080839 -0.866956
v 2.650022 2.265694 -0.911522
v 2.533060 2.450549 -0.866956
v 2.650022 2.070909 -0.037326
v 2.777694 2.265694 -0.037326
v 2.650022 2.460479 -0.037326
v 2.533060 2.080839 0.792304
v 2.650022 2.265694 0.836870
v 2.533060 2.450549 0.792304
v 1.661823 1.923062 1.780275
v 1.701705 2.119168 1.780275
v 1.661823 2.315275 1.780275
v 0.919394 1.912528 1.780275
v 0.919394 2.119168 1.780275
v 0.919394 2.325809 1.780275
v 0.176965 1.923062 1.780275
v 0.137083 2.119168 1.780275
v 0.176965 2.315275 1.780275
v 0.219560 1.839458 -0.866956
v 0.919394 1.808564 -0.911522
v 1.619228 1.839458 -0.866956
v 0.181966 1.808564 -0.037326
v 0.919394 1.774840 -0.037326
v 1.656821 1.808564 -0.037326
v 0.219560 1.839458 0.792304
v 0.919394 1.808564 0.836870
v 1.619228 1.839458 0.792304
v 1.619228 2.691930 -0.866956
v 0.919394 2.722825 -0.911522
v 0.219560 2.691930 -0.866956
v 1.656822 2.722825 -0.037326
v 0.919394 2.756548 -0.037326
v 0.181966 2.722825 -0.037326
v 1.619228 2.691930 0.792304
v 0.919394 2.722825 0.836870
v 0.219560 2.691930 0.792304
vn -0.2121 -0.9760 0.0500
vn -0.2899 0.8898 0.3524
vn -0.2122 -0.9759 -0.0507
vn -0.2901 0.8890 -0.3542
vn 0.2095 -0.9769 0.0425
vn 0.2615 0.9041 0.3379
vn 0.2094 -0.9769 -0.0431
vn 0.2614 0.9036 -0.3392
vn -0.2974 -0.9543 0.0276
vn -0.3445 -0.9388 -0.0000
vn -0.2974 -0.9543 -0.0276
vn -0.5698 -0.7938 0.2124
vn -0.8469 -0.0000 0.5318
vn -0.7451 0.5073 0.4330
vn -0.2769 0.9469 0.1636
vn -0.3445 0.9388 -0.0000
vn -0.2769 0.9469 -0.1636
vn -0.7450 0.5055 -0.4352
vn -0.8453 -0.0000 -0.5342
vn -0.5697 -0.7936 -0.2138
vn 0.0862 -0.9908 -0.1040
vn -0.0000 -0.9925 -0.1224
vn -0.0929 -0.9900 -0.1059
vn -0.1446 0.9055 -0.3990
vn -0.0000 0.9104 -0.4138
vn 0.1360 0.9101 -0.3914
vn 0.4635 0.7098 -0.5304
vn 0.7146 -0.1555 -0.6821
vn 0.4793 -0.8149 -0.3259
vn 0.2847 -0.9586 -0.0082
vn 0.2554 -0.9668 -0.0000
vn 0.2847 -0.9586 0.0082
vn 0.2478 0.9581 -0.1436
vn 0.2554 0.9668 -0.0000
vn 0.2478 0.9581 0.1436
vn 0.4645 0.7111 0.5278
vn 0.7172 -0.1550 0.6794
vn 0.4799 -0.8153 0.3239
vn -0.0929 -0.9901 0.1048
vn -0.0000 -0.9926 0.1214
vn 0.0862 -0.9909 0.1031
vn 0.1358 0.9114 0.3886
vn -0.0000 0.9119 0.4105
vn -0.1443 0.9068 0.3961
vn -0.9048 -0.4259 -0.0024
vn -1.0000 -0.0000 -0.0000
vn -0.7054 0.6814 0.1952
vn -0.9102 -0.4142 -0.0000
vn -0.9102 0.4142 -0.0000
vn -0.9048 -0.4259 0.0024
vn -0.7054 0.6814 -0.1952
vn -0.2068 -0.5615 -0.8012
vn -0.2156 -0.0000 -0.9765
vn -0.2068 0.5615 -0.8012
vn -0.0000 -0.4590 -0.8885
vn -0.0000 -0.0000 -1.0000
vn -0.0000 0.4590 -0.8885
vn 0.1585 -0.6000 -0.7841
vn 0.1352 -0.0000 -0.9908
vn 0.1585 0.6000 -0.7841
vn 0.6410 -0.7612 -0.0987
vn 0.9557 0.1351 -0.2616
vn 0.5115 0.8352 -0.2019
vn 0.5698 -0.8218 -0.0000
vn 1.0000 -0.0000 -0.0000
vn 0.5698 0.8218 -0.0000
vn 0.6410 -0.7612 0.0987
vn 0.9557 0.1351 0.2616
vn 0.5115 0.8352 0.2019
vn 0.1604 -0.6071 0.7783
vn 0.1401 -0.0000 0.9901
vn 0.1604 0.6071 0.7783
vn -0.0000 -0.4722 0.8815
vn -0.0000 -0.0000 1.0000
vn -0.0000 0.4722 0.8815
vn -0.2077 -0.5695 0.7953
vn -0.2191 -0.0000 0.9757
vn -0.2077 0.5695 0.7953
vn -0.0773 -0.9965 0.0318
vn -0.0000 -0.9996 0.0265
vn 0.0820 -0.9960 0.0356
vn -0.0909 -0.9959 -0.0000
vn -0.0000 -1.0000 -0.0000
vn 0.1001 -0.9950 -0.0000
vn -0.0773 -0.9965 -0.0318
vn -0.0000 -0.9996 -0.0265
vn 0.0820 -0.9960 -0.0356
vn 0.1053 0.9860 -0.1293
vn -0.0000 0.9917 -0.1285
vn -0.0994 0.9861 -0.1331
vn 0.1001 0.9950 -0.0000
vn -0.0000 1.0000 -0.0000
vn -0.0909 0.9959 -0.0000
vn 0.1053 0.9860 0.1293
vn -0.0000 0.9917 0.1285
vn -0.0994 0.9861 0.1331
vt 0.796473 0.313441
vt 0.791814 0.283131
vt 0.823891 0.279821
vt 0.827077 0.311937
vt 0.790426 0.252483
vt 0.820705 0.247704
vt 0.855968 0.276511
vt 0.857356 0.307159
vt 0.851309 0.246200
vt 0.569263 0.321577
vt 0.574635 0.297898
vt 0.600898 0.293631
vt 0.596205 0.313882
vt 0.776618 0.336530
vt 0.770576 0.309729
vt 0.771231 0.282237
vt 0.768939 0.257327
vt 0.788955 0.226950
vt 0.818061 0.221055
vt 0.846081 0.221055
vt 0.217365 0.484118
vt 0.227773 0.459612
vt 0.236977 0.494349
vt 0.222380 0.518377
vt 0.875958 0.271431
vt 0.881999 0.298231
vt 0.881344 0.325723
vt 0.857040 0.331523
vt 0.881231 0.349060
vt 0.829721 0.338586
vt 0.799914 0.337418
vt 0.261603 0.574211
vt 0.258625 0.545210
vt 0.292341 0.541340
vt 0.293668 0.572107
vt 0.259084 0.515814
vt 0.291014 0.510573
vt 0.326057 0.537470
vt 0.325597 0.566865
vt 0.323079 0.508469
vt 0.240960 0.586703
vt 0.224494 0.567404
vt 0.263171 0.594282
vt 0.224039 0.544332
vt 0.258608 0.488457
vt 0.289158 0.483238
vt 0.318654 0.481565
vt 0.338184 0.482733
vt 0.347716 0.503872
vt 0.353278 0.532453
vt 0.350079 0.558665
vt 0.323217 0.587390
vt 0.342167 0.575087
vt 0.294014 0.595830
vt 0.576388 0.515397
vt 0.572312 0.484534
vt 0.604684 0.480929
vt 0.607243 0.513622
vt 0.571190 0.455489
vt 0.601766 0.450496
vt 0.636697 0.479584
vt 0.637491 0.510699
vt 0.632293 0.450791
vt 0.558886 0.564923
vt 0.549876 0.543543
vt 0.579899 0.542637
vt 0.543655 0.513254
vt 0.544702 0.483911
vt 0.337088 0.447064
vt 0.353278 0.468517
vt 0.570479 0.434074
vt 0.598959 0.427681
vt 0.627812 0.429666
vt 0.005687 0.483592
vt 0.024556 0.461990
vt 0.026184 0.488936
vt 0.016073 0.507573
vt 0.662172 0.474879
vt 0.668635 0.503645
vt 0.667346 0.534512
vt 0.637232 0.538229
vt 0.661402 0.557041
vt 0.608980 0.543186
vt 0.032119 0.573566
vt 0.035941 0.541324
vt 0.069535 0.547444
vt 0.063703 0.581089
vt 0.043188 0.509706
vt 0.075367 0.513799
vt 0.103129 0.553564
vt 0.095882 0.585182
vt 0.106951 0.521322
vt 0.008679 0.589931
vt 0.005687 0.567493
vt 0.028711 0.600472
vt 0.007589 0.536579
vt 0.048770 0.484746
vt 0.079729 0.486214
vt 0.108598 0.495645
vt 0.127025 0.507307
vt 0.138765 0.533762
vt 0.134479 0.560317
vt 0.129472 0.587375
vt 0.088540 0.611371
vt 0.109520 0.608301
vt 0.058387 0.609340
vt 0.648768 0.351195
vt 0.647108 0.381526
vt 0.614438 0.378706
vt 0.617918 0.346934
vt 0.644603 0.407658
vt 0.613529 0.406431
vt 0.584338 0.371839
vt 0.589198 0.342001
vt 0.585033 0.398464
vt 0.669206 0.337002
vt 0.673351 0.360104
vt 0.652099 0.322508
vt 0.674073 0.390134
vt 0.669205 0.416308
vt 0.639235 0.611312
vt 0.635589 0.589813
vt 0.653345 0.576297
vt 0.653345 0.605382
vt 0.578499 0.562599
vt 0.609538 0.564923
vt 0.639602 0.557901
vt 0.588658 0.416203
vt 0.562276 0.416308
vt 0.554683 0.398633
vt 0.552228 0.371329
vt 0.558829 0.342429
vt 0.624144 0.308520
vt 0.311388 0.703055
vt 0.308096 0.672089
vt 0.340322 0.669347
vt 0.342058 0.702105
vt 0.308196 0.642837
vt 0.338695 0.638651
vt 0.372657 0.668667
vt 0.372657 0.699808
vt 0.369466 0.639590
vt 0.312344 0.437099
vt 0.282278 0.436664
vt 0.252021 0.444023
vt 0.308938 0.621071
vt 0.337029 0.607204
vt 0.366427 0.618025
vt 0.111846 0.462388
vt 0.133476 0.481833
vt 0.082841 0.451760
vt 0.051741 0.451439
vt 0.343616 0.731509
vt 0.372210 0.727151
vt 0.314721 0.730198
s 1
usemtl Material.002
f 485/995/425 486/996/426 489/997/426 488/998/428
f 486/996/426 487/999/427 490/1000/429 489/997/426
f 488/998/428 489/997/426 492/1001/426 491/1002/430
f 489/997/426 490/1000/429 493/1003/431 492/1001/426
f 441/1004/381 452/1005/392 485/1006/425 451/1007/391
f 452/1008/392 453/1009/393 486/996/426 485/995/425
f 453/1009/393 454/1010/394 487/999/427 486/996/426
f 454/1010/394 442/1011/382 455/1012/395 487/999/427
f 487/999/427 455/1012/395 456/1013/396 490/1000/429
f 490/1000/429 456/1013/396 457/1014/397 493/1003/431
f 493/1015/431 457/1016/397 444/1017/384 458/1018/398
f 492/1001/426 493/1003/431 458/1019/398 459/1020/399
f 491/1002/430 492/1001/426 459/1020/399 460/1021/400
f 449/1022/389 491/1002/430 460/1021/400 443/1023/383
f 450/1024/390 488/998/428 491/1002/430 449/1022/389
f 451/1025/391 485/995/425 488/998/428 450/1024/390
f 494/1026/432 495/1027/433 498/1028/436 497/1029/435
f 495/1027/433 496/1030/434 499/1031/437 498/1028/436
f 497/1029/435 498/1028/436 501/1032/439 500/1033/438
f 498/1028/436 499/1031/437 502/1034/440 501/1032/439
f 443/1035/383 460/1036/400 494/1026/432 463/1037/403
f 460/1036/400 459/1038/399 495/1027/433 494/1026/432
f 459/1038/399 458/1018/398 496/1030/434 495/1027/433
f 458/1018/398 444/1017/384 464/1039/404 496/1030/434
f 496/1030/434 464/1039/404 465/1040/405 499/1031/437
f 499/1031/437 465/1040/405 466/1041/406 502/1034/440
f 502/1034/440 466/1041/406 448/1042/388 467/1043/407
f 501/1032/439 502/1034/440 467/1043/407 468/1044/408
f 500/1033/438 501/1032/439 468/1044/408 469/1045/409
f 461/1046/401 500/1033/438 469/1045/409 447/1047/387
f 462/1048/402 497/1029/435 500/1033/438 461/1046/401
f 463/1037/403 494/1026/432 497/1029/435 462/1048/402
f 503/1049/441 504/1050/442 507/1051/445 506/1052/444
f 504/1050/442 505/1053/443 508/1054/446 507/1051/445
f 506/1052/444 507/1051/445 510/1055/448 509/1056/447
f 507/1051/445 508/1054/446 511/1057/449 510/1055/448
f 447/1058/387 469/1059/409 503/1049/441 472/1060/412
f 469/1059/409 468/1061/408 504/1050/442 503/1049/441
f 468/1061/408 467/1062/407 505/1053/443 504/1050/442
f 467/1043/407 448/1042/388 473/1063/413 505/1064/443
f 505/1053/443 473/1065/413 474/1066/414 508/1054/446
f 508/1054/446 474/1066/414 475/1067/415 511/1057/449
f 511/1068/449 475/1069/415 446/1070/386 476/1071/416
f 510/1055/448 511/1057/449 476/1072/416 477/1073/417
f 509/1056/447 510/1055/448 477/1073/417 478/1074/418
f 470/1075/410 509/1056/447 478/1074/418 445/1076/385
f 471/1077/411 506/1052/444 509/1056/447 470/1075/410
f 472/1060/412 503/1049/441 506/1052/444 471/1077/411
f 512/1078/450 513/1079/451 516/1080/454 515/1081/453
f 513/1079/451 514/1082/452 517/1083/455 516/1080/454
f 515/1081/453 516/1080/454 519/1084/457 518/1085/456
f 516/1080/454 517/1083/455 520/1086/458 519/1084/457
f 445/1087/385 478/1088/418 512/1078/450 481/1089/421
f 478/1088/418 477/1090/417 513/1079/451 512/1078/450
f 477/1090/417 476/1071/416 514/1082/452 513/1079/451
f 476/1071/416 446/1070/386 482/1091/422 514/1082/452
f 514/1082/452 482/1091/422 483/1092/423 517/1083/455
f 517/1083/455 483/1092/423 484/1093/424 520/1086/458
f 520/1086/458 484/1093/424 442/1094/382 454/1095/394
f 519/1084/457 520/1086/458 454/1095/394 453/1096/393
f 518/1085/456 519/1084/457 453/1096/393 452/1097/392
f 479/1098/419 518/1085/456 452/1097/392 441/1099/381
f 480/1100/420 515/1081/453 518/1085/456 479/1098/419
f 481/1089/421 512/1078/450 515/1081/453 480/1100/420
f 521/1101/459 522/1102/460 525/1103/463 524/1104/462
f 522/1102/460 523/1105/461 526/1106/464 525/1103/463
f 524/1104/462 525/1103/463 528/1107/466 527/1108/465
f 525/1103/463 526/1106/464 529/1109/467 528/1107/466
f 443/1110/383 463/1111/403 521/1101/459 449/1112/389
f 463/1111/403 462/1113/402 522/1102/460 521/1101/459
f 462/1113/402 461/1114/401 523/1105/461 522/1102/460
f 461/1115/401 447/1116/387 472/1117/412 523/1118/461
f 523/1119/461 472/1060/412 471/1077/411 526/1120/464
f 526/1120/464 471/1077/411 470/1075/410 529/1121/467
f 529/1109/467 470/1122/410 445/1123/385 481/1124/421
f 528/1107/466 529/1109/467 481/1124/421 480/1125/420
f 527/1108/465 528/1107/466 480/1125/420 479/1126/419
f 451/1007/391 527/1108/465 479/1126/419 441/1004/381
f 450/1127/390 524/1104/462 527/1108/465 451/1007/391
f 449/1112/389 521/1101/459 524/1104/462 450/1127/390
f 530/1128/468 531/1129/469 534/1130/472 533/1131/471
f 531/1129/469 532/1132/470 535/1133/473 534/1130/472
f 533/1131/471 534/1130/472 537/1134/475 536/1135/474
f 534/1130/472 535/1133/473 538/1136/476 537/1134/475
f 448/1042/388 466/1041/406 530/1137/468 473/1063/413
f 466/1041/406 465/1040/405 531/1138/469 530/1137/468
f 465/1040/405 464/1039/404 532/1139/470 531/1138/469
f 464/1039/404 444/1017/384 457/1016/397 532/1139/470
f 532/1132/470 457/1140/397 456/1141/396 535/1133/473
f 535/1133/473 456/1141/396 455/1142/395 538/1136/476
f 538/1143/476 455/1144/395 442/1094/382 484/1093/424
f 537/1145/475 538/1143/476 484/1093/424 483/1092/423
f 536/1146/474 537/1145/475 483/1092/423 482/1091/422
f 475/1069/415 536/1146/474 482/1091/422 446/1070/386
f 474/1147/414 533/1131/471 536/1135/474 475/1148/415
f 473/1149/413 530/1128/468 533/1131/471 474/1147/414
o Cube.006
v 2.392151 0.636058 0.819278
v 2.071111 2.518321 1.052966
v 2.097982 0.610550 0.497150
v 1.633097 2.480340 0.573321
v 2.076943 0.532832 1.115302
v 1.679580 2.390099 1.420668
v 1.782774 0.507324 0.793174
v 1.241565 2.352118 0.941023
v 2.311197 0.446986 0.611786
v 2.291452 1.883228 1.005044
v 1.851354 2.556987 0.751105
v 1.853612 1.845262 0.525592
v 1.955980 0.371945 0.596569
v 1.380025 2.459735 0.711323
v 1.404410 1.698154 0.947455
v 1.943716 0.326641 0.956901
v 1.383015 2.403612 1.190941
v 1.842250 1.736120 1.426907
v 2.298933 0.401682 0.972117
v 1.906479 2.505384 1.287813
v 2.152394 1.887219 0.679313
v 1.551034 1.760642 0.649634
v 1.534125 1.684744 1.259953
v 2.150380 1.812612 1.305943
v 2.187401 -0.001232 0.712857
v 1.577979 2.573850 0.961898
v 2.208509 0.476479 0.531377
v 2.379069 0.491269 0.718146
v 2.388326 1.174052 0.923617
v 2.175730 2.341539 1.049210
v 1.986721 2.557545 0.920743
v 1.717215 2.534176 0.625622
v 1.710502 2.301198 0.539766
v 2.022045 1.142292 0.522524
v 1.864214 0.382503 0.696091
v 2.046972 0.442354 0.524457
v 1.512266 2.491169 0.614394
v 1.277436 2.414265 0.834931
v 1.268448 2.156431 0.954917
v 1.632062 1.014577 0.888772
v 2.029196 0.376690 1.046725
v 1.858637 0.361901 0.859955
v 1.272768 2.388625 1.043020
v 1.542274 2.411994 1.338140
v 1.733675 2.196772 1.464361
v 1.998343 1.046338 1.289865
v 2.373492 0.470667 0.882010
v 2.190734 0.410816 1.053645
v 1.778644 2.457726 1.383776
v 2.013474 2.534629 1.163238
v 2.252791 1.892978 0.833081
v 2.002561 2.350876 0.704385
v 2.012917 1.872178 0.570408
v 2.280295 1.147483 0.653919
v 1.693120 1.804677 0.556220
v 1.414685 2.228075 0.667447
v 1.447562 1.724260 0.786833
v 1.770152 1.039771 0.631576
v 1.437003 1.683573 1.111272
v 1.405946 2.155492 1.264689
v 1.676877 1.704373 1.373945
v 1.753021 0.974808 1.149103
v 2.006915 1.772762 1.399348
v 2.035716 2.281926 1.347502
v 2.252473 1.853179 1.168734
v 2.265026 1.082682 1.173484
v 2.076796 0.055113 0.614732
v 2.079970 0.032893 0.808262
v 2.270004 0.071867 0.826303
v 2.266830 0.094087 0.632774
v 1.444244 2.550135 0.811227
v 1.710980 2.604107 0.842735
v 1.744789 2.576195 1.140337
v 1.454779 2.520205 1.083343
v 2.362085 1.162286 0.782226
v 2.120333 2.355212 0.871545
v 1.859956 2.332634 0.586420
v 2.159970 1.144760 0.560901
v 1.891098 1.087967 0.549323
v 1.555710 2.268534 0.571918
v 1.310399 2.188198 0.802299
v 1.675962 1.017513 0.751365
v 1.666740 0.983234 1.024114
v 1.301340 2.149694 1.111038
v 1.561718 2.172272 1.396163
v 1.868854 1.000759 1.245438
v 2.139007 1.057664 1.258418
v 1.894358 2.238834 1.441759
v 2.139669 2.319170 1.211378
v 2.354142 1.128118 1.056376
v 2.157480 0.144403 0.539819
v 1.976224 0.085044 0.710043
v 2.163638 0.101295 0.915269
v 2.344894 0.160654 0.745044
v 1.330493 2.498909 0.933452
v 1.577135 2.579680 0.701822
v 1.867207 2.604833 1.019463
v 1.620566 2.524061 1.251094
vn 0.9998 -0.0152 0.0106
vn 0.7254 0.6883 0.0088
vn 0.0294 0.0083 -0.9995
vn -0.0647 0.4154 -0.9073
vn 0.0096 -0.3395 0.9406
vn -0.2222 0.3780 0.8987
vn -0.9467 -0.3113 -0.0829
vn -0.9932 0.1113 -0.0354
vn 0.7431 -0.0340 -0.6683
vn 0.9814 0.1913 0.0165
vn 0.4368 0.7591 -0.4826
vn 0.0519 0.0344 -0.9981
vn -0.6313 -0.2119 -0.7461
vn -0.6976 0.3688 -0.6143
vn -0.9540 -0.2950 -0.0534
vn -0.6239 -0.4817 0.6154
vn -0.7080 0.3842 0.5925
vn -0.0527 -0.1474 0.9877
vn 0.7049 -0.2613 0.6595
vn 0.3424 0.7121 0.6129
vn 0.7161 0.2040 -0.6675
vn -0.6446 -0.1695 -0.7455
vn -0.7013 -0.2602 0.6637
vn 0.6778 0.0364 0.7344
vn 0.2100 -0.9709 -0.1149
vn -0.2140 0.9706 0.1106
vn 0.4102 -0.0244 -0.9117
vn 0.9492 -0.0373 -0.3125
vn 0.9968 0.0741 0.0282
vn 0.9209 0.3895 0.0111
vn 0.5711 0.7722 -0.2784
vn 0.2447 0.6596 -0.7107
vn 0.0390 0.1433 -0.9889
vn 0.0514 0.0257 -0.9983
vn -0.8555 -0.3032 -0.4198
vn -0.2920 -0.1186 -0.9490
vn -0.4339 0.4250 -0.7944
vn -0.8877 0.2764 -0.3683
vn -0.9811 -0.1908 -0.0308
vn -0.9514 -0.3027 -0.0566
vn -0.2879 -0.4424 0.8493
vn -0.8550 -0.4387 0.2766
vn -0.8896 0.2881 0.3545
vn -0.5203 0.4148 0.7465
vn -0.1228 0.0477 0.9913
vn -0.0032 -0.2533 0.9674
vn 0.9362 -0.1452 0.3201
vn 0.3450 -0.3388 0.8753
vn 0.1040 0.6045 0.7898
vn 0.5461 0.7493 0.3746
vn 0.8949 0.2215 -0.3874
vn 0.6572 0.4002 -0.6387
vn 0.4489 0.1428 -0.8821
vn 0.7343 0.1117 -0.6695
vn -0.3557 -0.0815 -0.9310
vn -0.6705 -0.0704 -0.7385
vn -0.8504 -0.2435 -0.4665
vn -0.6483 -0.1569 -0.7450
vn -0.8823 -0.2932 0.3682
vn -0.7384 -0.0568 0.6719
vn -0.4436 -0.2169 0.8696
vn -0.6729 -0.3492 0.6521
vn 0.3750 -0.0509 0.9256
vn 0.6074 0.2786 0.7439
vn 0.8887 0.1173 0.4432
vn 0.6979 -0.0957 0.7098
vn -0.4029 -0.6416 -0.6527
vn -0.4045 -0.8107 0.4233
vn 0.6297 -0.6334 0.4497
vn 0.6688 -0.4592 -0.5847
vn -0.4355 0.8868 -0.1545
vn 0.0127 0.9946 -0.1028
vn -0.0550 0.9596 0.2761
vn -0.4246 0.8514 0.3079
vn 0.9206 0.1107 -0.3745
vn 0.8170 0.4163 -0.3990
vn 0.4322 0.3119 -0.8461
vn 0.4686 0.0909 -0.8787
vn -0.3830 -0.0733 -0.9208
vn -0.3991 0.0018 -0.9169
vn -0.8642 -0.1506 -0.4801
vn -0.8433 -0.2240 -0.4886
vn -0.8622 -0.3450 0.3711
vn -0.9040 -0.1256 0.4087
vn -0.5182 -0.0210 0.8550
vn -0.3950 -0.3201 0.8611
vn 0.4019 -0.1756 0.8987
vn 0.3240 0.1779 0.9292
vn 0.8170 0.3394 0.4661
vn 0.9042 -0.0111 0.4269
vn 0.0836 -0.3363 -0.9380
vn -0.7754 -0.6177 -0.1312
vn 0.0554 -0.6234 0.7799
vn 0.9414 -0.3332 -0.0521
vn -0.6449 0.7616 0.0638
vn -0.1871 0.9115 -0.3662
vn 0.1537 0.9855 0.0715
vn -0.2578 0.8507 0.4580
vt 0.646817 0.167888
vt 0.654415 0.124253
vt 0.665631 0.127609
vt 0.650728 0.180887
vt 0.225974 0.727599
vt 0.217377 0.669647
vt 0.231949 0.667887
vt 0.237781 0.727822
vt 0.251428 0.666323
vt 0.254024 0.727346
vt 0.252105 0.781383
vt 0.266138 0.783534
vt 0.217365 0.631258
vt 0.233812 0.628886
vt 0.223862 0.615386
vt 0.239654 0.610560
vt 0.263357 0.607946
vt 0.255766 0.626882
vt 0.277124 0.625643
vt 0.271850 0.664901
vt 0.284484 0.607204
vt 0.296723 0.609932
vt 0.294752 0.625466
vt 0.290208 0.664196
vt 0.271401 0.725305
vt 0.280476 0.779259
vt 0.286901 0.723038
vt 0.290732 0.766613
vt 0.777726 0.166548
vt 0.772877 0.123343
vt 0.787027 0.124486
vt 0.788476 0.178504
vt 0.768939 0.064485
vt 0.785427 0.063853
vt 0.806467 0.064127
vt 0.805460 0.125563
vt 0.804154 0.182006
vt 0.770190 0.025527
vt 0.786178 0.024421
vt 0.774978 0.009792
vt 0.788060 0.006146
vt 0.808345 0.005687
vt 0.807244 0.024448
vt 0.829115 0.025440
vt 0.828408 0.064873
vt 0.829163 0.007121
vt 0.843508 0.011418
vt 0.847563 0.027363
vt 0.847563 0.066351
vt 0.824683 0.125380
vt 0.820464 0.179263
vt 0.841137 0.124963
vt 0.832898 0.167857
vt 0.858937 0.163526
vt 0.862949 0.119886
vt 0.875256 0.120977
vt 0.867515 0.175622
vt 0.861090 0.061376
vt 0.875639 0.060669
vt 0.894940 0.061830
vt 0.891696 0.122806
vt 0.881265 0.179811
vt 0.858937 0.023445
vt 0.873101 0.022345
vt 0.859447 0.008869
vt 0.870340 0.005687
vt 0.890987 0.006440
vt 0.893502 0.023400
vt 0.916895 0.026234
vt 0.915985 0.064251
vt 0.915671 0.009712
vt 0.933120 0.015410
vt 0.937187 0.030393
vt 0.934734 0.067915
vt 0.909252 0.123996
vt 0.896202 0.178169
vt 0.924556 0.125356
vt 0.908416 0.167919
vt 0.592068 0.164464
vt 0.586678 0.120018
vt 0.600331 0.122162
vt 0.602223 0.177043
vt 0.585070 0.061455
vt 0.600943 0.061975
vt 0.621672 0.063237
vt 0.618484 0.124099
vt 0.617616 0.181240
vt 0.588850 0.023378
vt 0.604138 0.023312
vt 0.595496 0.008469
vt 0.608501 0.005687
vt 0.628593 0.006136
vt 0.624903 0.024306
vt 0.646746 0.025976
vt 0.643594 0.064642
vt 0.649288 0.008238
vt 0.663501 0.012722
vt 0.665631 0.028179
vt 0.663092 0.066334
vt 0.637698 0.124499
vt 0.633966 0.179028
vt 0.296723 0.779158
vt 0.290564 0.804807
vt 0.804245 0.209681
vt 0.788643 0.204449
vt 0.182609 0.562528
vt 0.165847 0.562939
vt 0.164185 0.548671
vt 0.181556 0.548653
vt 0.275155 0.810877
vt 0.820369 0.205202
vt 0.836839 0.181232
vt 0.861190 0.202754
vt 0.876308 0.208880
vt 0.152134 0.559630
vt 0.150139 0.545666
vt 0.152134 0.529018
vt 0.165847 0.531380
vt 0.892712 0.205553
vt 0.911287 0.182374
vt 0.618503 0.209136
vt 0.603206 0.203255
vt 0.259389 0.807141
vt 0.182609 0.531916
vt 0.634688 0.205224
vt 0.290134 0.906908
vt 0.275949 0.911443
vt 0.278297 0.898438
vt 0.295853 0.895985
vt 0.255116 0.911875
vt 0.256520 0.897758
vt 0.258537 0.874536
vt 0.281085 0.876100
vt 0.299783 0.875053
vt 0.234624 0.907881
vt 0.234893 0.894696
vt 0.221233 0.900969
vt 0.217640 0.889243
vt 0.217365 0.867948
vt 0.235999 0.872214
vt 0.239123 0.845314
vt 0.260903 0.846593
vt 0.221569 0.843363
vt 0.227620 0.826401
vt 0.241932 0.822556
vt 0.262792 0.822251
vt 0.282527 0.849056
vt 0.299783 0.850105
vt 0.283257 0.826118
vt 0.296521 0.832340
s 1
usemtl Material.004
f 539/1150/477 566/1153/504 613/1152/551 567/1151/505
f 567/1154/505 613/1157/551 589/1156/527 548/1155/486
f 613/1157/551 592/1159/530 559/1158/497 589/1156/527
f 566/1160/504 547/1161/485 592/1159/530 613/1157/551
f 548/1155/486 589/1156/527 614/1163/552 568/1162/506
f 568/1162/506 614/1163/552 569/1165/507 540/1164/478
f 614/1163/552 590/1167/528 549/1166/487 569/1165/507
f 589/1156/527 559/1158/497 590/1167/528 614/1163/552
f 559/1158/497 591/1169/529 615/1168/553 590/1167/528
f 590/1167/528 615/1168/553 570/1170/508 549/1166/487
f 615/1168/553 571/1172/509 542/1171/480 570/1170/508
f 591/1169/529 550/1173/488 571/1172/509 615/1168/553
f 547/1161/485 565/1175/503 616/1174/554 592/1159/530
f 592/1159/530 616/1174/554 591/1169/529 559/1158/497
f 616/1174/554 572/1176/510 550/1173/488 591/1169/529
f 565/1175/503 541/1177/479 572/1176/510 616/1174/554
f 541/1178/479 574/1181/512 617/1180/555 572/1179/510
f 572/1179/510 617/1180/555 593/1183/531 550/1182/488
f 617/1180/555 596/1185/534 560/1184/498 593/1183/531
f 574/1181/512 551/1186/489 596/1185/534 617/1180/555
f 550/1182/488 593/1183/531 618/1188/556 571/1187/509
f 571/1187/509 618/1188/556 575/1190/513 542/1189/480
f 618/1188/556 594/1192/532 552/1191/490 575/1190/513
f 593/1183/531 560/1184/498 594/1192/532 618/1188/556
f 560/1184/498 595/1194/533 619/1193/557 594/1192/532
f 594/1192/532 619/1193/557 576/1195/514 552/1191/490
f 619/1193/557 577/1197/515 546/1196/484 576/1195/514
f 595/1194/533 553/1198/491 577/1197/515 619/1193/557
f 551/1186/489 573/1200/511 620/1199/558 596/1185/534
f 596/1185/534 620/1199/558 595/1194/533 560/1184/498
f 620/1199/558 578/1201/516 553/1198/491 595/1194/533
f 573/1200/511 545/1202/483 578/1201/516 620/1199/558
f 545/1203/483 580/1206/518 621/1205/559 578/1204/516
f 578/1204/516 621/1205/559 597/1208/535 553/1207/491
f 621/1205/559 600/1210/538 561/1209/499 597/1208/535
f 580/1206/518 554/1211/492 600/1210/538 621/1205/559
f 553/1207/491 597/1208/535 622/1213/560 577/1212/515
f 577/1212/515 622/1213/560 581/1215/519 546/1214/484
f 622/1213/560 598/1217/536 555/1216/493 581/1215/519
f 597/1208/535 561/1209/499 598/1217/536 622/1213/560
f 561/1209/499 599/1219/537 623/1218/561 598/1217/536
f 598/1217/536 623/1218/561 582/1220/520 555/1216/493
f 623/1218/561 583/1222/521 544/1221/482 582/1220/520
f 599/1219/537 556/1223/494 583/1222/521 623/1218/561
f 554/1211/492 579/1225/517 624/1224/562 600/1210/538
f 600/1210/538 624/1224/562 599/1219/537 561/1209/499
f 624/1224/562 584/1226/522 556/1223/494 599/1219/537
f 579/1225/517 543/1227/481 584/1226/522 624/1224/562
f 543/1228/481 586/1231/524 625/1230/563 584/1229/522
f 584/1229/522 625/1230/563 601/1233/539 556/1232/494
f 625/1230/563 604/1235/542 562/1234/500 601/1233/539
f 586/1231/524 557/1236/495 604/1235/542 625/1230/563
f 556/1232/494 601/1233/539 626/1238/564 583/1237/521
f 583/1237/521 626/1238/564 587/1240/525 544/1239/482
f 626/1238/564 602/1242/540 558/1241/496 587/1240/525
f 601/1233/539 562/1234/500 602/1242/540 626/1238/564
f 562/1234/500 603/1244/541 627/1243/565 602/1242/540
f 602/1242/540 627/1243/565 588/1245/526 558/1241/496
f 627/1243/565 568/1247/506 540/1246/478 588/1245/526
f 603/1244/541 548/1248/486 568/1247/506 627/1243/565
f 557/1236/495 585/1250/523 628/1249/566 604/1235/542
f 604/1235/542 628/1249/566 603/1244/541 562/1234/500
f 628/1249/566 567/1151/505 548/1248/486 603/1244/541
f 585/1250/523 539/1150/477 567/1151/505 628/1249/566
f 541/1177/479 565/1175/503 629/1252/567 574/1251/512
f 574/1181/512 629/1254/567 605/1253/543 551/1186/489
f 629/1255/567 608/1258/546 563/1257/501 605/1256/543
f 565/1175/503 547/1161/485 608/1259/546 629/1252/567
f 551/1186/489 605/1253/543 630/1260/568 573/1200/511
f 573/1200/511 630/1260/568 580/1261/518 545/1202/483
f 630/1262/568 606/1263/544 554/1211/492 580/1206/518
f 605/1256/543 563/1257/501 606/1265/544 630/1264/568
f 563/1257/501 607/1267/545 631/1266/569 606/1265/544
f 606/1263/544 631/1268/569 579/1225/517 554/1211/492
f 631/1268/569 586/1269/524 543/1227/481 579/1225/517
f 607/1270/545 557/1236/495 586/1231/524 631/1271/569
f 547/1161/485 566/1160/504 632/1272/570 608/1259/546
f 608/1258/546 632/1273/570 607/1267/545 563/1257/501
f 632/1274/570 585/1250/523 557/1236/495 607/1270/545
f 566/1153/504 539/1150/477 585/1250/523 632/1274/570
f 546/1275/484 581/1278/519 633/1277/571 576/1276/514
f 576/1276/514 633/1277/571 609/1280/547 552/1279/490
f 633/1277/571 612/1282/550 564/1281/502 609/1280/547
f 581/1278/519 555/1283/493 612/1282/550 633/1277/571
f 552/1279/490 609/1280/547 634/1285/572 575/1284/513
f 575/1284/513 634/1285/572 570/1287/508 542/1286/480
f 634/1285/572 610/1289/548 549/1288/487 570/1287/508
f 609/1280/547 564/1281/502 610/1289/548 634/1285/572
f 564/1281/502 611/1291/549 635/1290/573 610/1289/548
f 610/1289/548 635/1290/573 569/1292/507 549/1288/487
f 635/1290/573 588/1294/526 540/1293/478 569/1292/507
f 611/1291/549 558/1295/496 588/1294/526 635/1290/573
f 555/1283/493 582/1297/520 636/1296/574 612/1282/550
f 612/1282/550 636/1296/574 611/1291/549 564/1281/502
f 636/1296/574 587/1298/525 558/1295/496 611/1291/549
f 582/1297/520 544/1299/482 587/1298/525 636/1296/574
o Cube.003
v 2.392151 0.636058 -0.902462
v 2.071112 2.518321 -1.136149
v 2.097982 0.610550 -0.580334
v 1.633097 2.480340 -0.656504
v 2.076943 0.532832 -1.198486
v 1.679580 2.390099 -1.503851
v 1.782774 0.507324 -0.876358
v 1.241565 2.352118 -1.024207
v 2.311197 0.446986 -0.694969
v 2.291452 1.883228 -1.088228
v 1.851354 2.556987 -0.834289
v 1.853612 1.845262 -0.608775
v 1.955980 0.371945 -0.679753
v 1.380025 2.459735 -0.794507
v 1.404410 1.698154 -1.030638
v 1.943716 0.326641 -1.040084
v 1.383015 2.403612 -1.274125
v 1.842250 1.736120 -1.510091
v 2.298933 0.401682 -1.055301
v 1.906479 2.505384 -1.370996
v 2.152394 1.887219 -0.762496
v 1.551034 1.760642 -0.732817
v 1.534125 1.684744 -1.343136
v 2.150380 1.812612 -1.389127
v 2.187401 -0.001232 -0.796041
v 1.577978 2.573850 -1.045082
v 2.208509 0.476479 -0.614560
v 2.379069 0.491269 -0.801330
v 2.388326 1.174052 -1.006801
v 2.175730 2.341539 -1.132394
v 1.986721 2.557545 -1.003926
v 1.717215 2.534176 -0.708806
v 1.710502 2.301198 -0.622950
v 2.022045 1.142292 -0.605707
v 1.864214 0.382503 -0.779275
v 2.046972 0.442354 -0.607641
v 1.512266 2.491169 -0.697577
v 1.277436 2.414265 -0.918115
v 1.268447 2.156431 -1.038101
v 1.632062 1.014577 -0.971955
v 2.029196 0.376690 -1.129909
v 1.858637 0.361901 -0.943139
v 1.272768 2.388625 -1.126203
v 1.542274 2.411994 -1.421324
v 1.733675 2.196772 -1.547545
v 1.998343 1.046338 -1.373049
v 2.373492 0.470667 -0.965194
v 2.190734 0.410816 -1.136829
v 1.778644 2.457726 -1.466959
v 2.013474 2.534629 -1.246422
v 2.252791 1.892978 -0.916265
v 2.002561 2.350876 -0.787568
v 2.012917 1.872178 -0.653592
v 2.280295 1.147483 -0.737103
v 1.693120 1.804677 -0.639403
v 1.414685 2.228075 -0.750631
v 1.447562 1.724260 -0.870016
v 1.770152 1.039771 -0.714760
v 1.437003 1.683573 -1.194455
v 1.405946 2.155492 -1.347872
v 1.676877 1.704373 -1.457128
v 1.753021 0.974808 -1.232286
v 2.006915 1.772762 -1.482531
v 2.035716 2.281926 -1.430686
v 2.252473 1.853179 -1.251918
v 2.265026 1.082682 -1.256668
v 2.076796 0.055113 -0.697916
v 2.079970 0.032893 -0.891445
v 2.270004 0.071867 -0.909487
v 2.266830 0.094087 -0.715958
v 1.444244 2.550135 -0.894411
v 1.710980 2.604107 -0.925918
v 1.744789 2.576195 -1.223520
v 1.454779 2.520205 -1.166526
v 2.362085 1.162286 -0.865409
v 2.120334 2.355212 -0.954729
v 1.859956 2.332634 -0.669604
v 2.159970 1.144760 -0.644085
v 1.891098 1.087967 -0.632506
v 1.555710 2.268534 -0.655102
v 1.310399 2.188198 -0.885483
v 1.675962 1.017513 -0.834548
v 1.666740 0.983234 -1.107297
v 1.301340 2.149694 -1.194222
v 1.561718 2.172272 -1.479347
v 1.868854 1.000759 -1.328621
v 2.139007 1.057664 -1.341602
v 1.894358 2.238834 -1.524943
v 2.139669 2.319170 -1.294561
v 2.354143 1.128118 -1.139560
v 2.157480 0.144403 -0.623003
v 1.976224 0.085044 -0.793227
v 2.163638 0.101295 -0.998453
v 2.344894 0.160654 -0.828228
v 1.330493 2.498909 -1.016636
v 1.577135 2.579680 -0.785005
v 1.867207 2.604833 -1.102647
v 1.620566 2.524061 -1.334278
vn 0.9998 -0.0152 -0.0106
vn 0.7254 0.6883 -0.0088
vn 0.0294 0.0083 0.9995
vn -0.0647 0.4154 0.9073
vn 0.0096 -0.3395 -0.9406
vn -0.2222 0.3780 -0.8987
vn -0.9467 -0.3113 0.0829
vn -0.9932 0.1113 0.0354
vn 0.7431 -0.0340 0.6683
vn 0.9814 0.1913 -0.0165
vn 0.4368 0.7591 0.4826
vn 0.0519 0.0344 0.9981
vn -0.6313 -0.2119 0.7461
vn -0.6976 0.3688 0.6143
vn -0.9540 -0.2950 0.0534
vn -0.6239 -0.4817 -0.6154
vn -0.7080 0.3842 -0.5925
vn -0.0527 -0.1474 -0.9877
vn 0.7049 -0.2613 -0.6595
vn 0.3424 0.7121 -0.6129
vn 0.7161 0.2040 0.6675
vn -0.6446 -0.1695 0.7455
vn -0.7013 -0.2602 -0.6637
vn 0.6778 0.0364 -0.7344
vn 0.2100 -0.9709 0.1149
vn -0.2140 0.9706 -0.1106
vn 0.4102 -0.0244 0.9117
vn 0.9492 -0.0373 0.3125
vn 0.9968 0.0741 -0.0282
vn 0.9209 0.3895 -0.0111
vn 0.5711 0.7722 0.2784
vn 0.2447 0.6596 0.7107
vn 0.0390 0.1433 0.9889
vn 0.0514 0.0257 0.9983
vn -0.8555 -0.3032 0.4198
vn -0.2920 -0.1186 0.9490
vn -0.4339 0.4250 0.7944
vn -0.8877 0.2764 0.3683
vn -0.9811 -0.1908 0.0308
vn -0.9514 -0.3027 0.0566
vn -0.2879 -0.4424 -0.8493
vn -0.8550 -0.4387 -0.2766
vn -0.8896 0.2881 -0.3545
vn -0.5203 0.4148 -0.7465
vn -0.1228 0.0477 -0.9913
vn -0.0032 -0.2533 -0.9674
vn 0.9362 -0.1452 -0.3201
vn 0.3450 -0.3388 -0.8753
vn 0.1040 0.6045 -0.7898
vn 0.5461 0.7493 -0.3746
vn 0.8949 0.2215 0.3874
vn 0.6572 0.4002 0.6387
vn 0.4489 0.1428 0.8821
vn 0.7343 0.1117 0.6695
vn -0.3557 -0.0815 0.9310
vn -0.6705 -0.0704 0.7385
vn -0.8504 -0.2435 0.4665
vn -0.6483 -0.1569 0.7450
vn -0.8823 -0.2932 -0.3682
vn -0.7384 -0.0568 -0.6719
vn -0.4436 -0.2169 -0.8696
vn -0.6729 -0.3492 -0.6521
vn 0.3750 -0.0509 -0.9256
vn 0.6074 0.2786 -0.7439
vn 0.8887 0.1173 -0.4432
vn 0.6979 -0.0957 -0.7098
vn -0.4029 -0.6416 0.6527
vn -0.4045 -0.8107 -0.4233
vn 0.6297 -0.6334 -0.4497
vn 0.6688 -0.4592 0.5847
vn -0.4355 0.8868 0.1545
vn 0.0127 0.9946 0.1028
vn -0.0550 0.9596 -0.2761
vn -0.4246 0.8514 -0.3079
vn 0.9206 0.1107 0.3745
vn 0.8170 0.4163 0.3990
vn 0.4322 0.3119 0.8461
vn 0.4686 0.0909 0.8787
vn -0.3830 -0.0733 0.9208
vn -0.3991 0.0018 0.9169
vn -0.8642 -0.1506 0.4801
vn -0.8433 -0.2240 0.4886
vn -0.8622 -0.3450 -0.3711
vn -0.9040 -0.1256 -0.4087
vn -0.5182 -0.0210 -0.8550
vn -0.3950 -0.3201 -0.8611
vn 0.4019 -0.1756 -0.8987
vn 0.3240 0.1779 -0.9292
vn 0.8170 0.3394 -0.4661
vn 0.9042 -0.0111 -0.4269
vn 0.0836 -0.3363 0.9380
vn -0.7754 -0.6177 0.1312
vn 0.0554 -0.6234 -0.7799
vn 0.9414 -0.3332 0.0521
vn -0.6449 0.7616 -0.0638
vn -0.1871 0.9115 0.3662
vn 0.1537 0.9855 -0.0715
vn -0.2578 0.8507 -0.4580
vt 0.738752 0.167888
vt 0.746349 0.124253
vt 0.757565 0.127609
vt 0.742663 0.180887
vt 0.014296 0.743140
vt 0.005699 0.685188
vt 0.020271 0.683428
vt 0.026103 0.743363
vt 0.039750 0.681864
vt 0.042346 0.742887
vt 0.040427 0.796924
vt 0.054460 0.799075
vt 0.005687 0.646799
vt 0.022134 0.644426
vt 0.012184 0.630927
vt 0.027976 0.626101
vt 0.051679 0.623487
vt 0.044088 0.642423
vt 0.065446 0.641184
vt 0.060172 0.680442
vt 0.072806 0.622745
vt 0.085044 0.625473
vt 0.083074 0.641007
vt 0.078530 0.679737
vt 0.059723 0.740846
vt 0.068798 0.794800
vt 0.075223 0.738579
vt 0.079054 0.782154
vt 0.397347 0.805751
vt 0.392498 0.762546
vt 0.406648 0.763690
vt 0.408097 0.817707
vt 0.388560 0.703688
vt 0.405048 0.703056
vt 0.426088 0.703331
vt 0.425081 0.764766
vt 0.423775 0.821210
vt 0.389810 0.664730
vt 0.405798 0.663624
vt 0.394599 0.648995
vt 0.407681 0.645349
vt 0.427966 0.644890
vt 0.426865 0.663651
vt 0.448735 0.664643
vt 0.448028 0.704076
vt 0.448784 0.646324
vt 0.463129 0.650621
vt 0.467184 0.666566
vt 0.467184 0.705554
vt 0.444303 0.764583
vt 0.440085 0.818466
vt 0.460757 0.764166
vt 0.452519 0.807060
vt 0.860739 0.800344
vt 0.864750 0.756704
vt 0.877058 0.757795
vt 0.869316 0.812440
vt 0.862892 0.698194
vt 0.877440 0.697487
vt 0.896742 0.698648
vt 0.893498 0.759624
vt 0.883066 0.816628
vt 0.860739 0.660263
vt 0.874902 0.659163
vt 0.861249 0.645687
vt 0.872142 0.642505
vt 0.892789 0.643258
vt 0.895303 0.660218
vt 0.918697 0.663051
vt 0.917786 0.701069
vt 0.917472 0.646529
vt 0.934922 0.652228
vt 0.938989 0.667211
vt 0.936535 0.704733
vt 0.911053 0.760813
vt 0.898004 0.814987
vt 0.926358 0.762174
vt 0.910217 0.804737
vt 0.684003 0.164464
vt 0.678613 0.120018
vt 0.692266 0.122162
vt 0.694157 0.177043
vt 0.677004 0.061455
vt 0.692878 0.061975
vt 0.713607 0.063237
vt 0.710419 0.124099
vt 0.709550 0.181240
vt 0.680784 0.023378
vt 0.696073 0.023312
vt 0.687430 0.008469
vt 0.700435 0.005687
vt 0.720527 0.006136
vt 0.716837 0.024306
vt 0.738681 0.025976
vt 0.735529 0.064642
vt 0.741223 0.008238
vt 0.755435 0.012722
vt 0.757565 0.028179
vt 0.755026 0.066334
vt 0.729633 0.124499
vt 0.725901 0.179028
vt 0.085044 0.794699
vt 0.078886 0.820348
vt 0.423866 0.848884
vt 0.408264 0.843652
vt 0.584698 0.281847
vt 0.567937 0.282258
vt 0.566275 0.267990
vt 0.583645 0.267972
vt 0.063477 0.826418
vt 0.439989 0.844405
vt 0.456460 0.820435
vt 0.862991 0.839572
vt 0.878110 0.845698
vt 0.554224 0.278950
vt 0.552228 0.264985
vt 0.554224 0.248337
vt 0.567937 0.250699
vt 0.894514 0.842370
vt 0.913088 0.819192
vt 0.710437 0.209136
vt 0.695140 0.203255
vt 0.047711 0.822682
vt 0.584698 0.251235
vt 0.726623 0.205224
vt 0.078456 0.922449
vt 0.064271 0.926984
vt 0.066619 0.913978
vt 0.084175 0.911526
vt 0.043438 0.927415
vt 0.044842 0.913299
vt 0.046859 0.890077
vt 0.069407 0.891641
vt 0.088105 0.890594
vt 0.022945 0.923422
vt 0.023215 0.910237
vt 0.009555 0.916509
vt 0.005962 0.904784
vt 0.005687 0.883489
vt 0.024321 0.887754
vt 0.027445 0.860855
vt 0.049224 0.862134
vt 0.009891 0.858903
vt 0.015942 0.841942
vt 0.030254 0.838096
vt 0.051114 0.837792
vt 0.070849 0.864596
vt 0.088105 0.865645
vt 0.071579 0.841659
vt 0.084843 0.847881
s 1
usemtl Material.005
f 637/1300/575 665/1301/603 711/1302/649 664/1303/602
f 665/1304/603 646/1305/584 687/1306/625 711/1307/649
f 711/1307/649 687/1306/625 657/1308/595 690/1309/628
f 664/1310/602 711/1307/649 690/1309/628 645/1311/583
f 646/1305/584 666/1312/604 712/1313/650 687/1306/625
f 666/1312/604 638/1314/576 667/1315/605 712/1313/650
f 712/1313/650 667/1315/605 647/1316/585 688/1317/626
f 687/1306/625 712/1313/650 688/1317/626 657/1308/595
f 657/1308/595 688/1317/626 713/1318/651 689/1319/627
f 688/1317/626 647/1316/585 668/1320/606 713/1318/651
f 713/1318/651 668/1320/606 640/1321/578 669/1322/607
f 689/1319/627 713/1318/651 669/1322/607 648/1323/586
f 645/1311/583 690/1309/628 714/1324/652 663/1325/601
f 690/1309/628 657/1308/595 689/1319/627 714/1324/652
f 714/1324/652 689/1319/627 648/1323/586 670/1326/608
f 663/1325/601 714/1324/652 670/1326/608 639/1327/577
f 639/1328/577 670/1329/608 715/1330/653 672/1331/610
f 670/1329/608 648/1332/586 691/1333/629 715/1330/653
f 715/1330/653 691/1333/629 658/1334/596 694/1335/632
f 672/1331/610 715/1330/653 694/1335/632 649/1336/587
f 648/1332/586 669/1337/607 716/1338/654 691/1333/629
f 669/1337/607 640/1339/578 673/1340/611 716/1338/654
f 716/1338/654 673/1340/611 650/1341/588 692/1342/630
f 691/1333/629 716/1338/654 692/1342/630 658/1334/596
f 658/1334/596 692/1342/630 717/1343/655 693/1344/631
f 692/1342/630 650/1341/588 674/1345/612 717/1343/655
f 717/1343/655 674/1345/612 644/1346/582 675/1347/613
f 693/1344/631 717/1343/655 675/1347/613 651/1348/589
f 649/1336/587 694/1335/632 718/1349/656 671/1350/609
f 694/1335/632 658/1334/596 693/1344/631 718/1349/656
f 718/1349/656 693/1344/631 651/1348/589 676/1351/614
f 671/1350/609 718/1349/656 676/1351/614 643/1352/581
f 643/1353/581 676/1354/614 719/1355/657 678/1356/616
f 676/1354/614 651/1357/589 695/1358/633 719/1355/657
f 719/1355/657 695/1358/633 659/1359/597 698/1360/636
f 678/1356/616 719/1355/657 698/1360/636 652/1361/590
f 651/1357/589 675/1362/613 720/1363/658 695/1358/633
f 675/1362/613 644/1364/582 679/1365/617 720/1363/658
f 720/1363/658 679/1365/617 653/1366/591 696/1367/634
f 695/1358/633 720/1363/658 696/1367/634 659/1359/597
f 659/1359/597 696/1367/634 721/1368/659 697/1369/635
f 696/1367/634 653/1366/591 680/1370/618 721/1368/659
f 721/1368/659 680/1370/618 642/1371/580 681/1372/619
f 697/1369/635 721/1368/659 681/1372/619 654/1373/592
f 652/1361/590 698/1360/636 722/1374/660 677/1375/615
f 698/1360/636 659/1359/597 697/1369/635 722/1374/660
f 722/1374/660 697/1369/635 654/1373/592 682/1376/620
f 677/1375/615 722/1374/660 682/1376/620 641/1377/579
f 641/1378/579 682/1379/620 723/1380/661 684/1381/622
f 682/1379/620 654/1382/592 699/1383/637 723/1380/661
f 723/1380/661 699/1383/637 660/1384/598 702/1385/640
f 684/1381/622 723/1380/661 702/1385/640 655/1386/593
f 654/1382/592 681/1387/619 724/1388/662 699/1383/637
f 681/1387/619 642/1389/580 685/1390/623 724/1388/662
f 724/1388/662 685/1390/623 656/1391/594 700/1392/638
f 699/1383/637 724/1388/662 700/1392/638 660/1384/598
f 660/1384/598 700/1392/638 725/1393/663 701/1394/639
f 700/1392/638 656/1391/594 686/1395/624 725/1393/663
f 725/1393/663 686/1395/624 638/1396/576 666/1397/604
f 701/1394/639 725/1393/663 666/1397/604 646/1398/584
f 655/1386/593 702/1385/640 726/1399/664 683/1400/621
f 702/1385/640 660/1384/598 701/1394/639 726/1399/664
f 726/1399/664 701/1394/639 646/1398/584 665/1301/603
f 683/1400/621 726/1399/664 665/1301/603 637/1300/575
f 639/1327/577 672/1401/610 727/1402/665 663/1325/601
f 672/1331/610 649/1336/587 703/1403/641 727/1404/665
f 727/1405/665 703/1406/641 661/1407/599 706/1408/644
f 663/1325/601 727/1402/665 706/1409/644 645/1311/583
f 649/1336/587 671/1350/609 728/1410/666 703/1403/641
f 671/1350/609 643/1352/581 678/1411/616 728/1410/666
f 728/1412/666 678/1356/616 652/1361/590 704/1413/642
f 703/1406/641 728/1414/666 704/1415/642 661/1407/599
f 661/1407/599 704/1415/642 729/1416/667 705/1417/643
f 704/1413/642 652/1361/590 677/1375/615 729/1418/667
f 729/1418/667 677/1375/615 641/1377/579 684/1419/622
f 705/1420/643 729/1421/667 684/1381/622 655/1386/593
f 645/1311/583 706/1409/644 730/1422/668 664/1310/602
f 706/1408/644 661/1407/599 705/1417/643 730/1423/668
f 730/1424/668 705/1420/643 655/1386/593 683/1400/621
f 664/1303/602 730/1424/668 683/1400/621 637/1300/575
f 644/1425/582 674/1426/612 731/1427/669 679/1428/617
f 674/1426/612 650/1429/588 707/1430/645 731/1427/669
f 731/1427/669 707/1430/645 662/1431/600 710/1432/648
f 679/1428/617 731/1427/669 710/1432/648 653/1433/591
f 650/1429/588 673/1434/611 732/1435/670 707/1430/645
f 673/1434/611 640/1436/578 668/1437/606 732/1435/670
f 732/1435/670 668/1437/606 647/1438/585 708/1439/646
f 707/1430/645 732/1435/670 708/1439/646 662/1431/600
f 662/1431/600 708/1439/646 733/1440/671 709/1441/647
f 708/1439/646 647/1438/585 667/1442/605 733/1440/671
f 733/1440/671 667/1442/605 638/1443/576 686/1444/624
f 709/1441/647 733/1440/671 686/1444/624 656/1445/594
f 653/1433/591 710/1432/648 734/1446/672 680/1447/618
f 710/1432/648 662/1431/600 709/1441/647 734/1446/672
f 734/1446/672 709/1441/647 656/1445/594 685/1448/623
f 680/1447/618 734/1446/672 685/1448/623 642/1449/580
o Cube.004
v -0.470359 0.656159 0.819278
v -0.087229 2.526771 1.052966
v -0.177195 0.620933 0.497150
v 0.349290 2.474320 0.573321
v -0.158739 0.542561 1.115302
v 0.299846 2.385667 1.420668
v 0.134426 0.507336 0.793174
v 0.736365 2.333217 0.941023
v -0.395703 0.464512 0.611786
v -0.328458 1.899315 1.005044
v 0.133687 2.558146 0.751105
v 0.107886 1.846886 0.525592
v -0.043164 0.377761 0.596569
v 0.601541 2.445355 0.711323
v 0.551976 1.684998 0.947455
v -0.032405 0.332077 0.956901
v 0.596696 2.389362 1.190941
v 0.115632 1.737427 1.426907
v -0.384945 0.418828 0.972117
v 0.076885 2.508395 1.287813
v -0.189344 1.898703 0.679313
v 0.407499 1.752302 0.649634
v 0.421889 1.675886 1.259953
v -0.189799 1.824070 1.305943
v -0.286803 0.012444 0.712857
v 0.407471 2.565956 0.961898
v -0.292097 0.490592 0.531377
v -0.462074 0.511016 0.718146
v -0.448739 1.193732 0.923617
v -0.197638 2.353546 1.049210
v -0.001587 2.563181 0.920743
v 0.266998 2.530910 0.625622
v 0.266000 2.297838 0.539766
v -0.083709 1.149872 0.522524
v 0.048901 0.385278 0.696091
v -0.131776 0.451141 0.524457
v 0.470413 2.481146 0.614394
v 0.702570 2.396517 0.834931
v 0.703024 2.138526 0.954917
v 0.301836 1.009326 0.888772
v -0.116183 0.384926 1.046725
v 0.053794 0.364502 0.859955
v 0.706387 2.370736 1.043020
v 0.437801 2.403008 1.338140
v 0.239386 2.194235 1.464361
v -0.063194 1.053186 1.289865
v -0.457181 0.490240 0.882010
v -0.276504 0.424377 1.053645
v 0.203074 2.456533 1.383776
v -0.029083 2.541163 1.163238
v -0.289496 1.907780 0.833081
v -0.024255 2.357150 0.704385
v -0.050441 1.879056 0.570408
v -0.341646 1.163604 0.653919
v 0.266948 1.801013 0.556220
v 0.559237 2.214969 0.667447
v 0.509711 1.712517 0.786833
v 0.164655 1.039074 0.631576
v 0.518919 1.671504 1.111272
v 0.565570 2.142137 1.264689
v 0.279864 1.700227 1.373945
v 0.179627 0.973580 1.149103
v -0.047731 1.779496 1.399348
v -0.059673 2.289334 1.347502
v -0.290494 1.867993 1.168734
v -0.328529 1.098332 1.173484
v -0.174394 0.065100 0.614732
v -0.178302 0.042996 0.808262
v -0.366943 0.088235 0.826303
v -0.363035 0.110338 0.632774
v 0.540348 2.537830 0.811227
v 0.275544 2.600596 0.842735
v 0.240829 2.573818 1.140337
v 0.528829 2.508265 1.083343
v -0.422901 1.181104 0.782226
v -0.141820 2.365379 0.871545
v 0.117669 2.334200 0.586420
v -0.221477 1.156901 0.560901
v 0.045369 1.091245 0.549323
v 0.419627 2.260071 0.571918
v 0.662147 2.171664 0.802299
v 0.258057 1.013712 0.751365
v 0.266140 0.979147 1.024114
v 0.669927 2.132881 1.111038
v 0.410439 2.164060 1.396163
v 0.064716 1.003349 1.245438
v -0.203406 1.069159 1.258418
v 0.080182 2.241590 1.441759
v -0.162337 2.329997 1.211378
v -0.416094 1.146692 1.056376
v -0.252081 0.157010 0.539819
v -0.072888 0.091687 0.710043
v -0.259661 0.114129 0.915269
v -0.438854 0.179451 0.745045
v 0.652342 2.482869 0.933452
v 0.408507 2.571756 0.701822
v 0.119426 2.606490 1.019463
v 0.363260 2.517603 1.251094
vn -0.9998 0.0179 0.0106
vn -0.7022 0.7119 0.0088
vn -0.0291 0.0093 -0.9995
vn 0.0784 0.4130 -0.9073
vn -0.0208 -0.3390 0.9406
vn 0.2346 0.3704 0.8987
vn 0.9359 -0.3425 -0.0829
vn 0.9963 0.0784 -0.0354
vn -0.7438 -0.0094 -0.6683
vn -0.9745 0.2237 0.0165
vn -0.4114 0.7732 -0.4826
vn -0.0507 0.0361 -0.9981
vn 0.6239 -0.2327 -0.7461
vn 0.7095 0.3455 -0.6143
vn 0.9437 -0.3264 -0.0534
vn 0.6076 -0.5021 0.6154
vn 0.7204 0.3606 0.5925
vn 0.0478 -0.1490 0.9877
vn -0.7131 -0.2378 0.6595
vn -0.3186 0.7231 0.6129
vn -0.7090 0.2276 -0.6675
vn 0.6386 -0.1908 -0.7455
vn 0.6923 -0.2832 0.6637
vn -0.6762 0.0588 0.7344
vn -0.2420 -0.9634 -0.1149
vn 0.2460 0.9629 0.1106
vn -0.4108 -0.0108 -0.9117
vn -0.9499 -0.0059 -0.3125
vn -0.9938 0.1071 0.0282
vn -0.9076 0.4198 0.0111
vn -0.5453 0.7907 -0.2784
vn -0.2227 0.6673 -0.7107
vn -0.0343 0.1445 -0.9889
vn -0.0505 0.0273 -0.9983
vn 0.8450 -0.3313 -0.4198
vn 0.2879 -0.1282 -0.9490
vn 0.4477 0.4104 -0.7944
vn 0.8964 0.2468 -0.3683
vn 0.9743 -0.2231 -0.0308
vn 0.9409 -0.3341 -0.0566
vn 0.2731 -0.4517 0.8493
vn 0.8400 -0.4668 0.2766
vn 0.8986 0.2585 0.3545
vn 0.5337 0.3973 0.7465
vn 0.1243 0.0437 0.9913
vn -0.0052 -0.2533 0.9674
vn -0.9405 -0.1142 0.3201
vn -0.3560 -0.3272 0.8753
vn -0.0840 0.6076 0.7898
vn -0.5210 0.7670 0.3746
vn -0.8871 0.2510 -0.3874
vn -0.6436 0.4218 -0.6387
vn -0.4440 0.1575 -0.8821
vn -0.7302 0.1359 -0.6695
vn 0.3528 -0.0932 -0.9310
vn 0.6678 -0.0926 -0.7385
vn 0.8418 -0.2715 -0.4665
vn 0.6428 -0.1783 -0.7450
vn 0.8721 -0.3222 0.3682
vn 0.7361 -0.0812 0.6719
vn 0.4361 -0.2314 0.8696
vn 0.6610 -0.3713 0.6521
vn -0.3765 -0.0385 0.9256
vn -0.5979 0.2985 0.7439
vn -0.8844 0.1466 0.4432
vn -0.7007 -0.0726 0.7098
vn 0.3814 -0.6546 -0.6527
vn 0.3775 -0.8236 0.4233
vn -0.6503 -0.6122 0.4497
vn -0.6836 -0.4368 -0.5847
vn 0.4646 0.8719 -0.1545
vn 0.0202 0.9945 -0.1028
vn 0.0867 0.9572 0.2761
vn 0.4525 0.8369 0.3079
vn -0.9164 0.1411 -0.3745
vn -0.8028 0.4431 -0.3990
vn -0.4216 0.3261 -0.8461
vn -0.4654 0.1063 -0.8787
vn 0.3804 -0.0859 -0.9208
vn 0.3989 -0.0114 -0.9169
vn 0.8587 -0.1791 -0.4801
vn 0.8354 -0.2518 -0.4886
vn 0.8503 -0.3733 0.3711
vn 0.8993 -0.1555 0.4087
vn 0.5173 -0.0381 0.8550
vn 0.3842 -0.3330 0.8611
vn -0.4075 -0.1622 0.8987
vn -0.3179 0.1885 0.9292
vn -0.8054 0.3662 0.4661
vn -0.9041 0.0188 0.4269
vn -0.0947 -0.3334 -0.9380
vn 0.7546 -0.6430 -0.1312
vn -0.0760 -0.6212 0.7799
vn -0.9519 -0.3019 -0.0521
vn 0.6697 0.7399 0.0638
vn 0.2171 0.9049 -0.3662
vn -0.1210 0.9901 0.0715
vn 0.2858 0.8417 0.4580
vt 0.741756 0.589882
vt 0.749354 0.546248
vt 0.760570 0.549604
vt 0.745668 0.602882
vt 0.105027 0.743140
vt 0.096430 0.685188
vt 0.111003 0.683428
vt 0.116834 0.743363
vt 0.130482 0.681864
vt 0.133077 0.742887
vt 0.131158 0.796924
vt 0.145192 0.799075
vt 0.096418 0.646799
vt 0.112865 0.644426
vt 0.102916 0.630927
vt 0.118707 0.626101
vt 0.142410 0.623487
vt 0.134819 0.642423
vt 0.156177 0.641184
vt 0.150904 0.680442
vt 0.163537 0.622745
vt 0.175776 0.625473
vt 0.173805 0.641007
vt 0.169261 0.679737
vt 0.150455 0.740846
vt 0.159529 0.794800
vt 0.165955 0.738579
vt 0.169786 0.782154
vt 0.779528 0.803366
vt 0.774679 0.760161
vt 0.788829 0.761304
vt 0.790277 0.815322
vt 0.770740 0.701302
vt 0.787229 0.700671
vt 0.808268 0.700945
vt 0.807262 0.762381
vt 0.805956 0.818824
vt 0.771991 0.662345
vt 0.787979 0.661238
vt 0.776779 0.646610
vt 0.789862 0.642964
vt 0.810147 0.642505
vt 0.809046 0.661266
vt 0.830916 0.662257
vt 0.830209 0.701691
vt 0.830964 0.643939
vt 0.845310 0.648236
vt 0.849365 0.664181
vt 0.849365 0.703168
vt 0.826484 0.762198
vt 0.822266 0.816081
vt 0.842938 0.761781
vt 0.834699 0.804675
vt 0.861942 0.584976
vt 0.865953 0.541336
vt 0.878261 0.542427
vt 0.870519 0.597072
vt 0.864095 0.482826
vt 0.878643 0.482119
vt 0.897945 0.483280
vt 0.894701 0.544256
vt 0.884269 0.601260
vt 0.861942 0.444895
vt 0.876105 0.443795
vt 0.862452 0.430318
vt 0.873345 0.427137
vt 0.893992 0.427890
vt 0.896507 0.444850
vt 0.919900 0.447683
vt 0.918990 0.485701
vt 0.918675 0.431161
vt 0.936125 0.436860
vt 0.940192 0.451842
vt 0.937738 0.489365
vt 0.912256 0.545445
vt 0.899207 0.599619
vt 0.927561 0.546806
vt 0.911420 0.589369
vt 0.687008 0.586459
vt 0.681618 0.542012
vt 0.695270 0.544156
vt 0.697162 0.599037
vt 0.680009 0.483449
vt 0.695882 0.483969
vt 0.716611 0.485231
vt 0.713423 0.546093
vt 0.712555 0.603234
vt 0.683789 0.445372
vt 0.699077 0.445306
vt 0.690435 0.430464
vt 0.703440 0.427681
vt 0.723532 0.428131
vt 0.719842 0.446301
vt 0.741686 0.447971
vt 0.738533 0.486636
vt 0.744227 0.430232
vt 0.758440 0.434716
vt 0.760570 0.450174
vt 0.758031 0.488328
vt 0.732637 0.546493
vt 0.728905 0.601022
vt 0.175776 0.794699
vt 0.169617 0.820348
vt 0.806046 0.846499
vt 0.790445 0.841267
vt 0.182609 0.607822
vt 0.165847 0.608232
vt 0.164185 0.593965
vt 0.181556 0.593947
vt 0.154208 0.826418
vt 0.822170 0.842020
vt 0.838641 0.818049
vt 0.864194 0.624203
vt 0.879313 0.630329
vt 0.152134 0.604924
vt 0.150139 0.590960
vt 0.152134 0.574312
vt 0.165847 0.576674
vt 0.895717 0.627002
vt 0.914291 0.603824
vt 0.713442 0.631131
vt 0.698145 0.625250
vt 0.138443 0.822682
vt 0.182609 0.577210
vt 0.729627 0.627218
vt 0.172248 0.922449
vt 0.158062 0.926984
vt 0.160411 0.913978
vt 0.177967 0.911526
vt 0.137229 0.927415
vt 0.138634 0.913299
vt 0.140651 0.890077
vt 0.163198 0.891641
vt 0.181896 0.890594
vt 0.116737 0.923422
vt 0.117007 0.910237
vt 0.103347 0.916509
vt 0.099753 0.904784
vt 0.099479 0.883489
vt 0.118112 0.887754
vt 0.121237 0.860855
vt 0.143016 0.862134
vt 0.103683 0.858904
vt 0.109734 0.841942
vt 0.124046 0.838096
vt 0.144906 0.837792
vt 0.164640 0.864596
vt 0.181896 0.865645
vt 0.165371 0.841659
vt 0.178635 0.847881
s 1
usemtl Material.006
f 735/1450/673 763/1451/701 809/1452/747 762/1453/700
f 763/1454/701 744/1455/682 785/1456/723 809/1457/747
f 809/1457/747 785/1456/723 755/1458/693 788/1459/726
f 762/1460/700 809/1457/747 788/1459/726 743/1461/681
f 744/1455/682 764/1462/702 810/1463/748 785/1456/723
f 764/1462/702 736/1464/674 765/1465/703 810/1463/748
f 810/1463/748 765/1465/703 745/1466/683 786/1467/724
f 785/1456/723 810/1463/748 786/1467/724 755/1458/693
f 755/1458/693 786/1467/724 811/1468/749 787/1469/725
f 786/1467/724 745/1466/683 766/1470/704 811/1468/749
f 811/1468/749 766/1470/704 738/1471/676 767/1472/705
f 787/1469/725 811/1468/749 767/1472/705 746/1473/684
f 743/1461/681 788/1459/726 812/1474/750 761/1475/699
f 788/1459/726 755/1458/693 787/1469/725 812/1474/750
f 812/1474/750 787/1469/725 746/1473/684 768/1476/706
f 761/1475/699 812/1474/750 768/1476/706 737/1477/675
f 737/1478/675 768/1479/706 813/1480/751 770/1481/708
f 768/1479/706 746/1482/684 789/1483/727 813/1480/751
f 813/1480/751 789/1483/727 756/1484/694 792/1485/730
f 770/1481/708 813/1480/751 792/1485/730 747/1486/685
f 746/1482/684 767/1487/705 814/1488/752 789/1483/727
f 767/1487/705 738/1489/676 771/1490/709 814/1488/752
f 814/1488/752 771/1490/709 748/1491/686 790/1492/728
f 789/1483/727 814/1488/752 790/1492/728 756/1484/694
f 756/1484/694 790/1492/728 815/1493/753 791/1494/729
f 790/1492/728 748/1491/686 772/1495/710 815/1493/753
f 815/1493/753 772/1495/710 742/1496/680 773/1497/711
f 791/1494/729 815/1493/753 773/1497/711 749/1498/687
f 747/1486/685 792/1485/730 816/1499/754 769/1500/707
f 792/1485/730 756/1484/694 791/1494/729 816/1499/754
f 816/1499/754 791/1494/729 749/1498/687 774/1501/712
f 769/1500/707 816/1499/754 774/1501/712 741/1502/679
f 741/1503/679 774/1504/712 817/1505/755 776/1506/714
f 774/1504/712 749/1507/687 793/1508/731 817/1505/755
f 817/1505/755 793/1508/731 757/1509/695 796/1510/734
f 776/1506/714 817/1505/755 796/1510/734 750/1511/688
f 749/1507/687 773/1512/711 818/1513/756 793/1508/731
f 773/1512/711 742/1514/680 777/1515/715 818/1513/756
f 818/1513/756 777/1515/715 751/1516/689 794/1517/732
f 793/1508/731 818/1513/756 794/1517/732 757/1509/695
f 757/1509/695 794/1517/732 819/1518/757 795/1519/733
f 794/1517/732 751/1516/689 778/1520/716 819/1518/757
f 819/1518/757 778/1520/716 740/1521/678 779/1522/717
f 795/1519/733 819/1518/757 779/1522/717 752/1523/690
f 750/1511/688 796/1510/734 820/1524/758 775/1525/713
f 796/1510/734 757/1509/695 795/1519/733 820/1524/758
f 820/1524/758 795/1519/733 752/1523/690 780/1526/718
f 775/1525/713 820/1524/758 780/1526/718 739/1527/677
f 739/1528/677 780/1529/718 821/1530/759 782/1531/720
f 780/1529/718 752/1532/690 797/1533/735 821/1530/759
f 821/1530/759 797/1533/735 758/1534/696 800/1535/738
f 782/1531/720 821/1530/759 800/1535/738 753/1536/691
f 752/1532/690 779/1537/717 822/1538/760 797/1533/735
f 779/1537/717 740/1539/678 783/1540/721 822/1538/760
f 822/1538/760 783/1540/721 754/1541/692 798/1542/736
f 797/1533/735 822/1538/760 798/1542/736 758/1534/696
f 758/1534/696 798/1542/736 823/1543/761 799/1544/737
f 798/1542/736 754/1541/692 784/1545/722 823/1543/761
f 823/1543/761 784/1545/722 736/1546/674 764/1547/702
f 799/1544/737 823/1543/761 764/1547/702 744/1548/682
f 753/1536/691 800/1535/738 824/1549/762 781/1550/719
f 800/1535/738 758/1534/696 799/1544/737 824/1549/762
f 824/1549/762 799/1544/737 744/1548/682 763/1451/701
f 781/1550/719 824/1549/762 763/1451/701 735/1450/673
f 737/1477/675 770/1551/708 825/1552/763 761/1475/699
f 770/1481/708 747/1486/685 801/1553/739 825/1554/763
f 825/1555/763 801/1556/739 759/1557/697 804/1558/742
f 761/1475/699 825/1552/763 804/1559/742 743/1461/681
f 747/1486/685 769/1500/707 826/1560/764 801/1553/739
f 769/1500/707 741/1502/679 776/1561/714 826/1560/764
f 826/1562/764 776/1506/714 750/1511/688 802/1563/740
f 801/1556/739 826/1564/764 802/1565/740 759/1557/697
f 759/1557/697 802/1565/740 827/1566/765 803/1567/741
f 802/1563/740 750/1511/688 775/1525/713 827/1568/765
f 827/1568/765 775/1525/713 739/1527/677 782/1569/720
f 803/1570/741 827/1571/765 782/1531/720 753/1536/691
f 743/1461/681 804/1559/742 828/1572/766 762/1460/700
f 804/1558/742 759/1557/697 803/1567/741 828/1573/766
f 828/1574/766 803/1570/741 753/1536/691 781/1550/719
f 762/1453/700 828/1574/766 781/1550/719 735/1450/673
f 742/1575/680 772/1576/710 829/1577/767 777/1578/715
f 772/1576/710 748/1579/686 805/1580/743 829/1577/767
f 829/1577/767 805/1580/743 760/1581/698 808/1582/746
f 777/1578/715 829/1577/767 808/1582/746 751/1583/689
f 748/1579/686 771/1584/709 830/1585/768 805/1580/743
f 771/1584/709 738/1586/676 766/1587/704 830/1585/768
f 830/1585/768 766/1587/704 745/1588/683 806/1589/744
f 805/1580/743 830/1585/768 806/1589/744 760/1581/698
f 760/1581/698 806/1589/744 831/1590/769 807/1591/745
f 806/1589/744 745/1588/683 765/1592/703 831/1590/769
f 831/1590/769 765/1592/703 736/1593/674 784/1594/722
f 807/1591/745 831/1590/769 784/1594/722 754/1595/692
f 751/1583/689 808/1582/746 832/1596/770 778/1597/716
f 808/1582/746 760/1581/698 807/1591/745 832/1596/770
f 832/1596/770 807/1591/745 754/1595/692 783/1598/721
f 778/1597/716 832/1596/770 783/1598/721 740/1599/678
o Cube.005
v -0.470359 0.656159 -0.902462
v -0.087229 2.526771 -1.136149
v -0.177195 0.620933 -0.580334
v 0.349290 2.474320 -0.656504
v -0.158739 0.542561 -1.198486
v 0.299846 2.385667 -1.503851
v 0.134426 0.507336 -0.876358
v 0.736365 2.333217 -1.024206
v -0.395704 0.464512 -0.694969
v -0.328458 1.899315 -1.088228
v 0.133687 2.558146 -0.834289
v 0.107886 1.846886 -0.608775
v -0.043164 0.377761 -0.679753
v 0.601541 2.445355 -0.794507
v 0.551976 1.684998 -1.030638
v -0.032406 0.332077 -1.040084
v 0.596696 2.389362 -1.274124
v 0.115632 1.737427 -1.510091
v -0.384945 0.418828 -1.055301
v 0.076885 2.508395 -1.370996
v -0.189344 1.898703 -0.762496
v 0.407499 1.752302 -0.732817
v 0.421889 1.675886 -1.343136
v -0.189799 1.824070 -1.389126
v -0.286803 0.012444 -0.796041
v 0.407471 2.565956 -1.045081
v -0.292097 0.490592 -0.614560
v -0.462074 0.511016 -0.801330
v -0.448739 1.193732 -1.006801
v -0.197638 2.353546 -1.132394
v -0.001587 2.563181 -1.003926
v 0.266998 2.530910 -0.708806
v 0.266000 2.297838 -0.622950
v -0.083709 1.149872 -0.605707
v 0.048901 0.385278 -0.779275
v -0.131776 0.451141 -0.607640
v 0.470413 2.481146 -0.697577
v 0.702570 2.396517 -0.918115
v 0.703024 2.138526 -1.038101
v 0.301835 1.009326 -0.971955
v -0.116183 0.384926 -1.129909
v 0.053793 0.364502 -0.943139
v 0.706387 2.370736 -1.126203
v 0.437801 2.403008 -1.421324
v 0.239386 2.194235 -1.547545
v -0.063194 1.053186 -1.373048
v -0.457181 0.490240 -0.965194
v -0.276504 0.424377 -1.136828
v 0.203074 2.456533 -1.466959
v -0.029083 2.541163 -1.246422
v -0.289496 1.907780 -0.916265
v -0.024255 2.357150 -0.787568
v -0.050441 1.879056 -0.653592
v -0.341646 1.163604 -0.737103
v 0.266948 1.801013 -0.639403
v 0.559237 2.214969 -0.750630
v 0.509711 1.712517 -0.870016
v 0.164655 1.039074 -0.714760
v 0.518919 1.671504 -1.194455
v 0.565570 2.142137 -1.347872
v 0.279864 1.700227 -1.457128
v 0.179627 0.973580 -1.232286
v -0.047731 1.779496 -1.482531
v -0.059673 2.289334 -1.430686
v -0.290494 1.867993 -1.251918
v -0.328529 1.098332 -1.256668
v -0.174395 0.065100 -0.697916
v -0.178302 0.042996 -0.891445
v -0.366943 0.088235 -0.909487
v -0.363035 0.110338 -0.715958
v 0.540348 2.537830 -0.894410
v 0.275544 2.600596 -0.925918
v 0.240829 2.573818 -1.223520
v 0.528829 2.508265 -1.166526
v -0.422901 1.181104 -0.865409
v -0.141820 2.365379 -0.954729
v 0.117669 2.334200 -0.669604
v -0.221477 1.156901 -0.644085
v 0.045369 1.091245 -0.632506
v 0.419627 2.260071 -0.655101
v 0.662147 2.171664 -0.885483
v 0.258057 1.013712 -0.834548
v 0.266140 0.979147 -1.107297
v 0.669927 2.132881 -1.194222
v 0.410439 2.164060 -1.479347
v 0.064716 1.003349 -1.328621
v -0.203406 1.069159 -1.341602
v 0.080182 2.241590 -1.524943
v -0.162337 2.329997 -1.294561
v -0.416094 1.146692 -1.139560
v -0.252081 0.157010 -0.623002
v -0.072888 0.091687 -0.793227
v -0.259661 0.114129 -0.998453
v -0.438854 0.179451 -0.828228
v 0.652342 2.482869 -1.016636
v 0.408507 2.571756 -0.785005
v 0.119426 2.606490 -1.102647
v 0.363260 2.517603 -1.334277
vn -0.9998 0.0179 -0.0106
vn -0.7022 0.7119 -0.0088
vn -0.0291 0.0093 0.9995
vn 0.0784 0.4130 0.9073
vn -0.0208 -0.3390 -0.9406
vn 0.2346 0.3704 -0.8987
vn 0.9359 -0.3425 0.0829
vn 0.9963 0.0784 0.0354
vn -0.7438 -0.0094 0.6683
vn -0.9745 0.2237 -0.0165
vn -0.4114 0.7732 0.4826
vn -0.0507 0.0361 0.9981
vn 0.6239 -0.2327 0.7461
vn 0.7095 0.3455 0.6143
vn 0.9437 -0.3264 0.0534
vn 0.6076 -0.5021 -0.6154
vn 0.7204 0.3606 -0.5925
vn 0.0478 -0.1490 -0.9877
vn -0.7131 -0.2378 -0.6595
vn -0.3186 0.7231 -0.6129
vn -0.7090 0.2276 0.6675
vn 0.6386 -0.1908 0.7455
vn 0.6923 -0.2832 -0.6637
vn -0.6762 0.0588 -0.7344
vn -0.2420 -0.9634 0.1149
vn 0.2460 0.9629 -0.1106
vn -0.4108 -0.0108 0.9117
vn -0.9499 -0.0059 0.3125
vn -0.9938 0.1071 -0.0282
vn -0.9076 0.4198 -0.0111
vn -0.5453 0.7907 0.2784
vn -0.2227 0.6673 0.7107
vn -0.0343 0.1445 0.9889
vn -0.0505 0.0273 0.9983
vn 0.8450 -0.3313 0.4198
vn 0.2879 -0.1282 0.9490
vn 0.4477 0.4104 0.7944
vn 0.8964 0.2468 0.3683
vn 0.9743 -0.2231 0.0308
vn 0.9409 -0.3341 0.0566
vn 0.2731 -0.4517 -0.8493
vn 0.8400 -0.4668 -0.2766
vn 0.8986 0.2585 -0.3545
vn 0.5337 0.3973 -0.7465
vn 0.1243 0.0437 -0.9913
vn -0.0052 -0.2533 -0.9674
vn -0.9405 -0.1142 -0.3201
vn -0.3560 -0.3272 -0.8753
vn -0.0840 0.6076 -0.7898
vn -0.5210 0.7670 -0.3746
vn -0.8871 0.2510 0.3874
vn -0.6436 0.4218 0.6387
vn -0.4440 0.1575 0.8821
vn -0.7302 0.1359 0.6695
vn 0.3528 -0.0932 0.9310
vn 0.6678 -0.0926 0.7385
vn 0.8418 -0.2715 0.4665
vn 0.6428 -0.1783 0.7450
vn 0.8721 -0.3222 -0.3682
vn 0.7361 -0.0812 -0.6719
vn 0.4361 -0.2314 -0.8696
vn 0.6610 -0.3713 -0.6521
vn -0.3765 -0.0385 -0.9256
vn -0.5979 0.2985 -0.7439
vn -0.8844 0.1466 -0.4432
vn -0.7007 -0.0726 -0.7098
vn 0.3814 -0.6546 0.6527
vn 0.3775 -0.8236 -0.4233
vn -0.6503 -0.6122 -0.4497
vn -0.6836 -0.4368 0.5847
vn 0.4646 0.8719 0.1545
vn 0.0202 0.9945 0.1028
vn 0.0867 0.9572 -0.2761
vn 0.4525 0.8369 -0.3079
vn -0.9164 0.1411 0.3745
vn -0.8028 0.4431 0.3990
vn -0.4216 0.3261 0.8461
vn -0.4654 0.1063 0.8787
vn 0.3804 -0.0859 0.9208
vn 0.3989 -0.0114 0.9169
vn 0.8587 -0.1791 0.4801
vn 0.8354 -0.2518 0.4886
vn 0.8503 -0.3733 -0.3711
vn 0.8993 -0.1555 -0.4087
vn 0.5173 -0.0381 -0.8550
vn 0.3842 -0.3330 -0.8611
vn -0.4075 -0.1622 -0.8987
vn -0.3179 0.1885 -0.9292
vn -0.8054 0.3662 -0.4661
vn -0.9041 0.0188 -0.4269
vn -0.0947 -0.3334 0.9380
vn 0.7546 -0.6430 0.1312
vn -0.0760 -0.6212 -0.7799
vn -0.9519 -0.3019 0.0521
vn 0.6697 0.7399 -0.0638
vn 0.2171 0.9049 0.3662
vn -0.1210 0.9901 -0.0715
vn 0.2858 0.8417 -0.4580
vt 0.605402 0.738498
vt 0.612999 0.694864
vt 0.624215 0.698219
vt 0.609313 0.751497
vt 0.688618 0.762899
vt 0.680021 0.704948
vt 0.694593 0.703188
vt 0.700425 0.763123
vt 0.714072 0.701624
vt 0.716668 0.762647
vt 0.714749 0.816684
vt 0.728782 0.818835
vt 0.680009 0.666559
vt 0.696456 0.664186
vt 0.686506 0.650686
vt 0.702298 0.645860
vt 0.726001 0.643246
vt 0.718410 0.662183
vt 0.739768 0.660944
vt 0.734494 0.700201
vt 0.747128 0.642505
vt 0.759367 0.645232
vt 0.757396 0.660766
vt 0.752852 0.699496
vt 0.734045 0.760606
vt 0.743120 0.814560
vt 0.749545 0.758339
vt 0.753376 0.801913
vt 0.780731 0.587997
vt 0.775882 0.544793
vt 0.790032 0.545936
vt 0.791480 0.599954
vt 0.771943 0.485934
vt 0.788432 0.485303
vt 0.809472 0.485577
vt 0.808465 0.547013
vt 0.807159 0.603456
vt 0.773194 0.446976
vt 0.789182 0.445870
vt 0.777983 0.431241
vt 0.791065 0.427595
vt 0.811350 0.427136
vt 0.810249 0.445898
vt 0.832119 0.446889
vt 0.831412 0.486323
vt 0.832167 0.428571
vt 0.846513 0.432868
vt 0.850568 0.448813
vt 0.850568 0.487800
vt 0.827687 0.546830
vt 0.823469 0.600713
vt 0.844141 0.546412
vt 0.835902 0.589307
vt 0.543654 0.948959
vt 0.547666 0.905320
vt 0.559974 0.906411
vt 0.552232 0.961055
vt 0.545807 0.846810
vt 0.560356 0.846102
vt 0.579657 0.847263
vt 0.576414 0.908239
vt 0.565982 0.965244
vt 0.543654 0.808879
vt 0.557818 0.807779
vt 0.544164 0.794302
vt 0.555057 0.791120
vt 0.575704 0.791874
vt 0.578219 0.808833
vt 0.601613 0.811667
vt 0.600702 0.849684
vt 0.600388 0.795145
vt 0.617838 0.800843
vt 0.621905 0.815826
vt 0.619451 0.853348
vt 0.593969 0.909429
vt 0.580920 0.963602
vt 0.609273 0.910789
vt 0.593133 0.953352
vt 0.550653 0.735074
vt 0.545263 0.690628
vt 0.558916 0.692772
vt 0.560808 0.747653
vt 0.543654 0.632065
vt 0.559528 0.632585
vt 0.580257 0.633847
vt 0.577069 0.694709
vt 0.576200 0.751850
vt 0.547435 0.593988
vt 0.562723 0.593922
vt 0.554080 0.579079
vt 0.567085 0.576297
vt 0.587177 0.576746
vt 0.583487 0.594916
vt 0.605331 0.596586
vt 0.602179 0.635252
vt 0.607873 0.578848
vt 0.622086 0.583332
vt 0.624215 0.598789
vt 0.621676 0.636944
vt 0.596283 0.695109
vt 0.592551 0.749638
vt 0.759367 0.814459
vt 0.753208 0.840108
vt 0.807249 0.631131
vt 0.791648 0.625899
vt 0.628542 0.281847
vt 0.611781 0.282258
vt 0.610119 0.267990
vt 0.627489 0.267972
vt 0.737799 0.846178
vt 0.823373 0.626651
vt 0.839844 0.602681
vt 0.545907 0.988187
vt 0.561025 0.994313
vt 0.598067 0.278950
vt 0.596072 0.264985
vt 0.598067 0.248337
vt 0.611781 0.250699
vt 0.577429 0.990986
vt 0.596004 0.967807
vt 0.577087 0.779746
vt 0.561790 0.773865
vt 0.722033 0.842442
vt 0.628542 0.251235
vt 0.593273 0.775834
vt 0.933508 0.941728
vt 0.919322 0.946264
vt 0.921671 0.933258
vt 0.939226 0.930805
vt 0.898489 0.946695
vt 0.899894 0.932578
vt 0.901910 0.909356
vt 0.924458 0.910920
vt 0.943156 0.909873
vt 0.877997 0.942701
vt 0.878267 0.929516
vt 0.864607 0.935789
vt 0.861013 0.924064
vt 0.860738 0.902768
vt 0.879372 0.907034
vt 0.882497 0.880134
vt 0.904276 0.881413
vt 0.864943 0.878183
vt 0.870994 0.861221
vt 0.885305 0.857376
vt 0.906166 0.857071
vt 0.925900 0.883876
vt 0.943156 0.884925
vt 0.926630 0.860938
vt 0.939895 0.867160
s 1
usemtl Material.007
f 833/1600/771 860/1603/798 907/1602/845 861/1601/799
f 861/1604/799 907/1607/845 883/1606/821 842/1605/780
f 907/1607/845 886/1609/824 853/1608/791 883/1606/821
f 860/1610/798 841/1611/779 886/1609/824 907/1607/845
f 842/1605/780 883/1606/821 908/1613/846 862/1612/800
f 862/1612/800 908/1613/846 863/1615/801 834/1614/772
f 908/1613/846 884/1617/822 843/1616/781 863/1615/801
f 883/1606/821 853/1608/791 884/1617/822 908/1613/846
f 853/1608/791 885/1619/823 909/1618/847 884/1617/822
f 884/1617/822 909/1618/847 864/1620/802 843/1616/781
f 909/1618/847 865/1622/803 836/1621/774 864/1620/802
f 885/1619/823 844/1623/782 865/1622/803 909/1618/847
f 841/1611/779 859/1625/797 910/1624/848 886/1609/824
f 886/1609/824 910/1624/848 885/1619/823 853/1608/791
f 910/1624/848 866/1626/804 844/1623/782 885/1619/823
f 859/1625/797 835/1627/773 866/1626/804 910/1624/848
f 835/1628/773 868/1631/806 911/1630/849 866/1629/804
f 866/1629/804 911/1630/849 887/1633/825 844/1632/782
f 911/1630/849 890/1635/828 854/1634/792 887/1633/825
f 868/1631/806 845/1636/783 890/1635/828 911/1630/849
f 844/1632/782 887/1633/825 912/1638/850 865/1637/803
f 865/1637/803 912/1638/850 869/1640/807 836/1639/774
f 912/1638/850 888/1642/826 846/1641/784 869/1640/807
f 887/1633/825 854/1634/792 888/1642/826 912/1638/850
f 854/1634/792 889/1644/827 913/1643/851 888/1642/826
f 888/1642/826 913/1643/851 870/1645/808 846/1641/784
f 913/1643/851 871/1647/809 840/1646/778 870/1645/808
f 889/1644/827 847/1648/785 871/1647/809 913/1643/851
f 845/1636/783 867/1650/805 914/1649/852 890/1635/828
f 890/1635/828 914/1649/852 889/1644/827 854/1634/792
f 914/1649/852 872/1651/810 847/1648/785 889/1644/827
f 867/1650/805 839/1652/777 872/1651/810 914/1649/852
f 839/1653/777 874/1656/812 915/1655/853 872/1654/810
f 872/1654/810 915/1655/853 891/1658/829 847/1657/785
f 915/1655/853 894/1660/832 855/1659/793 891/1658/829
f 874/1656/812 848/1661/786 894/1660/832 915/1655/853
f 847/1657/785 891/1658/829 916/1663/854 871/1662/809
f 871/1662/809 916/1663/854 875/1665/813 840/1664/778
f 916/1663/854 892/1667/830 849/1666/787 875/1665/813
f 891/1658/829 855/1659/793 892/1667/830 916/1663/854
f 855/1659/793 893/1669/831 917/1668/855 892/1667/830
f 892/1667/830 917/1668/855 876/1670/814 849/1666/787
f 917/1668/855 877/1672/815 838/1671/776 876/1670/814
f 893/1669/831 850/1673/788 877/1672/815 917/1668/855
f 848/1661/786 873/1675/811 918/1674/856 894/1660/832
f 894/1660/832 918/1674/856 893/1669/831 855/1659/793
f 918/1674/856 878/1676/816 850/1673/788 893/1669/831
f 873/1675/811 837/1677/775 878/1676/816 918/1674/856
f 837/1678/775 880/1681/818 919/1680/857 878/1679/816
f 878/1679/816 919/1680/857 895/1683/833 850/1682/788
f 919/1680/857 898/1685/836 856/1684/794 895/1683/833
f 880/1681/818 851/1686/789 898/1685/836 919/1680/857
f 850/1682/788 895/1683/833 920/1688/858 877/1687/815
f 877/1687/815 920/1688/858 881/1690/819 838/1689/776
f 920/1688/858 896/1692/834 852/1691/790 881/1690/819
f 895/1683/833 856/1684/794 896/1692/834 920/1688/858
f 856/1684/794 897/1694/835 921/1693/859 896/1692/834
f 896/1692/834 921/1693/859 882/1695/820 852/1691/790
f 921/1693/859 862/1697/800 834/1696/772 882/1695/820
f 897/1694/835 842/1698/780 862/1697/800 921/1693/859
f 851/1686/789 879/1700/817 922/1699/860 898/1685/836
f 898/1685/836 922/1699/860 897/1694/835 856/1684/794
f 922/1699/860 861/1601/799 842/1698/780 897/1694/835
f 879/1700/817 833/1600/771 861/1601/799 922/1699/860
f 835/1627/773 859/1625/797 923/1702/861 868/1701/806
f 868/1631/806 923/1704/861 899/1703/837 845/1636/783
f 923/1705/861 902/1708/840 857/1707/795 899/1706/837
f 859/1625/797 841/1611/779 902/1709/840 923/1702/861
f 845/1636/783 899/1703/837 924/1710/862 867/1650/805
f 867/1650/805 924/1710/862 874/1711/812 839/1652/777
f 924/1712/862 900/1713/838 848/1661/786 874/1656/812
f 899/1706/837 857/1707/795 900/1715/838 924/1714/862
f 857/1707/795 901/1717/839 925/1716/863 900/1715/838
f 900/1713/838 925/1718/863 873/1675/811 848/1661/786
f 925/1718/863 880/1719/818 837/1677/775 873/1675/811
f 901/1720/839 851/1686/789 880/1681/818 925/1721/863
f 841/1611/779 860/1610/798 926/1722/864 902/1709/840
f 902/1708/840 926/1723/864 901/1717/839 857/1707/795
f 926/1724/864 879/1700/817 851/1686/789 901/1720/839
f 860/1603/798 833/1600/771 879/1700/817 926/1724/864
f 840/1725/778 875/1728/813 927/1727/865 870/1726/808
f 870/1726/808 927/1727/865 903/1730/841 846/1729/784
f 927/1727/865 906/1732/844 858/1731/796 903/1730/841
f 875/1728/813 849/1733/787 906/1732/844 927/1727/865
f 846/1729/784 903/1730/841 928/1735/866 869/1734/807
f 869/1734/807 928/1735/866 864/1737/802 836/1736/774
f 928/1735/866 904/1739/842 843/1738/781 864/1737/802
f 903/1730/841 858/1731/796 904/1739/842 928/1735/866
f 858/1731/796 905/1741/843 929/1740/867 904/1739/842
f 904/1739/842 929/1740/867 863/1742/801 843/1738/781
f 929/1740/867 882/1744/820 834/1743/772 863/1742/801
f 905/1741/843 852/1745/790 882/1744/820 929/1740/867
f 849/1733/787 876/1747/814 930/1746/868 906/1732/844
f 906/1732/844 930/1746/868 905/1741/843 858/1731/796
f 930/1746/868 881/1748/819 852/1745/790 905/1741/843
f 876/1747/814 838/1749/776 881/1748/819 930/1746/868
o Cube
v 0.325616 2.020470 1.389145
v 0.269302 2.622615 1.389145
v 0.325616 2.020470 -1.505472
v 0.269302 2.622614 -1.505472
v 1.793470 2.143712 1.389144
v 1.738914 2.700785 1.389144
v 1.793470 2.143712 -1.505472
v 1.738914 2.700785 -1.505472
v 0.110407 2.018752 -0.885197
v 0.171430 2.265515 -0.058164
v 0.110407 2.018752 0.768869
v 0.039984 2.764968 0.768869
v 0.113234 2.886877 -0.058164
v 0.039984 2.764968 -0.885197
v 2.075784 2.092180 0.768869
v 2.161518 2.242740 -0.058164
v 2.075783 2.092180 -0.885197
v 2.007118 2.793326 -0.885197
v 2.105080 2.819031 -0.058164
v 2.007117 2.793326 0.768869
v 0.103691 1.972996 0.972357
v 0.132958 1.961163 1.156222
v 0.217814 1.983211 1.301785
v 0.207467 2.137634 1.419303
v 0.137508 2.304840 1.434453
v 0.173341 2.513216 1.419303
v 0.031301 2.739298 -1.088685
v 0.062083 2.711988 -1.272549
v 0.153217 2.669939 -1.418113
v 0.173341 2.513216 -1.535631
v 0.137508 2.304840 -1.550780
v 0.207467 2.137634 -1.535631
v 1.498961 2.113908 -1.535631
v 1.065521 2.109291 -1.550780
v 0.628083 2.145491 -1.535631
v 0.565569 2.783822 -1.535631
v 0.999009 2.788439 -1.550780
v 1.436446 2.752239 -1.535631
v 1.857062 2.583622 -1.535631
v 1.927022 2.416416 -1.550780
v 1.889431 2.253110 -1.535631
v 2.053829 2.065344 -1.088685
v 2.007314 2.065691 -1.272550
v 1.910383 2.097806 -1.418113
v 1.983196 2.786575 0.972357
v 1.938196 2.771445 1.156222
v 1.847543 2.739463 1.301785
v 1.857062 2.583622 1.419303
v 1.927022 2.416416 1.434453
v 1.889431 2.253110 1.419303
v 0.628083 2.145491 1.419303
v 1.065521 2.109291 1.434453
v 1.498961 2.113908 1.419303
v 1.436447 2.752239 1.419303
v 0.999009 2.788439 1.434453
v 0.565569 2.783822 1.419303
v 0.217814 1.983211 -1.418113
v 0.132957 1.961163 -1.272549
v 0.103691 1.972996 -1.088685
v 0.128524 2.092010 -0.678439
v 0.148547 2.172979 -0.471680
v 0.164756 2.238525 -0.264922
v 0.164756 2.238526 0.148595
v 0.148547 2.172979 0.355353
v 0.128523 2.092010 0.562111
v 0.153217 2.669939 1.301785
v 0.062083 2.711988 1.156222
v 0.031301 2.739298 0.972357
v 0.061730 2.801160 0.562111
v 0.085765 2.841161 0.355353
v 0.105223 2.873543 0.148595
v 0.105222 2.873543 -0.264922
v 0.085765 2.841161 -0.471680
v 0.061730 2.801160 -0.678439
v 1.910383 2.097807 1.301785
v 2.007314 2.065691 1.156222
v 2.053829 2.065344 0.972357
v 2.101236 2.136878 0.562111
v 2.129368 2.186280 0.355353
v 2.152141 2.226273 0.148595
v 2.152141 2.226273 -0.264922
v 2.129368 2.186280 -0.471680
v 2.101236 2.136878 -0.678439
v 1.847543 2.739463 -1.418113
v 1.938196 2.771445 -1.272550
v 1.983196 2.786575 -1.088685
v 2.036200 2.800957 -0.678439
v 2.068344 2.809391 -0.471680
v 2.094365 2.816219 -0.264922
v 2.094365 2.816219 0.148595
v 2.068344 2.809391 0.355353
v 2.036200 2.800957 0.562111
v 0.477366 2.937701 -0.885197
v 1.011554 2.976314 -0.885197
v 1.552181 2.915271 -0.885197
v 0.557935 3.020256 -0.058164
v 1.099454 3.026710 -0.058164
v 1.646264 2.945214 -0.058164
v 0.477365 2.937701 0.768869
v 1.011554 2.976314 0.768869
v 1.552181 2.915271 0.768869
v 1.640159 2.016928 -0.885197
v 1.105970 2.012239 -0.885197
v 0.565344 2.073281 -0.885197
v 1.718576 2.206842 -0.058164
v 1.177057 2.234310 -0.058164
v 0.630246 2.315806 -0.058164
v 1.640159 2.016928 0.768869
v 1.105970 2.012239 0.768869
v 0.565344 2.073281 0.768869
v 2.327984 2.618119 -0.885197
v 2.438887 2.421570 -0.885197
v 2.336607 2.236543 -0.885197
v 2.426651 2.658583 -0.058164
v 2.535369 2.491663 -0.058164
v 2.428587 2.345286 -0.058164
v 2.327984 2.618119 0.768869
v 2.438887 2.421570 0.768869
v 2.336607 2.236543 0.768869
v -0.220840 2.620606 0.768870
v -0.294191 2.433717 0.768869
v -0.181531 2.192096 0.768870
v -0.153835 2.784331 -0.058164
v -0.231688 2.636091 -0.058164
v -0.121213 2.424101 -0.058164
v -0.220840 2.620606 -0.885197
v -0.294191 2.433717 -0.885197
v -0.181531 2.192096 -0.885197
v -0.186626 2.148241 -1.088964
v -0.299158 2.394461 -1.089243
v -0.227009 2.587719 -1.088964
v -0.146891 2.131260 -1.274783
v -0.255791 2.372637 -1.277017
v -0.186435 2.562170 -1.274783
v -0.026753 2.135429 -1.426458
v -0.123857 2.360391 -1.433761
v -0.063187 2.534579 -1.426458
v 0.585441 2.289572 -1.600163
v 0.543263 2.466599 -1.622012
v 0.550944 2.641818 -1.600163
v 1.050440 2.263281 -1.622012
v 1.032265 2.448865 -1.645863
v 1.014090 2.634449 -1.622012
v 1.513586 2.255912 -1.600163
v 1.521266 2.431131 -1.622012
v 1.479089 2.608157 -1.600163
v 2.312139 2.216923 0.972636
v 2.384287 2.410182 0.972916
v 2.273512 2.611331 0.972636
v 2.255831 2.215510 1.158456
v 2.325188 2.405042 1.160689
v 2.218045 2.601348 1.158456
v 2.126787 2.233167 1.310131
v 2.187457 2.407354 1.317433
v 2.092110 2.587246 1.310131
v 1.513586 2.255912 1.483836
v 1.521266 2.431131 1.505685
v 1.479089 2.608157 1.483836
v 1.050440 2.263281 1.505685
v 1.032265 2.448865 1.529536
v 1.014090 2.634449 1.505685
v 0.585441 2.289572 1.483835
v 0.543263 2.466599 1.505685
v 0.550944 2.641818 1.483836
v 0.555475 2.028959 0.972637
v 1.092008 1.972130 0.972916
v 1.621916 1.982954 0.972636
v 0.567518 2.021857 1.158456
v 1.083132 1.968960 1.160689
v 1.592238 1.982522 1.158456
v 0.605663 2.058444 1.310131
v 1.075552 2.011799 1.317433
v 1.539648 2.024300 1.310131
v 1.531412 2.907087 0.972636
v 0.994879 2.963916 0.972916
v 0.464971 2.919169 0.972637
v 1.503636 2.887226 1.158456
v 0.988022 2.940123 1.160689
v 0.478916 2.892637 1.158456
v 1.459694 2.840705 1.310131
v 0.989806 2.887350 1.317433
v 0.525709 2.874849 1.310131
v 1.459694 2.840705 -1.426458
v 0.989806 2.887350 -1.433761
v 0.525709 2.874849 -1.426458
v 1.503636 2.887226 -1.274783
v 0.988022 2.940123 -1.277016
v 0.478916 2.892637 -1.274783
v 1.531412 2.907087 -1.088964
v 0.994879 2.963916 -1.089243
v 0.464970 2.919169 -1.088964
v 1.580112 2.924160 -0.678439
v 1.037649 2.991275 -0.678439
v 0.501284 2.962209 -0.678439
v 1.610983 2.933985 -0.471680
v 1.066491 3.007812 -0.471680
v 0.527721 2.989298 -0.471680
v 1.635973 2.941939 -0.264922
v 1.089840 3.021198 -0.264922
v 0.549122 3.011226 -0.264922
v 1.635973 2.941939 0.148595
v 1.089840 3.021198 0.148595
v 0.549122 3.011226 0.148595
v 1.610983 2.933985 0.355353
v 1.066491 3.007812 0.355353
v 0.527721 2.989298 0.355353
v 1.580112 2.924160 0.562111
v 1.037649 2.991275 0.562111
v 0.501284 2.962209 0.562111
v 0.605663 2.058444 -1.426458
v 1.075552 2.011799 -1.433761
v 1.539648 2.024300 -1.426458
v 0.567518 2.021857 -1.274783
v 1.083132 1.968960 -1.277017
v 1.592238 1.982522 -1.274783
v 0.555475 2.028959 -1.088964
v 1.092008 1.972130 -1.089243
v 1.621916 1.982954 -1.088964
v 0.584612 2.145281 -0.678439
v 1.127074 2.078166 -0.678439
v 1.663439 2.073309 -0.678439
v 0.605908 2.224860 -0.471680
v 1.150399 2.151033 -0.471680
v 1.689170 2.135624 -0.471680
v 0.623148 2.289280 -0.264922
v 1.169281 2.210021 -0.264922
v 1.709999 2.186070 -0.264922
v 0.623148 2.289280 0.148595
v 1.169281 2.210021 0.148595
v 1.709999 2.186070 0.148595
v 0.605908 2.224859 0.355353
v 1.150399 2.151033 0.355353
v 1.689170 2.135624 0.355353
v 0.584612 2.145281 0.562111
v 1.127074 2.078166 0.562111
v 1.663439 2.073309 0.562111
v 2.126787 2.233167 -1.426458
v 2.187457 2.407354 -1.433761
v 2.092110 2.587246 -1.426458
v 2.255831 2.215510 -1.274783
v 2.325188 2.405042 -1.277017
v 2.218045 2.601348 -1.274783
v 2.312139 2.216923 -1.088964
v 2.384287 2.410182 -1.089243
v 2.273513 2.611331 -1.088964
v 2.363914 2.268826 -0.678439
v 2.467531 2.442379 -0.678439
v 2.357276 2.630132 -0.678439
v 2.394095 2.304507 -0.471680
v 2.499189 2.465378 -0.471680
v 2.389651 2.643409 -0.471680
v 2.418527 2.333393 -0.264922
v 2.524817 2.483997 -0.264922
v 2.415860 2.654157 -0.264922
v 2.418527 2.333393 0.148595
v 2.524817 2.483997 0.148595
v 2.415860 2.654157 0.148595
v 2.394095 2.304507 0.355353
v 2.499189 2.465378 0.355353
v 2.389651 2.643409 0.355353
v 2.363914 2.268826 0.562111
v 2.467530 2.442379 0.562111
v 2.357276 2.630132 0.562111
v -0.026753 2.135428 1.310131
v -0.123857 2.360391 1.317433
v -0.063187 2.534579 1.310131
v -0.146891 2.131260 1.158456
v -0.255791 2.372637 1.160689
v -0.186435 2.562170 1.158456
v -0.186626 2.148241 0.972636
v -0.299158 2.394461 0.972916
v -0.227009 2.587719 0.972636
v -0.163624 2.260972 0.562111
v -0.275636 2.493797 0.562111
v -0.200948 2.669212 0.562111
v -0.143832 2.337099 0.355353
v -0.255126 2.560201 0.355353
v -0.178962 2.722934 0.355353
v -0.127810 2.398725 0.148595
v -0.238524 2.613956 0.148595
v -0.161164 2.766423 0.148595
v -0.127810 2.398725 -0.264922
v -0.238524 2.613956 -0.264922
v -0.161164 2.766423 -0.264922
v -0.143832 2.337099 -0.471680
v -0.255127 2.560201 -0.471680
v -0.178962 2.722934 -0.471680
v -0.163624 2.260972 -0.678439
v -0.275636 2.493797 -0.678439
v -0.200948 2.669212 -0.678439
vn 0.0464 -0.7862 0.6162
vn -0.3303 0.5160 0.7904
vn 0.0464 -0.7862 -0.6162
vn -0.3303 0.5160 -0.7904
vn 0.2147 -0.5985 0.7718
vn 0.2396 0.5909 0.7703
vn 0.2147 -0.5985 -0.7718
vn 0.2396 0.5909 -0.7703
vn -0.1085 -0.9586 0.2633
vn -0.1187 -0.9929 -0.0000
vn -0.1085 -0.9586 -0.2633
vn -0.4181 0.9024 0.1045
vn -0.3240 0.9460 -0.0000
vn -0.4181 0.9024 -0.1045
vn 0.2973 -0.9453 -0.1343
vn 0.2203 -0.9754 -0.0000
vn 0.2973 -0.9453 0.1343
vn 0.3559 0.9302 -0.0895
vn 0.3471 0.9378 -0.0000
vn 0.3559 0.9302 0.0895
vn -0.0976 -0.9887 -0.1138
vn -0.0795 -0.9931 0.0858
vn -0.0373 -0.9428 0.3313
vn -0.2218 -0.3858 0.8955
vn -0.2885 -0.1029 0.9519
vn -0.3109 0.2712 0.9109
vn -0.4345 0.8893 -0.1426
vn -0.4400 0.8477 -0.2963
vn -0.4057 0.7083 -0.5776
vn -0.3109 0.2712 -0.9109
vn -0.2885 -0.1029 -0.9519
vn -0.2218 -0.3858 -0.8955
vn 0.0891 -0.6378 -0.7650
vn -0.0249 -0.6447 -0.7640
vn 0.0050 -0.5858 -0.8105
vn -0.1832 0.6251 -0.7587
vn 0.0247 0.6407 -0.7674
vn 0.1348 0.6343 -0.7612
vn 0.2858 0.3664 -0.8855
vn 0.2993 0.0329 -0.9536
vn 0.2741 -0.3193 -0.9072
vn 0.3094 -0.9509 0.0113
vn 0.3085 -0.9294 -0.2024
vn 0.2825 -0.8151 -0.5058
vn 0.3613 0.9239 0.1260
vn 0.3543 0.8944 0.2729
vn 0.3155 0.7907 0.5247
vn 0.2858 0.3664 0.8855
vn 0.2993 0.0329 0.9536
vn 0.2741 -0.3193 0.9072
vn 0.0050 -0.5858 0.8105
vn -0.0249 -0.6447 0.7640
vn 0.0891 -0.6378 0.7650
vn 0.1348 0.6343 0.7612
vn 0.0247 0.6407 0.7674
vn -0.1832 0.6251 0.7587
vn -0.0373 -0.9428 -0.3313
vn -0.0795 -0.9931 -0.0858
vn -0.0976 -0.9887 0.1138
vn -0.1186 -0.9300 0.3480
vn -0.1195 -0.9325 0.3407
vn -0.1161 -0.9677 0.2236
vn -0.1161 -0.9677 -0.2236
vn -0.1195 -0.9325 -0.3407
vn -0.1186 -0.9300 -0.3480
vn -0.4057 0.7083 0.5776
vn -0.4400 0.8477 0.2963
vn -0.4345 0.8893 0.1426
vn -0.3884 0.9131 0.1239
vn -0.3569 0.9262 0.1214
vn -0.3331 0.9397 0.0779
vn -0.3331 0.9397 -0.0779
vn -0.3569 0.9262 -0.1214
vn -0.3884 0.9131 -0.1239
vn 0.2825 -0.8151 0.5058
vn 0.3085 -0.9294 0.2024
vn 0.3094 -0.9509 -0.0113
vn 0.2774 -0.9433 -0.1825
vn 0.2512 -0.9517 -0.1765
vn 0.2281 -0.9670 -0.1137
vn 0.2281 -0.9670 0.1137
vn 0.2512 -0.9517 0.1765
vn 0.2774 -0.9433 0.1825
vn 0.3155 0.7907 -0.5247
vn 0.3543 0.8944 -0.2729
vn 0.3613 0.9239 -0.1260
vn 0.3509 0.9317 -0.0939
vn 0.3486 0.9331 -0.0888
vn 0.3473 0.9361 -0.0559
vn 0.3473 0.9361 0.0559
vn 0.3486 0.9331 0.0888
vn 0.3509 0.9317 0.0939
vn -0.2039 0.9753 -0.0846
vn 0.0138 0.9972 -0.0734
vn 0.1784 0.9816 -0.0677
vn -0.1421 0.9899 -0.0000
vn 0.0588 0.9983 -0.0000
vn 0.2009 0.9796 -0.0000
vn -0.2039 0.9753 0.0846
vn 0.0138 0.9972 0.0734
vn 0.1784 0.9816 0.0677
vn 0.0903 -0.9765 0.1959
vn -0.0463 -0.9693 0.2417
vn 0.0088 -0.9625 0.2710
vn 0.0215 -0.9998 -0.0000
vn -0.0972 -0.9953 -0.0000
vn -0.0008 -1.0000 -0.0000
vn 0.0903 -0.9765 -0.1959
vn -0.0463 -0.9693 -0.2417
vn 0.0088 -0.9625 -0.2710
vn 0.6637 0.7311 -0.1582
vn 0.9858 -0.0340 -0.1644
vn 0.6467 -0.7626 0.0165
vn 0.6221 0.7829 -0.0000
vn 0.9994 -0.0359 -0.0000
vn 0.5601 -0.8284 -0.0000
vn 0.6637 0.7311 0.1582
vn 0.9858 -0.0340 0.1644
vn 0.6467 -0.7626 -0.0165
vn -0.6889 0.7198 0.0852
vn -0.9956 -0.0435 -0.0828
vn -0.6756 -0.6986 -0.2356
vn -0.5346 0.8451 -0.0000
vn -0.9939 0.1102 -0.0000
vn -0.7107 -0.7035 -0.0000
vn -0.6889 0.7198 -0.0852
vn -0.9956 -0.0435 0.0828
vn -0.6756 -0.6986 0.2356
vn -0.6950 -0.7174 0.0480
vn -0.9952 -0.0449 -0.0864
vn -0.6963 0.6999 -0.1590
vn -0.6675 -0.6871 -0.2870
vn -0.8963 -0.0386 -0.4419
vn -0.6553 0.6416 -0.3986
vn -0.5214 -0.5376 -0.6627
vn -0.6050 -0.0206 -0.7960
vn -0.5094 0.4784 -0.7153
vn -0.0690 -0.2202 -0.9730
vn -0.1190 0.0382 -0.9922
vn -0.1666 0.3395 -0.9257
vn -0.0110 -0.2882 -0.9575
vn -0.0000 -0.0000 -1.0000
vn 0.0110 0.2882 -0.9575
vn 0.0991 -0.2787 -0.9553
vn 0.1130 0.0124 -0.9935
vn 0.1174 0.2931 -0.9488
vn 0.6688 -0.7366 0.1004
vn 0.9662 0.0292 0.2563
vn 0.6631 0.7193 0.2072
vn 0.6419 -0.6750 0.3637
vn 0.8709 0.0398 0.4898
vn 0.6389 0.6649 0.3870
vn 0.5080 -0.4973 0.7033
vn 0.5969 0.0466 0.8009
vn 0.4995 0.5277 0.6870
vn 0.0991 -0.2787 0.9553
vn 0.1130 0.0124 0.9935
vn 0.1174 0.2931 0.9488
vn -0.0110 -0.2882 0.9575
vn -0.0000 -0.0000 1.0000
vn 0.0110 0.2882 0.9575
vn -0.0690 -0.2202 0.9730
vn -0.1190 0.0382 0.9922
vn -0.1666 0.3395 0.9257
vn 0.0177 -0.9913 -0.1302
vn -0.0363 -0.9946 -0.0976
vn 0.1046 -0.9925 -0.0633
vn 0.0338 -0.9970 0.0696
vn -0.0309 -0.9933 0.1115
vn 0.1079 -0.9849 0.1351
vn 0.0649 -0.9304 0.3608
vn -0.0324 -0.9120 0.4090
vn 0.0982 -0.9024 0.4195
vn 0.1724 0.9803 0.0961
vn 0.0026 0.9953 0.0966
vn -0.2155 0.9701 0.1117
vn 0.1664 0.9606 0.2228
vn 0.0028 0.9819 0.1895
vn -0.2236 0.9509 0.2140
vn 0.1555 0.8730 0.4623
vn 0.0193 0.9075 0.4196
vn -0.1922 0.8935 0.4059
vn 0.1555 0.8730 -0.4623
vn 0.0193 0.9075 -0.4196
vn -0.1922 0.8935 -0.4059
vn 0.1664 0.9606 -0.2228
vn 0.0028 0.9819 -0.1895
vn -0.2236 0.9509 -0.2140
vn 0.1724 0.9803 -0.0961
vn 0.0026 0.9953 -0.0966
vn -0.2155 0.9701 -0.1117
vn 0.1853 0.9796 -0.0778
vn 0.0281 0.9959 -0.0862
vn -0.1847 0.9777 -0.0999
vn 0.1926 0.9784 -0.0745
vn 0.0430 0.9956 -0.0832
vn -0.1644 0.9816 -0.0967
vn 0.1985 0.9790 -0.0474
vn 0.0544 0.9971 -0.0531
vn -0.1486 0.9870 -0.0616
vn 0.1985 0.9790 0.0474
vn 0.0544 0.9971 0.0531
vn -0.1486 0.9870 0.0616
vn 0.1926 0.9784 0.0745
vn 0.0430 0.9956 0.0832
vn -0.1644 0.9816 0.0967
vn 0.1853 0.9796 0.0778
vn 0.0281 0.9959 0.0862
vn -0.1847 0.9777 0.0999
vn 0.0649 -0.9304 -0.3608
vn -0.0324 -0.9120 -0.4090
vn 0.0982 -0.9024 -0.4195
vn 0.0338 -0.9970 -0.0696
vn -0.0309 -0.9933 -0.1115
vn 0.1079 -0.9849 -0.1351
vn 0.0177 -0.9913 0.1302
vn -0.0363 -0.9946 0.0976
vn 0.1046 -0.9925 0.0633
vn 0.0020 -0.9399 0.3415
vn -0.0590 -0.9466 0.3170
vn 0.0702 -0.9625 0.2622
vn -0.0034 -0.9476 0.3195
vn -0.0741 -0.9493 0.3054
vn 0.0477 -0.9658 0.2548
vn -0.0040 -0.9806 0.1962
vn -0.0891 -0.9766 0.1959
vn 0.0291 -0.9860 0.1640
vn -0.0040 -0.9806 -0.1962
vn -0.0891 -0.9766 -0.1959
vn 0.0291 -0.9860 -0.1640
vn -0.0034 -0.9476 -0.3195
vn -0.0741 -0.9493 -0.3054
vn 0.0477 -0.9658 -0.2548
vn 0.0020 -0.9399 -0.3415
vn -0.0590 -0.9466 -0.3170
vn 0.0702 -0.9625 -0.2622
vn 0.5080 -0.4973 -0.7033
vn 0.5969 0.0466 -0.8009
vn 0.4995 0.5277 -0.6870
vn 0.6419 -0.6750 -0.3637
vn 0.8709 0.0398 -0.4898
vn 0.6389 0.6649 -0.3870
vn 0.6688 -0.7366 -0.1004
vn 0.9662 0.0292 -0.2563
vn 0.6631 0.7193 -0.2072
vn 0.6147 -0.7865 0.0589
vn 0.9914 -0.0454 -0.1229
vn 0.6443 0.7518 -0.1401
vn 0.5861 -0.8081 0.0584
vn 0.9920 -0.0486 -0.1169
vn 0.6322 0.7635 -0.1317
vn 0.5650 -0.8243 0.0368
vn 0.9962 -0.0442 -0.0749
vn 0.6247 0.7764 -0.0826
vn 0.5650 -0.8243 -0.0368
vn 0.9962 -0.0442 0.0749
vn 0.6247 0.7764 0.0826
vn 0.5861 -0.8081 -0.0584
vn 0.9920 -0.0486 0.1169
vn 0.6322 0.7635 0.1317
vn 0.6147 -0.7865 -0.0589
vn 0.9914 -0.0454 0.1229
vn 0.6443 0.7518 0.1401
vn -0.5214 -0.5376 0.6627
vn -0.6050 -0.0206 0.7960
vn -0.5094 0.4784 0.7153
vn -0.6675 -0.6871 0.2870
vn -0.8963 -0.0386 0.4419
vn -0.6553 0.6416 0.3986
vn -0.6950 -0.7174 -0.0480
vn -0.9952 -0.0449 0.0864
vn -0.6963 0.6999 0.1590
vn -0.6645 -0.6826 -0.3042
vn -0.9933 -0.0165 -0.1140
vn -0.6524 0.7507 0.1038
vn -0.6659 -0.6895 -0.2849
vn -0.9956 0.0179 -0.0915
vn -0.6064 0.7871 0.1133
vn -0.6864 -0.7052 -0.1775
vn -0.9968 0.0668 -0.0434
vn -0.5604 0.8244 0.0802
vn -0.6864 -0.7052 0.1775
vn -0.9968 0.0668 0.0434
vn -0.5604 0.8244 -0.0802
vn -0.6659 -0.6895 0.2849
vn -0.9956 0.0179 0.0915
vn -0.6064 0.7871 -0.1133
vn -0.6645 -0.6826 0.3042
vn -0.9933 -0.0165 0.1140
vn -0.6524 0.7507 -0.1038
vt 0.392579 0.167332
vt 0.392476 0.117409
vt 0.406186 0.122277
vt 0.406143 0.171199
vt 0.392482 0.080353
vt 0.406048 0.085916
vt 0.417703 0.126435
vt 0.417279 0.171972
vt 0.417191 0.092978
vt 0.377987 0.196741
vt 0.377738 0.158773
vt 0.392807 0.205652
vt 0.377616 0.109753
vt 0.377644 0.073966
vt 0.377822 0.049030
vt 0.392637 0.053964
vt 0.406053 0.059744
vt 0.388560 0.269819
vt 0.406214 0.245930
vt 0.410520 0.256314
vt 0.395042 0.278083
vt 0.416543 0.268255
vt 0.408792 0.287625
vt 0.388560 0.310955
vt 0.403272 0.327773
vt 0.391074 0.357314
vt 0.405048 0.362174
vt 0.403811 0.392671
vt 0.410640 0.387810
vt 0.406220 0.208368
vt 0.416881 0.205157
vt 0.430411 0.340798
vt 0.430470 0.305091
vt 0.460216 0.319502
vt 0.458554 0.356352
vt 0.433769 0.270825
vt 0.462092 0.282621
vt 0.490176 0.333883
vt 0.487074 0.368121
vt 0.490431 0.298149
vt 0.431086 0.370016
vt 0.437170 0.243214
vt 0.463880 0.251988
vt 0.490337 0.268851
vt 0.508308 0.285691
vt 0.513628 0.311364
vt 0.515268 0.345784
vt 0.510478 0.377019
vt 0.484253 0.395654
vt 0.502998 0.396351
vt 0.457407 0.386898
vt 0.181220 0.223144
vt 0.180715 0.196687
vt 0.194454 0.194424
vt 0.194806 0.220444
vt 0.180323 0.159436
vt 0.193929 0.158119
vt 0.404770 0.615002
vt 0.388560 0.582395
vt 0.395240 0.576819
vt 0.409992 0.606901
vt 0.205124 0.153760
vt 0.205991 0.186882
vt 0.557316 0.164689
vt 0.570936 0.162991
vt 0.569975 0.178032
vt 0.556683 0.179790
vt 0.166315 0.221331
vt 0.165780 0.197736
vt 0.165420 0.161197
vt 0.165310 0.117022
vt 0.180164 0.116851
vt 0.193629 0.116887
vt 0.204388 0.117168
vt 0.388560 0.539827
vt 0.391732 0.502382
vt 0.399799 0.505504
vt 0.401041 0.531701
vt 0.408224 0.565386
vt 0.421047 0.594311
vt 0.430572 0.623933
vt 0.433519 0.611032
vt 0.428006 0.633516
vt 0.566516 0.191565
vt 0.553817 0.193160
vt 0.440845 0.579708
vt 0.428822 0.547449
vt 0.453875 0.525826
vt 0.465197 0.560979
vt 0.419524 0.512981
vt 0.442729 0.490668
vt 0.479104 0.504198
vt 0.488563 0.538661
vt 0.467242 0.471935
vt 0.451214 0.605531
vt 0.412575 0.484611
vt 0.433671 0.461489
vt 0.457349 0.446097
vt 0.484006 0.464933
vt 0.496256 0.481661
vt 0.511839 0.519028
vt 0.519133 0.552709
vt 0.495987 0.567018
vt 0.520597 0.578900
vt 0.474780 0.590142
vt 0.460302 0.180505
vt 0.496412 0.181074
vt 0.496073 0.194761
vt 0.461408 0.194091
vt 0.530545 0.180832
vt 0.528791 0.194349
vt 0.494738 0.205667
vt 0.463178 0.204691
vt 0.524556 0.204907
vt 0.431482 0.165893
vt 0.459751 0.165185
vt 0.432270 0.181208
vt 0.496223 0.165782
vt 0.530774 0.165629
vt 0.455801 0.633406
vt 0.455323 0.623690
vt 0.481086 0.608616
vt 0.503323 0.582335
vt 0.529170 0.581770
vt 0.434600 0.194702
vt 0.439728 0.205015
vt 0.180327 0.074388
vt 0.180722 0.037456
vt 0.194456 0.040841
vt 0.193930 0.076065
vt 0.181310 0.016758
vt 0.194888 0.021658
vt 0.205991 0.049207
vt 0.205124 0.081062
vt 0.205929 0.026904
vt 0.165453 0.074170
vt 0.165821 0.036365
vt 0.166419 0.014484
vt 0.257684 0.020856
vt 0.257375 0.049030
vt 0.242555 0.053964
vt 0.242840 0.024337
vt 0.229194 0.059744
vt 0.229323 0.029741
vt 0.218670 0.069224
vt 0.218317 0.033860
vt 0.453905 0.427681
vt 0.487459 0.451781
vt 0.428088 0.442758
vt 0.405905 0.469037
vt 0.005883 0.080745
vt 0.005687 0.048889
vt 0.016976 0.040559
vt 0.016774 0.075783
vt 0.465379 0.232278
vt 0.436622 0.224374
vt 0.434698 0.219742
vt 0.466795 0.221774
vt 0.030584 0.037218
vt 0.030230 0.074150
vt 0.017733 0.021377
vt 0.031213 0.016520
vt 0.493637 0.251923
vt 0.515996 0.280462
vt 0.417591 0.033860
vt 0.416729 0.069224
vt 0.406508 0.029741
vt 0.392962 0.024337
vt 0.378131 0.020856
vt 0.045993 0.014292
vt 0.045395 0.036174
vt 0.045026 0.073979
vt 0.030107 0.116613
vt 0.044884 0.116831
vt 0.016799 0.116606
vt 0.006363 0.116853
vt 0.060032 0.074072
vt 0.060388 0.035222
vt 0.075375 0.034167
vt 0.075033 0.074173
vt 0.060965 0.011733
vt 0.075929 0.008902
vt 0.090374 0.033317
vt 0.090044 0.074259
vt 0.090910 0.006615
vt 0.059891 0.117181
vt 0.362778 0.042200
vt 0.363090 0.016353
vt 0.347734 0.034651
vt 0.348050 0.011375
vt 0.332688 0.028540
vt 0.333007 0.007346
vt 0.317637 0.026023
vt 0.317957 0.005687
vt 0.105934 0.005687
vt 0.105405 0.032981
vt 0.105080 0.074309
vt 0.089907 0.117882
vt 0.104943 0.118026
vt 0.074894 0.117566
vt 0.120150 0.074307
vt 0.120481 0.033365
vt 0.135588 0.034262
vt 0.135246 0.074269
vt 0.121017 0.006663
vt 0.136143 0.008998
vt 0.150708 0.035365
vt 0.150352 0.074216
vt 0.151285 0.011877
vt 0.120013 0.117930
vt 0.302577 0.028540
vt 0.302896 0.007346
vt 0.287511 0.034651
vt 0.287827 0.011375
vt 0.272443 0.042200
vt 0.272755 0.016353
vt 0.150211 0.117325
vt 0.135107 0.117662
vt 0.460793 0.005772
vt 0.492340 0.005687
vt 0.493948 0.017568
vt 0.459287 0.017222
vt 0.522171 0.005989
vt 0.526671 0.017481
vt 0.494615 0.031179
vt 0.458505 0.030650
vt 0.528748 0.030978
vt 0.428841 0.386550
vt 0.457034 0.406203
vt 0.485856 0.414099
vt 0.509880 0.407925
vt 0.544550 0.005687
vt 0.551700 0.016616
vt 0.554886 0.029977
vt 0.555874 0.044457
vt 0.529332 0.045398
vt 0.494782 0.045550
vt 0.458310 0.044954
vt 0.430474 0.031394
vt 0.430041 0.045661
vt 0.432483 0.018159
vt 0.437358 0.007310
vt 0.165806 0.480544
vt 0.185363 0.516697
vt 0.171037 0.517645
vt 0.150139 0.481245
vt 0.494823 0.059823
vt 0.529733 0.059778
vt 0.530158 0.074091
vt 0.494850 0.074015
vt 0.457835 0.073273
vt 0.494906 0.088367
vt 0.457660 0.087563
vt 0.530536 0.088540
vt 0.185363 0.451439
vt 0.180009 0.479843
vt 0.170899 0.452044
vt 0.458093 0.059157
vt 0.556684 0.058971
vt 0.557559 0.073430
vt 0.558302 0.087998
vt 0.558714 0.102838
vt 0.530797 0.103330
vt 0.495035 0.103117
vt 0.457694 0.102288
vt 0.429081 0.088228
vt 0.429077 0.102947
vt 0.429348 0.073950
vt 0.154943 0.452638
vt 0.458021 0.117621
vt 0.495266 0.118425
vt 0.495571 0.134131
vt 0.458556 0.133389
vt 0.530896 0.118598
vt 0.530878 0.134207
vt 0.495904 0.149996
vt 0.459174 0.149330
vt 0.530815 0.149952
vt 0.429441 0.118286
vt 0.558663 0.118056
vt 0.558280 0.133546
vt 0.557765 0.149145
vt 0.430802 0.150024
vt 0.430069 0.134066
vt 0.525283 0.386166
vt 0.531699 0.353303
vt 0.540855 0.356734
vt 0.533641 0.392421
vt 0.005687 0.186563
vt 0.005883 0.153444
vt 0.016773 0.157838
vt 0.016974 0.194142
vt 0.017651 0.220162
vt 0.030577 0.196449
vt 0.031123 0.222906
vt 0.030226 0.159197
vt 0.528658 0.315829
vt 0.044994 0.161006
vt 0.045354 0.197545
vt 0.045889 0.221139
vt 0.568178 0.028177
vt 0.569495 0.042760
vt 0.564396 0.014697
vt 0.516007 0.416308
vt 0.060840 0.217541
vt 0.060331 0.195811
vt 0.075299 0.193893
vt 0.075780 0.213561
vt 0.059991 0.160682
vt 0.074982 0.160322
vt 0.090284 0.192344
vt 0.090742 0.210345
vt 0.089985 0.160034
vt 0.570708 0.057415
vt 0.105018 0.159930
vt 0.105310 0.191720
vt 0.105757 0.209034
vt 0.573135 0.086725
vt 0.573696 0.101617
vt 0.572030 0.072031
vt 0.120848 0.210392
vt 0.120391 0.192392
vt 0.135513 0.193988
vt 0.135993 0.213657
vt 0.120092 0.160082
vt 0.135195 0.160417
vt 0.150650 0.195955
vt 0.151159 0.217684
vt 0.150311 0.160826
vt 0.573496 0.116783
vt 0.571789 0.147589
vt 0.572751 0.132147
vt 0.218005 0.171972
vt 0.217365 0.126435
vt 0.228676 0.122277
vt 0.228958 0.171199
vt 0.217917 0.092978
vt 0.228863 0.085916
vt 0.242313 0.117409
vt 0.242456 0.167332
vt 0.242360 0.080353
vt 0.532281 0.544327
vt 0.522675 0.498898
vt 0.507977 0.468814
vt 0.490131 0.440538
vt 0.513351 0.459052
vt 0.257197 0.073966
vt 0.257169 0.109753
vt 0.257291 0.158773
vt 0.242725 0.205652
vt 0.257541 0.196741
vt 0.229360 0.208368
vt 0.218822 0.205157
vt 0.272351 0.145463
vt 0.272230 0.098182
vt 0.287292 0.085393
vt 0.287410 0.130752
vt 0.272261 0.064669
vt 0.287326 0.054394
vt 0.302352 0.075039
vt 0.302469 0.118843
vt 0.302389 0.046076
vt 0.272600 0.182572
vt 0.317448 0.042651
vt 0.317410 0.070776
vt 0.317526 0.113939
vt 0.302717 0.154234
vt 0.317774 0.149014
vt 0.287659 0.166912
vt 0.332581 0.118843
vt 0.332464 0.075039
vt 0.347515 0.085393
vt 0.347634 0.130752
vt 0.332500 0.046076
vt 0.347549 0.054394
vt 0.362565 0.098182
vt 0.362686 0.145463
vt 0.362596 0.064669
vt 0.332829 0.154234
vt 0.362935 0.182572
vt 0.347882 0.166912
s 1
usemtl Material
f 1059/1750/997 1060/1751/998 1063/1752/1001 1062/1753/1000
f 1060/1751/998 1061/1754/999 1064/1755/1002 1063/1752/1001
f 1062/1753/1000 1063/1752/1001 1066/1756/1004 1065/1757/1003
f 1063/1752/1001 1064/1755/1002 1067/1758/1005 1066/1756/1004
f 939/1759/877 1058/1760/996 1059/1750/997 989/1761/927
f 1058/1760/996 1057/1762/995 1060/1751/998 1059/1750/997
f 1057/1762/995 1056/1763/994 1061/1754/999 1060/1751/998
f 1056/1763/994 944/1764/882 957/1765/895 1061/1754/999
f 1061/1754/999 957/1765/895 958/1766/896 1064/1755/1002
f 1064/1767/1002 958/1768/896 959/1769/897 1067/1770/1005
f 1067/1770/1005 959/1769/897 934/1771/872 960/1772/898
f 1066/1773/1004 1067/1770/1005 960/1772/898 961/1774/899
f 1065/1775/1003 1066/1773/1004 961/1774/899 962/1776/900
f 987/1777/925 1065/1775/1003 962/1776/900 933/1778/871
f 988/1779/926 1062/1753/1000 1065/1757/1003 987/1780/925
f 989/1761/927 1059/1750/997 1062/1753/1000 988/1779/926
f 1068/1781/1006 1069/1782/1007 1072/1783/1010 1071/1784/1009
f 1069/1782/1007 1070/1785/1008 1073/1786/1011 1072/1783/1010
f 1071/1784/1009 1072/1783/1010 1075/1787/1013 1074/1788/1012
f 1072/1783/1010 1073/1786/1011 1076/1789/1014 1075/1787/1013
f 933/1778/871 962/1776/900 1068/1781/1006 965/1790/903
f 962/1776/900 961/1774/899 1069/1782/1007 1068/1781/1006
f 961/1774/899 960/1772/898 1070/1785/1008 1069/1782/1007
f 960/1772/898 934/1771/872 966/1791/904 1070/1785/1008
f 1070/1785/1008 966/1791/904 967/1792/905 1073/1786/1011
f 1073/1786/1011 967/1792/905 968/1793/906 1076/1789/1014
f 1076/1789/1014 968/1793/906 938/1794/876 969/1795/907
f 1075/1787/1013 1076/1789/1014 969/1795/907 970/1796/908
f 1074/1788/1012 1075/1787/1013 970/1796/908 971/1797/909
f 963/1798/901 1074/1788/1012 971/1797/909 937/1799/875
f 964/1800/902 1071/1784/1009 1074/1788/1012 963/1798/901
f 965/1790/903 1068/1781/1006 1071/1784/1009 964/1800/902
f 1077/1801/1015 1078/1802/1016 1081/1803/1019 1080/1804/1018
f 1078/1802/1016 1079/1805/1017 1082/1806/1020 1081/1803/1019
f 1080/1807/1018 1081/1808/1019 1084/1809/1022 1083/1810/1021
f 1081/1803/1019 1082/1806/1020 1085/1811/1023 1084/1812/1022
f 945/1813/883 1049/1814/987 1077/1815/1015 1007/1816/945
f 1049/1817/987 1048/1818/986 1078/1802/1016 1077/1801/1015
f 1048/1818/986 1047/1819/985 1079/1805/1017 1078/1802/1016
f 1047/1819/985 950/1820/888 975/1821/913 1079/1805/1017
f 1079/1805/1017 975/1821/913 976/1822/914 1082/1806/1020
f 1082/1806/1020 976/1822/914 977/1823/915 1085/1811/1023
f 1085/1824/1023 977/1825/915 936/1826/874 978/1827/916
f 1084/1809/1022 1085/1824/1023 978/1827/916 979/1828/917
f 1083/1810/1021 1084/1809/1022 979/1828/917 980/1829/918
f 1005/1830/943 1083/1810/1021 980/1829/918 935/1831/873
f 1006/1832/944 1080/1807/1018 1083/1810/1021 1005/1830/943
f 1007/1816/945 1077/1815/1015 1080/1833/1018 1006/1834/944
f 1086/1835/1024 1087/1836/1025 1090/1837/1028 1089/1838/1027
f 1087/1836/1025 1088/1839/1026 1091/1840/1029 1090/1837/1028
f 1089/1838/1027 1090/1837/1028 1093/1841/1031 1092/1842/1030
f 1090/1837/1028 1091/1840/1029 1094/1843/1032 1093/1841/1031
f 935/1831/873 980/1829/918 1086/1835/1024 983/1844/921
f 980/1829/918 979/1828/917 1087/1836/1025 1086/1835/1024
f 979/1828/917 978/1827/916 1088/1839/1026 1087/1836/1025
f 978/1827/916 936/1826/874 984/1845/922 1088/1839/1026
f 1088/1839/1026 984/1845/922 985/1846/923 1091/1840/1029
f 1091/1840/1029 985/1846/923 986/1847/924 1094/1843/1032
f 1094/1843/1032 986/1847/924 932/1848/870 956/1849/894
f 1093/1841/1031 1094/1843/1032 956/1849/894 955/1850/893
f 1092/1842/1030 1093/1841/1031 955/1850/893 954/1851/892
f 981/1852/919 1092/1842/1030 954/1851/892 931/1853/869
f 982/1854/920 1089/1838/1027 1092/1842/1030 981/1852/919
f 983/1844/921 1086/1835/1024 1089/1838/1027 982/1854/920
f 1095/1855/1033 1096/1856/1034 1099/1857/1037 1098/1858/1036
f 1096/1856/1034 1097/1859/1035 1100/1860/1038 1099/1857/1037
f 1098/1858/1036 1099/1857/1037 1102/1861/1040 1101/1862/1039
f 1099/1857/1037 1100/1860/1038 1103/1863/1041 1102/1861/1040
f 941/1864/879 1040/1865/978 1095/1855/1033 951/1866/889
f 1040/1865/978 1039/1867/977 1096/1856/1034 1095/1855/1033
f 1039/1867/977 1038/1868/976 1097/1859/1035 1096/1856/1034
f 1038/1868/976 945/1813/883 1007/1816/945 1097/1859/1035
f 1097/1859/1035 1007/1816/945 1006/1834/944 1100/1860/1038
f 1100/1869/1038 1006/1832/944 1005/1830/943 1103/1870/1041
f 1103/1870/1041 1005/1830/943 935/1831/873 983/1844/921
f 1102/1871/1040 1103/1870/1041 983/1844/921 982/1854/920
f 1101/1872/1039 1102/1871/1040 982/1854/920 981/1852/919
f 953/1873/891 1101/1872/1039 981/1852/919 931/1853/869
f 952/1874/890 1098/1858/1036 1101/1862/1039 953/1875/891
f 951/1866/889 1095/1855/1033 1098/1858/1036 952/1874/890
f 1104/1876/1042 1105/1877/1043 1108/1878/1046 1107/1879/1045
f 1105/1877/1043 1106/1880/1044 1109/1881/1047 1108/1878/1046
f 1107/1879/1045 1108/1878/1046 1111/1882/1049 1110/1883/1048
f 1108/1878/1046 1109/1881/1047 1112/1884/1050 1111/1882/1049
f 950/1820/888 1031/1885/969 1104/1876/1042 975/1821/913
f 1031/1885/969 1030/1886/968 1105/1877/1043 1104/1876/1042
f 1030/1886/968 1029/1887/967 1106/1880/1044 1105/1877/1043
f 1029/1888/967 942/1889/880 998/1890/936 1106/1891/1044
f 1106/1891/1044 998/1890/936 997/1892/935 1109/1893/1047
f 1109/1893/1047 997/1892/935 996/1894/934 1112/1895/1050
f 1112/1896/1050 996/1897/934 932/1848/870 986/1847/924
f 1111/1898/1049 1112/1896/1050 986/1847/924 985/1846/923
f 1110/1899/1048 1111/1898/1049 985/1846/923 984/1845/922
f 977/1825/915 1110/1899/1048 984/1845/922 936/1826/874
f 976/1822/914 1107/1879/1045 1110/1883/1048 977/1823/915
f 975/1821/913 1104/1876/1042 1107/1879/1045 976/1822/914
f 1113/1900/1051 1114/1901/1052 1117/1902/1055 1116/1903/1054
f 1114/1904/1052 1115/1905/1053 1118/1906/1056 1117/1907/1055
f 1116/1903/1054 1117/1902/1055 1120/1908/1058 1119/1909/1057
f 1117/1902/1055 1118/1910/1056 1121/1911/1059 1120/1908/1058
f 938/1794/876 968/1793/906 1113/1912/1051 1014/1913/952
f 968/1793/906 967/1792/905 1114/1904/1052 1113/1912/1051
f 967/1792/905 966/1791/904 1115/1905/1053 1114/1904/1052
f 966/1791/904 934/1771/872 959/1769/897 1115/1905/1053
f 1115/1914/1053 959/1915/897 958/1766/896 1118/1916/1056
f 1118/1916/1056 958/1766/896 957/1765/895 1121/1917/1059
f 1121/1917/1059 957/1765/895 944/1764/882 1023/1918/961
f 1120/1908/1058 1121/1911/1059 1023/1919/961 1024/1920/962
f 1119/1909/1057 1120/1908/1058 1024/1920/962 1025/1921/963
f 1016/1922/954 1119/1909/1057 1025/1921/963 948/1923/886
f 1015/1924/953 1116/1903/1054 1119/1909/1057 1016/1922/954
f 1014/1925/952 1113/1900/1051 1116/1903/1054 1015/1924/953
f 1122/1926/1060 1123/1927/1061 1126/1928/1064 1125/1929/1063
f 1123/1927/1061 1124/1930/1062 1127/1931/1065 1126/1928/1064
f 1125/1929/1063 1126/1928/1064 1129/1932/1067 1128/1933/1066
f 1126/1928/1064 1127/1931/1065 1130/1934/1068 1129/1932/1067
f 948/1923/886 1025/1921/963 1122/1926/1060 1017/1935/955
f 1025/1921/963 1024/1920/962 1123/1927/1061 1122/1926/1060
f 1024/1920/962 1023/1919/961 1124/1930/1062 1123/1927/1061
f 1023/1918/961 944/1764/882 1004/1936/942 1124/1937/1062
f 1124/1937/1062 1004/1936/942 1003/1938/941 1127/1939/1065
f 1127/1939/1065 1003/1938/941 1002/1940/940 1130/1941/1068
f 1130/1941/1068 1002/1940/940 943/1942/881 1026/1943/964
f 1129/1932/1067 1130/1934/1068 1026/1944/964 1027/1945/965
f 1128/1933/1066 1129/1932/1067 1027/1945/965 1028/1946/966
f 1019/1947/957 1128/1933/1066 1028/1946/966 949/1948/887
f 1018/1949/956 1125/1929/1063 1128/1933/1066 1019/1947/957
f 1017/1935/955 1122/1926/1060 1125/1929/1063 1018/1949/956
f 1131/1950/1069 1132/1951/1070 1135/1952/1073 1134/1953/1072
f 1132/1951/1070 1133/1954/1071 1136/1955/1074 1135/1952/1073
f 1134/1953/1072 1135/1952/1073 1138/1956/1076 1137/1957/1075
f 1135/1952/1073 1136/1955/1074 1139/1958/1077 1138/1956/1076
f 949/1948/887 1028/1946/966 1131/1950/1069 1020/1959/958
f 1028/1946/966 1027/1945/965 1132/1951/1070 1131/1950/1069
f 1027/1945/965 1026/1944/964 1133/1954/1071 1132/1951/1070
f 1026/1943/964 943/1942/881 1001/1960/939 1133/1961/1071
f 1133/1961/1071 1001/1960/939 1000/1962/938 1136/1963/1074
f 1136/1963/1074 1000/1962/938 999/1964/937 1139/1965/1077
f 1139/1965/1077 999/1964/937 942/1889/880 1029/1888/967
f 1138/1956/1076 1139/1958/1077 1029/1887/967 1030/1886/968
f 1137/1957/1075 1138/1956/1076 1030/1886/968 1031/1885/969
f 1022/1966/960 1137/1957/1075 1031/1885/969 950/1820/888
f 1021/1967/959 1134/1953/1072 1137/1957/1075 1022/1966/960
f 1020/1959/958 1131/1950/1069 1134/1953/1072 1021/1967/959
f 1140/1968/1078 1141/1969/1079 1144/1970/1082 1143/1971/1081
f 1141/1969/1079 1142/1972/1080 1145/1973/1083 1144/1970/1082
f 1143/1971/1081 1144/1970/1082 1147/1974/1085 1146/1975/1084
f 1144/1970/1082 1145/1973/1083 1148/1976/1086 1147/1974/1085
f 933/1778/871 965/1790/903 1140/1977/1078 987/1777/925
f 965/1790/903 964/1800/902 1141/1978/1079 1140/1977/1078
f 964/1800/902 963/1798/901 1142/1979/1080 1141/1978/1079
f 963/1798/901 937/1799/875 974/1980/912 1142/1979/1080
f 1142/1972/1080 974/1981/912 973/1982/911 1145/1973/1083
f 1145/1973/1083 973/1982/911 972/1983/910 1148/1976/1086
f 1148/1976/1086 972/1983/910 947/1984/885 1032/1985/970
f 1147/1974/1085 1148/1976/1086 1032/1985/970 1033/1986/971
f 1146/1975/1084 1147/1974/1085 1033/1986/971 1034/1987/972
f 989/1988/927 1146/1975/1084 1034/1987/972 939/1989/877
f 988/1990/926 1143/1971/1081 1146/1975/1084 989/1988/927
f 987/1991/925 1140/1968/1078 1143/1971/1081 988/1990/926
f 1149/1992/1087 1150/1993/1088 1153/1994/1091 1152/1995/1090
f 1150/1996/1088 1151/1997/1089 1154/1998/1092 1153/1999/1091
f 1152/2000/1090 1153/1999/1091 1156/2001/1094 1155/2002/1093
f 1153/1999/1091 1154/1998/1092 1157/2003/1095 1156/2001/1094
f 939/2004/877 1034/2005/972 1149/1992/1087 990/2006/928
f 1034/1987/972 1033/1986/971 1150/1996/1088 1149/2007/1087
f 1033/1986/971 1032/1985/970 1151/1997/1089 1150/1996/1088
f 1032/1985/970 947/1984/885 1013/2008/951 1151/1997/1089
f 1151/1997/1089 1013/2008/951 1012/2009/950 1154/1998/1092
f 1154/1998/1092 1012/2009/950 1011/2010/949 1157/2003/1095
f 1157/2003/1095 1011/2010/949 946/2011/884 1035/2012/973
f 1156/2001/1094 1157/2003/1095 1035/2012/973 1036/2013/974
f 1155/2002/1093 1156/2001/1094 1036/2013/974 1037/2014/975
f 992/2015/930 1155/2002/1093 1037/2014/975 940/2016/878
f 991/2017/929 1152/2000/1090 1155/2002/1093 992/2015/930
f 990/2006/928 1149/1992/1087 1152/1995/1090 991/2018/929
f 1158/2019/1096 1159/2020/1097 1162/2021/1100 1161/2022/1099
f 1159/2020/1097 1160/2023/1098 1163/2024/1101 1162/2021/1100
f 1161/2022/1099 1162/2021/1100 1165/2025/1103 1164/2026/1102
f 1162/2021/1100 1163/2024/1101 1166/2027/1104 1165/2025/1103
f 940/2016/878 1037/2014/975 1158/2019/1096 993/2028/931
f 1037/2014/975 1036/2013/974 1159/2020/1097 1158/2019/1096
f 1036/2013/974 1035/2012/973 1160/2023/1098 1159/2020/1097
f 1035/2012/973 946/2011/884 1010/2029/948 1160/2023/1098
f 1160/2023/1098 1010/2029/948 1009/2030/947 1163/2024/1101
f 1163/2024/1101 1009/2030/947 1008/2031/946 1166/2027/1104
f 1166/2027/1104 1008/2031/946 945/1813/883 1038/1868/976
f 1165/2025/1103 1166/2027/1104 1038/1868/976 1039/1867/977
f 1164/2026/1102 1165/2025/1103 1039/1867/977 1040/1865/978
f 995/2032/933 1164/2026/1102 1040/1865/978 941/1864/879
f 994/2033/932 1161/2022/1099 1164/2026/1102 995/2032/933
f 993/2028/931 1158/2019/1096 1161/2022/1099 994/2033/932
f 1167/2034/1105 1168/2035/1106 1171/2036/1109 1170/2037/1108
f 1168/2038/1106 1169/2039/1107 1172/2040/1110 1171/2041/1109
f 1170/2042/1108 1171/2041/1109 1174/2043/1112 1173/2044/1111
f 1171/2041/1109 1172/2040/1110 1175/2045/1113 1174/2043/1112
f 937/1799/875 971/1797/909 1167/2034/1105 974/1980/912
f 971/1797/909 970/1796/908 1168/2035/1106 1167/2034/1105
f 970/1796/908 969/1795/907 1169/2046/1107 1168/2035/1106
f 969/1795/907 938/1794/876 1014/1913/952 1169/2046/1107
f 1169/2039/1107 1014/1925/952 1015/1924/953 1172/2040/1110
f 1172/2040/1110 1015/1924/953 1016/1922/954 1175/2045/1113
f 1175/2045/1113 1016/1922/954 948/1923/886 1041/2047/979
f 1174/2043/1112 1175/2045/1113 1041/2047/979 1042/2048/980
f 1173/2044/1111 1174/2043/1112 1042/2048/980 1043/2049/981
f 972/1983/910 1173/2050/1111 1043/2051/981 947/1984/885
f 973/1982/911 1170/2052/1108 1173/2050/1111 972/1983/910
f 974/1980/912 1167/2034/1105 1170/2037/1108 973/2053/911
f 1176/2054/1114 1177/2055/1115 1180/2056/1118 1179/2057/1117
f 1177/2055/1115 1178/2058/1116 1181/2059/1119 1180/2056/1118
f 1179/2057/1117 1180/2056/1118 1183/2060/1121 1182/2061/1120
f 1180/2056/1118 1181/2059/1119 1184/2062/1122 1183/2060/1121
f 947/1984/885 1043/2051/981 1176/2063/1114 1013/2008/951
f 1043/2049/981 1042/2048/980 1177/2055/1115 1176/2054/1114
f 1042/2048/980 1041/2047/979 1178/2058/1116 1177/2055/1115
f 1041/2047/979 948/1923/886 1017/1935/955 1178/2058/1116
f 1178/2058/1116 1017/1935/955 1018/1949/956 1181/2059/1119
f 1181/2059/1119 1018/1949/956 1019/1947/957 1184/2062/1122
f 1184/2062/1122 1019/1947/957 949/1948/887 1044/2064/982
f 1183/2060/1121 1184/2062/1122 1044/2064/982 1045/2065/983
f 1182/2061/1120 1183/2060/1121 1045/2065/983 1046/2066/984
f 1011/2010/949 1182/2067/1120 1046/2068/984 946/2011/884
f 1012/2009/950 1179/2069/1117 1182/2067/1120 1011/2010/949
f 1013/2008/951 1176/2063/1114 1179/2069/1117 1012/2009/950
f 1185/2070/1123 1186/2071/1124 1189/2072/1127 1188/2073/1126
f 1186/2071/1124 1187/2074/1125 1190/2075/1128 1189/2072/1127
f 1188/2073/1126 1189/2072/1127 1192/2076/1130 1191/2077/1129
f 1189/2072/1127 1190/2075/1128 1193/2078/1131 1192/2076/1130
f 946/2011/884 1046/2068/984 1185/2079/1123 1010/2029/948
f 1046/2066/984 1045/2065/983 1186/2071/1124 1185/2070/1123
f 1045/2065/983 1044/2064/982 1187/2074/1125 1186/2071/1124
f 1044/2064/982 949/1948/887 1020/1959/958 1187/2074/1125
f 1187/2074/1125 1020/1959/958 1021/1967/959 1190/2075/1128
f 1190/2075/1128 1021/1967/959 1022/1966/960 1193/2078/1131
f 1193/2078/1131 1022/1966/960 950/1820/888 1047/1819/985
f 1192/2076/1130 1193/2078/1131 1047/1819/985 1048/1818/986
f 1191/2077/1129 1192/2076/1130 1048/1818/986 1049/1817/987
f 1008/2031/946 1191/2080/1129 1049/1814/987 945/1813/883
f 1009/2030/947 1188/2081/1126 1191/2080/1129 1008/2031/946
f 1010/2029/948 1185/2079/1123 1188/2081/1126 1009/2030/947
f 1194/2082/1132 1195/2083/1133 1198/2084/1136 1197/2085/1135
f 1195/2083/1133 1196/2086/1134 1199/2087/1137 1198/2084/1136
f 1197/2085/1135 1198/2084/1136 1201/2088/1139 1200/2089/1138
f 1198/2084/1136 1199/2087/1137 1202/2090/1140 1201/2088/1139
f 931/1853/869 954/1851/892 1194/2091/1132 953/1873/891
f 954/1851/892 955/1850/893 1195/2092/1133 1194/2091/1132
f 955/1850/893 956/1849/894 1196/2093/1134 1195/2092/1133
f 956/1849/894 932/1848/870 996/1897/934 1196/2093/1134
f 1196/2093/1134 996/1897/934 997/2094/935 1199/2095/1137
f 1199/2087/1137 997/1892/935 998/1890/936 1202/2090/1140
f 1202/2090/1140 998/1890/936 942/1889/880 1050/2096/988
f 1201/2088/1139 1202/2090/1140 1050/2096/988 1051/2097/989
f 1200/2089/1138 1201/2088/1139 1051/2097/989 1052/2098/990
f 951/2099/889 1200/2089/1138 1052/2098/990 941/2100/879
f 952/2101/890 1197/2085/1135 1200/2089/1138 951/2099/889
f 953/2102/891 1194/2082/1132 1197/2085/1135 952/2101/890
f 1203/2103/1141 1204/2104/1142 1207/2105/1145 1206/2106/1144
f 1204/2104/1142 1205/2107/1143 1208/2108/1146 1207/2105/1145
f 1206/2106/1144 1207/2105/1145 1210/2109/1148 1209/2110/1147
f 1207/2105/1145 1208/2108/1146 1211/2111/1149 1210/2109/1148
f 941/2100/879 1052/2098/990 1203/2103/1141 995/2112/933
f 1052/2098/990 1051/2097/989 1204/2104/1142 1203/2103/1141
f 1051/2097/989 1050/2096/988 1205/2107/1143 1204/2104/1142
f 1050/2096/988 942/1889/880 999/1964/937 1205/2107/1143
f 1205/2107/1143 999/1964/937 1000/1962/938 1208/2108/1146
f 1208/2108/1146 1000/1962/938 1001/1960/939 1211/2111/1149
f 1211/2111/1149 1001/1960/939 943/1942/881 1053/2113/991
f 1210/2109/1148 1211/2111/1149 1053/2113/991 1054/2114/992
f 1209/2110/1147 1210/2109/1148 1054/2114/992 1055/2115/993
f 993/2116/931 1209/2110/1147 1055/2115/993 940/2117/878
f 994/2118/932 1206/2106/1144 1209/2110/1147 993/2116/931
f 995/2112/933 1203/2103/1141 1206/2106/1144 994/2118/932
f 1212/2119/1150 1213/2120/1151 1216/2121/1154 1215/2122/1153
f 1213/2120/1151 1214/2123/1152 1217/2124/1155 1216/2121/1154
f 1215/2122/1153 1216/2121/1154 1219/2125/1157 1218/2126/1156
f 1216/2121/1154 1217/2124/1155 1220/2127/1158 1219/2125/1157
f 940/2117/878 1055/2115/993 1212/2119/1150 992/2128/930
f 1055/2115/993 1054/2114/992 1213/2120/1151 1212/2119/1150
f 1054/2114/992 1053/2113/991 1214/2123/1152 1213/2120/1151
f 1053/2113/991 943/1942/881 1002/1940/940 1214/2123/1152
f 1214/2123/1152 1002/1940/940 1003/1938/941 1217/2124/1155
f 1217/2124/1155 1003/1938/941 1004/1936/942 1220/2127/1158
f 1220/2127/1158 1004/1936/942 944/1764/882 1056/1763/994
f 1219/2125/1157 1220/2127/1158 1056/1763/994 1057/1762/995
f 1218/2126/1156 1219/2125/1157 1057/1762/995 1058/1760/996
f 990/2129/928 1218/2126/1156 1058/1760/996 939/1759/877
f 991/2130/929 1215/2122/1153 1218/2126/1156 990/2129/928
f 992/2128/930 1212/2119/1150 1215/2122/1153 991/2130/929
